,ground_truth,leiden,spagcn_refined
AAACAAGTATCTCCCA-1,Layer3,0,5
AAACAATCTACTAGCA-1,Layer1,3,4
AAACACCAATAACTGC-1,WM,5,1
AAACAGAGCGACTCCT-1,Layer3,0,3
AAACAGCTTTCAGAAG-1,Layer5,6,2
AAACAGGGTCTATATT-1,Layer6,4,1
AAACAGTGTTCCTGGG-1,WM,4,1
AAACATTTCCCGGATT-1,Layer3,0,3
AAACCCGAACGAAATC-1,Layer2,0,3
AAACCGGGTAGGTACC-1,Layer6,3,4
AAACCGTTCGTCCAGG-1,WM,5,1
AAACCTAAGCAGCCGG-1,Layer4,1,6
AAACCTCATGAAGTTG-1,Layer5,2,2
AAACGAAGAACATACC-1,Layer3,0,3
AAACGAGACGGTTGAT-1,Layer5,6,6
AAACGGGCGTACGGGT-1,Layer3,0,5
AAACGGTTGCGAACTG-1,Layer6,6,2
AAACTCGGTTCGCAAT-1,Layer5,2,2
AAACTCGTGATATAAG-1,Layer2,0,3
AAACTGCTGGCTCCAA-1,Layer6,6,2
AAACTTAATTGCACGC-1,WM,5,1
AAACTTGCAAACGTAT-1,Layer6,2,4
AAAGACATGAAGTTTA-1,Layer2,3,3
AAAGACCCAAGTCGCG-1,Layer3,0,3
AAAGACTGGGCGCTTT-1,Layer3,0,6
AAAGGCCCTATAATAC-1,WM,5,1
AAAGGCTACGGACCAT-1,Layer6,6,2
AAAGGCTCTCGCGCCG-1,Layer6,6,1
AAAGGGATGTAGCAAG-1,Layer5,1,6
AAAGGGCAGCTTGAAT-1,Layer3,2,4
AAAGGTAAGCTGTACC-1,Layer1,3,4
AAAGTAGCATTGCTCA-1,WM,5,1
AAAGTCACTGATGTAA-1,Layer3,1,0
AAAGTCGACCCTCAGT-1,Layer5,6,0
AAAGTGTGATTTATCT-1,Layer4,1,6
AAAGTTGACTCCCGTA-1,Layer4,0,6
AAATAACCATACGGGA-1,Layer3,0,5
AAATAAGGTAGTGCCC-1,Layer2,0,3
AAATACCTATAAGCAT-1,Layer6,1,2
AAATAGCTTAGACTTT-1,Layer3,1,5
AAATAGGGTGCTATTG-1,Layer5,1,6
AAATCCGATACACGCC-1,Layer3,0,6
AAATCGTGTACCACAA-1,Layer6,4,1
AAATCTAGCCCTGCTA-1,Layer3,0,3
AAATGATTCGATCAGC-1,Layer2,0,3
AAATGCTCGTTACGTT-1,Layer3,2,4
AAATGGCATGTCTTGT-1,Layer3,2,2
AAATGGCCCGTGCCCT-1,Layer6,4,1
AAATGGTCAATGTGCC-1,Layer6,2,4
AAATGTGGGTGCTCCT-1,Layer1,3,4
AAATTAACGGGTAGCT-1,Layer6,6,2
AAATTACACGACTCTG-1,Layer3,2,6
AAATTACCTATCGATG-1,Layer4,0,6
AAATTGATAGTCCTTT-1,WM,5,1
AAATTGCGGCGGTTCT-1,Layer1,3,4
AAATTTACCGAAATCC-1,Layer3,0,3
AAATTTGCGGGTGTGG-1,WM,4,1
AACAACTGGTAGTTGC-1,Layer5,2,0
AACAATACATTGTCGA-1,WM,5,1
AACAATTACTCTACGC-1,Layer4,2,4
AACACACGCTCGCCGC-1,Layer4,0,5
AACACGACTGTACTGA-1,Layer3,0,0
AACACGAGACGCGGCC-1,Layer6,4,4
AACACGCGGCCGCGAA-1,Layer1,3,4
AACAGCTGTGTGGCAA-1,WM,5,1
AACAGGAAATCGAATA-1,Layer3,2,0
AACAGGATGGGCCGCG-1,Layer5,1,0
AACAGGTAGTATGGAT-1,Layer2,0,3
AACATATCAACTGGTG-1,Layer3,2,6
AACATCGATACGTCTA-1,Layer2,3,2
AACATTGAAGTTGATC-1,WM,5,1
AACATTGGTCAGCCGT-1,Layer1,3,4
AACATTGTGACTCGAG-1,Layer6,4,1
AACCAAGACTTCTCTG-1,Layer5,2,2
AACCAGTATCACTCTT-1,Layer3,3,3
AACCATAGGGTTGAAC-1,WM,5,1
AACCATGGGATCGCTA-1,Layer2,2,0
AACCCAGAGACGGAGA-1,Layer3,0,5
AACCCATCCCATGATC-1,WM,4,1
AACCCGACAACCCGTG-1,WM,4,1
AACCCGAGCAGAATCG-1,Layer2,0,3
AACCCTACTGTCAATA-1,Layer4,1,5
AACCCTGGTGGAACCA-1,Layer3,0,6
AACCGAGCTTGGTCAT-1,Layer5,2,2
AACCGCTAAGGGATGC-1,Layer4,0,6
AACCGTTGTGTTTGCT-1,Layer3,0,6
AACCTAAAGCCGTCCG-1,Layer2,0,3
AACCTCGCTTTAGCCC-1,Layer4,1,6
AACCTTTAAATACGGT-1,Layer6,6,2
AACCTTTACGACGTCT-1,Layer3,2,0
AACGAAAGTCGTCCCA-1,WM,5,1
AACGATAATGCCGTAG-1,Layer6,6,2
AACGATAGAAGGGCCG-1,Layer3,0,0
AACGATATGTCAACTG-1,Layer5,1,0
AACGCATGATCTGGGT-1,Layer3,0,3
AACGCGACCTTGGGCG-1,Layer6,4,2
AACGCGGTCTCCAGCC-1,Layer5,0,0
AACGCTGTTGCTGAAA-1,Layer3,0,5
AACGGACGTACGTATA-1,Layer4,0,6
AACGGCCATCTCCGGT-1,WM,5,1
AACGTACTGTGGGTAC-1,WM,5,1
AACGTAGTCTACCCAT-1,Layer1,3,4
AACGTCAGACTAGTGG-1,Layer5,2,0
AACGTGATGAAGGACA-1,Layer3,0,5
AACGTGCGAAAGTCTC-1,Layer6,6,2
AACTACCCGTTTGTCA-1,Layer3,0,3
AACTAGCGTATCGCAC-1,Layer1,3,4
AACTAGGCTTGGGTGT-1,Layer6,2,4
AACTCAAGTTAATTGC-1,Layer6,3,4
AACTCCAGAGCGTGTT-1,Layer3,2,5
AACTCCTAATCCCATG-1,Layer3,0,5
AACTCGATAAACACGT-1,Layer1,3,4
AACTCGATGGCGCAGT-1,Layer1,3,4
AACTCTCAATAGAGCG-1,Layer4,0,6
AACTCTCAGTGTGCTC-1,WM,5,1
AACTGATATTAGGCCT-1,Layer4,2,6
AACTGGGTCCCGACGT-1,Layer5,1,6
AACTGGGTTCGAGCCG-1,Layer3,0,3
AACTGGTGTGGGCCTT-1,Layer2,0,3
AACTTCTGCGTCTATC-1,Layer3,2,4
AACTTGCCCGTATGCA-1,Layer5,1,2
AACTTGCGTTCTCGCG-1,Layer2,3,4
AACTTTAGCTGCTGAG-1,Layer1,3,4
AAGAAGGATCAGTTAG-1,Layer2,0,4
AAGACCAAATAACTCA-1,WM,5,1
AAGACCCAACTGAACA-1,Layer6,6,2
AAGACTAACCCGTTGT-1,Layer1,3,4
AAGACTCACGCCCACT-1,Layer2,0,3
AAGACTGCAAGCTACT-1,Layer6,4,2
AAGAGATGAATCGGTA-1,Layer4,2,4
AAGAGCTCTTTATCGG-1,Layer6,6,2
AAGAGGATGTACGCGA-1,Layer6,6,2
AAGAGGCATGGATCGC-1,Layer5,6,6
AAGAGGCCCTTTGGAA-1,Layer3,0,3
AAGATGGCACCGGACC-1,WM,5,1
AAGATTGGCGGAACGT-1,Layer4,1,6
AAGCACCCTGCGTATC-1,Layer5,1,2
AAGCATACTCTCCTGA-1,Layer6,6,5
AAGCCGAAGCGGTTTA-1,Layer3,0,3
AAGCCGCCGTGAAATC-1,WM,5,1
AAGCGCAGGGCTTTGA-1,Layer5,2,0
AAGCGGCGTCATGGGT-1,Layer3,0,3
AAGCGTCCCTCATCGA-1,WM,4,1
AAGCTAGATCGAGTAA-1,Layer6,6,2
AAGCTCGTGCCAAGTC-1,Layer6,6,2
AAGCTCTTTCATGGTG-1,Layer5,1,6
AAGGAGAACTTATAAG-1,Layer1,3,4
AAGGAGCGGTTGGTGC-1,Layer5,2,0
AAGGATCGATCGCTTG-1,Layer3,0,3
AAGGATGAGGGACCTC-1,Layer5,1,6
AAGGCAGGCTGTCTCC-1,Layer2,0,3
AAGGCGCGTAAAGCTT-1,Layer4,2,0
AAGGCTGTGCTCATCG-1,Layer5,4,2
AAGGGAACGACTGGCT-1,WM,5,1
AAGGGACAGATTCTGT-1,Layer4,0,6
AAGGGACTATGCATTC-1,WM,5,1
AAGGTATCCTAATATA-1,Layer5,1,6
AAGGTGATAAACCAGC-1,Layer5,0,6
AAGTAAGCTTCCAAAC-1,Layer1,0,0
AAGTAGAAGACCGGGT-1,Layer4,0,6
AAGTAGTGACGCGAGG-1,Layer5,2,2
AAGTCAATTGTCGTCA-1,Layer3,0,5
AAGTGACGACCGAATT-1,Layer6,2,4
AAGTGAGTCGGGTTTA-1,WM,4,1
AAGTGCAAAGGTAGAC-1,Layer3,2,0
AAGTGCCTTGACTGTA-1,Layer3,0,3
AAGTGCGTTAGAATCT-1,WM,5,1
AAGTGCTTCTCTATTG-1,WM,4,1
AAGTGTTTGGAGACGG-1,Layer5,1,6
AAGTTCACTCCAAGCT-1,Layer4,0,6
AAGTTCAGTCTGCGTA-1,Layer3,0,3
AAGTTCGGCCAACAGG-1,WM,5,1
AAGTTTACTAATGGCA-1,Layer2,0,3
AAGTTTATGGGCCCAA-1,Layer5,1,2
AATAACAACGCTCGGC-1,Layer5,1,2
AATAACACTAGAACAA-1,WM,5,1
AATAAGTCCTCGAGAC-1,Layer3,2,3
AATACAATGTTTCAGG-1,Layer3,3,4
AATACCGGAGGGCTGT-1,WM,5,1
AATAGAACAGAGTGGC-1,WM,5,1
AATAGAATCTGTTTCA-1,Layer5,1,5
AATAGCTACCGCGTGC-1,Layer2,0,3
AATAGTCCGTCCCGAC-1,Layer6,3,4
AATATCAAGGTCGGAT-1,Layer1,3,4
AATATCGAATCAATGC-1,Layer3,0,3
AATATCGAGGGTTCTC-1,Layer3,2,6
AATATTGGAGTATTGA-1,Layer5,1,2
AATCAGACTGCAGGAC-1,Layer1,3,4
AATCATGTAAAGACTC-1,Layer3,0,5
AATCCAAGGGCCTGAG-1,Layer3,0,0
AATCCATGCAAGGGTG-1,Layer1,3,4
AATCGCCTCAGCGCCA-1,Layer5,1,6
AATCGCGCAGAGGACT-1,Layer2,0,3
AATCGGGACACTACGA-1,Layer3,0,2
AATCGTGAGCCGAGCA-1,Layer3,2,5
AATCTAGGTTTACTTG-1,WM,5,1
AATCTATGCCGGAGCC-1,Layer3,0,3
AATCTCTACTGTGGTT-1,Layer5,2,2
AATCTGCGTTGGGACG-1,Layer4,1,6
AATCTGGCTTTCTAGT-1,WM,5,1
AATCTGGGTAGACCCT-1,Layer3,0,3
AATGACAGCAATGTCT-1,WM,4,1
AATGACGTAGGATGTC-1,Layer5,6,2
AATGACTGTCAGCCGG-1,Layer5,1,6
AATGAGTTCGCATATG-1,Layer2,3,4
AATGATGATACGCTAT-1,Layer4,0,6
AATGATGCGACTCCTG-1,Layer3,0,6
AATGCAACCGGGTACC-1,Layer5,6,2
AATGCACCAAGCAATG-1,Layer3,0,6
AATGGTCCACCGTTCA-1,Layer3,2,4
AATGGTTCTCACAAGC-1,Layer3,0,0
AATGTATGGCACTGTA-1,WM,4,1
AATGTGCCCGAGGTGT-1,WM,5,1
AATGTGCTAATCTGAG-1,WM,5,1
AATTAAAGGTCGGCGT-1,Layer6,4,2
AATTAACGGATTTCCA-1,Layer6,6,2
AATTACGAGACCCATC-1,WM,4,1
AATTACTCGTACGCTC-1,Layer1,3,4
AATTAGCGCTGCAGCG-1,Layer6,6,2
AATTCATAAGGGATCT-1,Layer4,1,6
AATTCATTGTCATGCA-1,WM,5,1
AATTCCAAGCATGTAC-1,Layer6,6,2
AATTCGATTCGAGGAT-1,Layer5,1,0
AATTCTAGAGTTAGGC-1,Layer6,6,2
AATTGAACGCTCTGGT-1,Layer5,1,6
AATTGCAGCAATCGAC-1,Layer3,0,3
AATTGCGTGGATTACA-1,WM,5,1
AATTTGGGACATAGTA-1,Layer3,0,6
AATTTGGTTCCAAAGA-1,Layer3,0,6
ACAAACCATGCGTCCT-1,WM,5,1
ACAAACCGACAAGGCG-1,Layer2,0,3
ACAAAGCATGACCTAG-1,Layer3,0,3
ACAAATCGCACCGAAT-1,Layer5,1,6
ACAAATGGTAGTGTTT-1,Layer5,1,6
ACAAATTCAGATCTGA-1,Layer1,3,2
ACAACAGCATGAGCTA-1,Layer6,6,2
ACAACGGTCCCTGCGA-1,Layer3,2,0
ACAAGCAGTGCCTAGC-1,Layer5,1,2
ACAAGGAAATCCGCCC-1,Layer5,6,5
ACAAGGACAAGAGGTT-1,Layer5,6,4
ACAAGGATGCTTTAGG-1,Layer3,0,0
ACAAGGGCAGGCTCTG-1,Layer6,1,2
ACAATAGTCGTACGTT-1,Layer6,6,2
ACAATCCATTTAAACC-1,Layer5,6,2
ACAATCGATCTTTATA-1,Layer1,3,4
ACAATGAATACGGAGA-1,WM,5,1
ACAATTGTGTCTCTTT-1,Layer3,1,5
ACAATTTGAGCAGTGG-1,Layer5,1,6
ACACAAAGACGGGTGG-1,Layer5,2,2
ACACACCAGGACCAGT-1,Layer5,1,6
ACACACTTTCTACACG-1,Layer3,0,0
ACACATGATCAAATCT-1,WM,5,1
ACACATTGACGCAACA-1,Layer1,3,4
ACACCCAGCATGCAGC-1,Layer5,2,6
ACACCCGAGAAATCCG-1,Layer3,0,0
ACACCGGTCTGACCGC-1,WM,5,1
ACACCTTAAGTAGGGC-1,Layer5,1,0
ACACCTTACTACTTGC-1,Layer3,0,3
ACACGAGACTCCTTCT-1,Layer6,6,2
ACACGGCACTATGCAT-1,Layer3,0,0
ACACGGGAACTTAGGG-1,Layer6,6,2
ACACGTAGGCCACAAG-1,Layer3,0,3
ACACTCCAATGTCACT-1,Layer2,0,3
ACACTGATCAAGGTGT-1,WM,4,1
ACACTGGGACAGTCGT-1,Layer2,3,4
ACAGAACTGAGAACAA-1,WM,5,1
ACAGATTAGGTTAGTG-1,Layer3,0,3
ACAGCATAGAGCCAGT-1,Layer3,0,0
ACAGCGACATTCTCAT-1,Layer3,0,3
ACAGCGCACCCGCAGC-1,Layer3,2,0
ACAGGCTTGCCCGACT-1,Layer5,1,6
ACAGGTGGAGGTGAGG-1,WM,4,1
ACAGTAATACAACTTG-1,Layer6,4,4
ACATAAGTCGTGGTGA-1,WM,5,1
ACATAATAAGGCGGTG-1,Layer5,2,2
ACATCAGCTGGGACGC-1,Layer4,2,0
ACATCCCGGCCATACG-1,Layer6,4,1
ACATCCTGGTAACTGT-1,Layer3,0,5
ACATCGATCGTTTACC-1,Layer6,3,4
ACATCGGTCAGCCGCG-1,Layer6,3,4
ACATCGTATGCAATGG-1,Layer5,1,6
ACATCGTTAACCTAGT-1,Layer3,0,5
ACATCTCAACGCGTAA-1,Layer3,0,3
ACATGGCGCCAAAGTA-1,Layer3,0,3
ACATGGCTCAATTTAG-1,Layer1,3,4
ACATTAGTTTATATCC-1,Layer6,6,4
ACCAAACTAGAAATCC-1,Layer3,0,3
ACCAACACCACACACT-1,Layer2,0,3
ACCAACCGCACTCCAC-1,Layer3,0,0
ACCAACGCTTATTTAT-1,WM,5,1
ACCAAGAACGCGTGTC-1,Layer4,0,6
ACCAATATGCAAGTTA-1,Layer5,1,2
ACCACAACTCAGAACA-1,Layer3,0,3
ACCACAAGTTTCTATC-1,Layer6,6,2
ACCACCAATGTAACAA-1,Layer3,0,3
ACCACGTGCAGCTATA-1,Layer5,2,0
ACCACTGTTCAAGAAG-1,Layer1,3,4
ACCAGCCCGGTCTTTG-1,Layer3,0,3
ACCAGGAGTGTGATCT-1,Layer1,3,4
ACCAGTGCCCGGTCAA-1,Layer2,0,3
ACCAGTGCGGGAGACG-1,Layer4,2,5
ACCATATCCGCAATAA-1,Layer6,4,2
ACCATCCGCCAACTAG-1,Layer5,6,2
ACCATCGTATATGGTA-1,Layer6,4,1
ACCCAACGCCCGTGGC-1,Layer5,1,6
ACCCACCTACATGCTC-1,Layer3,2,4
ACCCATCTTGAGGGTA-1,Layer6,6,2
ACCCATTTGTCCCTCT-1,Layer3,0,3
ACCCGAGCGAAATTAC-1,WM,5,1
ACCCGGAAACTCCCAG-1,Layer6,6,2
ACCCGGATGACGCATC-1,Layer3,0,6
ACCCGGTTACACTTCC-1,Layer6,3,1
ACCCGTGTCATCAGTA-1,Layer6,6,2
ACCCTATAGGACTGAG-1,Layer1,3,4
ACCCTATGCCATATCG-1,WM,5,1
ACCCTCCCTTGCTATT-1,Layer5,1,6
ACCCTTCATCTGCGAA-1,Layer3,2,6
ACCCTTTAGTTCTCCA-1,Layer3,0,3
ACCGAAAGGGCCCTGC-1,Layer3,0,2
ACCGAAGAGTCTGGTT-1,WM,5,1
ACCGACACATCTCCCA-1,Layer6,1,2
ACCGACTGAGTCCCAC-1,Layer6,1,2
ACCGATGGTAGCATCG-1,Layer5,1,6
ACCGCAATAACTGCCT-1,Layer5,1,0
ACCGCGGTGGAAGTCG-1,Layer3,0,3
ACCGGGCCTTTGTTGA-1,Layer3,0,6
ACCGGTCAGGTACACC-1,WM,5,1
ACCGGTCTGAGTACGG-1,Layer1,3,4
ACCGTCCACTGGGCCC-1,WM,5,1
ACCGTGACCACGTGGG-1,WM,4,1
ACCGTTCCCGCTCTGA-1,Layer3,0,3
ACCTAAGTACCTTTCA-1,WM,5,1
ACCTAATCGACTTCCT-1,Layer5,6,0
ACCTACAGTATGTGGT-1,Layer3,0,3
ACCTACTATAAATCTA-1,Layer6,4,2
ACCTCCGCCCTCGCTG-1,Layer3,0,3
ACCTCCGTTATTCACC-1,Layer3,0,3
ACCTCGAACTTATGCT-1,WM,5,1
ACCTGCGTGTCATGTT-1,Layer6,6,4
ACCTTTCCTTTAGAAG-1,Layer1,3,4
ACGAAATGGGCGGCAC-1,Layer5,1,0
ACGACTGGTCATACTC-1,WM,5,1
ACGAGAACCCATCACG-1,Layer1,3,4
ACGAGATATTTGCTTA-1,Layer3,2,0
ACGAGGATACCACTCT-1,Layer6,5,1
ACGAGGTTTACAACGT-1,WM,5,1
ACGAGTACGGATGCCC-1,Layer3,0,6
ACGATACATAGAACTA-1,Layer5,1,6
ACGATCATACATAGAG-1,Layer5,2,2
ACGATCATCTTGTAAA-1,Layer3,0,5
ACGATGCATATGTTAT-1,Layer6,3,4
ACGATGGATCCGATGC-1,Layer3,0,6
ACGCAAACTAATAGAT-1,WM,4,1
ACGCAATCACTACAGC-1,Layer3,0,3
ACGCATACGTTTACTA-1,Layer3,0,3
ACGCATTCGTGAGTAC-1,Layer6,3,4
ACGCCAGATGATTTCT-1,Layer4,1,6
ACGCCCAGCTGTCGAT-1,Layer3,0,3
ACGCCGCTAGACGACC-1,Layer6,2,2
ACGCGAAGTCAGACGA-1,Layer6,4,4
ACGCGCTACACAGGGT-1,Layer6,6,4
ACGCGGGCCAAGGACA-1,Layer6,2,4
ACGCTAGTGATACACT-1,Layer3,0,6
ACGCTGTGAGGCGTAG-1,Layer5,1,0
ACGCTTAGTGTCTCTC-1,Layer3,0,3
ACGGAATTTAGCAAAT-1,Layer3,3,4
ACGGACTCTCAAAGCG-1,Layer5,1,0
ACGGAGCGCAAATTAC-1,Layer3,0,3
ACGGATGGTGCGGATA-1,Layer5,1,6
ACGGCACTTGCTTGGG-1,Layer6,3,4
ACGGCCAACATGGACT-1,Layer6,4,1
ACGGCGACGATGGGAA-1,Layer5,1,6
ACGGCGGGTTGCCCTG-1,Layer1,3,4
ACGGCTGGATGTAGAA-1,WM,5,1
ACGGGAGTGTCGGCCC-1,Layer6,5,1
ACGGGTCATGTGACTT-1,Layer1,0,4
ACGTACAGATTTCTCT-1,Layer3,2,6
ACGTAGATTGCTGATG-1,Layer6,2,2
ACGTATTACTCCGATC-1,Layer3,0,6
ACGTCCTAAACGAGAT-1,Layer1,3,4
ACGTGCGCCTCGTGCA-1,Layer4,2,0
ACGTGGTCGAATGTGC-1,Layer3,0,3
ACGTTAATGTCGAAGA-1,Layer6,6,2
ACGTTAGATTTGCCCG-1,Layer6,6,4
ACGTTCCGCGCTCCGT-1,Layer3,0,3
ACGTTCGCAATCAATT-1,Layer2,0,3
ACGTTCGTTCAGGAAA-1,WM,4,1
ACGTTCTGTACAAGTC-1,Layer3,0,0
ACGTTTAGTTGTGATC-1,Layer3,2,0
ACTAATACGTCAGGCG-1,Layer2,0,3
ACTACATCCCGACAAG-1,WM,5,1
ACTACCAGCTCTCTGG-1,Layer5,2,0
ACTACGCGTTAGAATT-1,Layer6,3,4
ACTAGTTGCGATCGTC-1,Layer3,0,3
ACTATATGCTGTGTTC-1,Layer2,0,3
ACTATCCAGGGCATGG-1,Layer3,0,3
ACTATCTGCCCGCGTA-1,Layer2,0,3
ACTATGTCCAGCTGCC-1,WM,5,1
ACTATTCGTCCGTGGT-1,Layer3,2,6
ACTATTTCCGGGCCCA-1,WM,5,1
ACTCAACGAATGTATT-1,Layer1,3,4
ACTCAAGTGCAAGGCT-1,Layer4,0,6
ACTCAATAAAGGCACG-1,Layer5,1,0
ACTCAGACCTGCTTCT-1,Layer2,0,2
ACTCATGGCAGCCTTC-1,WM,5,1
ACTCCAATATCATCAT-1,WM,5,1
ACTCCCATTCCTAAAG-1,Layer6,0,2
ACTCCCGAATTCGTTT-1,Layer3,2,6
ACTCCCTAATGCTAAA-1,Layer6,1,2
ACTCCCTAGAATAGTA-1,Layer6,6,5
ACTCGTAACCCGTCCT-1,WM,4,1
ACTCGTCAGTAATCCC-1,Layer5,1,2
ACTCTCTGACTTAGGT-1,Layer5,1,2
ACTCTCTTATACACGA-1,Layer3,0,3
ACTCTTGTATAGTAAC-1,Layer6,6,2
ACTGAAACGCCGTTAG-1,Layer3,0,5
ACTGAATGGCGAAAGT-1,Layer5,2,6
ACTGATTTAGTGATTC-1,Layer3,0,3
ACTGCCCGCCATTCTC-1,WM,4,1
ACTGCCGTCGTAACTC-1,Layer4,2,0
ACTGCTCGGAAGGATG-1,WM,5,1
ACTGTACGATACACAT-1,Layer5,1,5
ACTGTAGCACTTTGGA-1,Layer5,2,0
ACTGTATACGCGAGCA-1,Layer2,3,2
ACTGTCCAGGATTATA-1,Layer6,4,2
ACTGTCTTCTTTAGAA-1,Layer6,2,2
ACTGTGCTAGTAGATC-1,Layer2,0,3
ACTGTTTAGTGTAGGC-1,Layer1,3,4
ACTTACCGGGCGCGCA-1,Layer3,0,3
ACTTACGCATCCACGC-1,Layer5,1,6
ACTTAGTACGACAAGA-1,Layer3,0,3
ACTTATACTTACCCGG-1,Layer5,1,6
ACTTATCTGATCTATA-1,Layer1,3,4
ACTTATTAGGATCGGT-1,Layer6,2,2
ACTTATTTATGTGCCA-1,Layer5,0,6
ACTTCAGGCTGATCCC-1,Layer5,1,5
ACTTCCATGCGGGACA-1,Layer4,1,5
ACTTCGCCATACGCAC-1,Layer5,1,0
ACTTGACTCCCTCTTT-1,Layer6,6,2
ACTTGCCATATTGTAC-1,Layer1,0,3
ACTTGGGACCCGGTGG-1,Layer5,6,2
ACTTGTAGTCCCTTCA-1,Layer5,6,2
ACTTGTGGATGGAACG-1,Layer3,0,3
ACTTTACCCTCATGAA-1,Layer3,0,3
ACTTTCCTATAGCTTC-1,Layer6,6,2
ACTTTGACTGCATCCT-1,Layer5,1,2
ACTTTGGTCGTGCTCC-1,WM,5,1
AGAAATTATGACTCGC-1,Layer2,3,4
AGAACCCTCAATTGGG-1,WM,4,1
AGAACGTGGTACATTC-1,Layer5,6,2
AGAAGGTACACTTCAC-1,WM,5,1
AGAAGGTTGCCGAATT-1,Layer6,4,1
AGAAGGTTGTAGGTCG-1,Layer5,1,6
AGAAGTGATTCGTGAT-1,WM,4,1
AGAATAAATCTTCAGG-1,Layer5,2,2
AGAATGCGGGTTCGGA-1,Layer1,3,4
AGAATTATGGATTCGA-1,Layer3,0,6
AGAATTGTTTGACATA-1,Layer3,0,4
AGACATAGATCCTTCC-1,Layer2,0,3
AGACCAAACCACACCT-1,Layer6,4,4
AGACCATGGGATACAA-1,Layer3,2,0
AGACCCACCGCTGATC-1,Layer6,2,2
AGACCCGCCCTCCTCG-1,Layer5,1,2
AGACCGCTCCGCGGTT-1,Layer3,0,3
AGACCGGGAAACCCTG-1,Layer5,6,2
AGACGAAGTGCCGGTC-1,Layer3,0,6
AGACGACGATGCCGCT-1,WM,5,1
AGACGGGATTGGTATA-1,Layer2,0,3
AGACGGGCCGATTTAA-1,Layer2,0,3
AGACTAGCCTTCCAGA-1,Layer5,1,2
AGACTGTTACCGGGTC-1,WM,5,1
AGAGAAACACCAGAAA-1,WM,5,1
AGAGAACCGTCTAGGA-1,Layer5,1,6
AGAGAAGGAGTACAAT-1,WM,5,1
AGAGATCTCTAAAGCG-1,Layer5,6,2
AGAGCAGTTATGAGAC-1,Layer4,0,0
AGAGCCGCCGAGATTT-1,Layer2,0,3
AGAGCGGGCTAATCAT-1,Layer4,2,0
AGAGCGTACAAGCTCG-1,Layer3,2,0
AGAGGCTTCGGAAACC-1,Layer3,0,5
AGAGGTATCTCGGTCC-1,Layer1,3,4
AGAGTAAACTTCACTA-1,Layer3,0,3
AGAGTTAGAGACCGAT-1,Layer2,0,3
AGATAACTTCAGGGCC-1,Layer5,6,2
AGATACCGGTGTTCAC-1,Layer6,3,4
AGATACGACTTCATAT-1,Layer3,0,4
AGATACTCAAGATCGA-1,Layer5,1,6
AGATATAATACGACTA-1,Layer5,1,2
AGATCGTGCATAAGAT-1,Layer3,2,6
AGATCTCAGGTGTGAT-1,Layer6,2,4
AGATGACTCGCCCACG-1,Layer5,2,0
AGATGAGGGTTGCGAT-1,Layer3,0,3
AGATGATGGAGTCTGG-1,Layer3,0,6
AGATGCAAGACGTGCA-1,WM,5,1
AGATGCTATAACGAGC-1,Layer1,3,4
AGATTATAGGACGTTT-1,Layer6,6,4
AGATTCACAACCGATA-1,WM,5,1
AGCAAAGGCCGCTAGT-1,Layer5,2,2
AGCAACATATCTTATT-1,Layer4,1,6
AGCAACCGAAAGTAAT-1,WM,5,1
AGCACACGTTTAGACT-1,WM,5,1
AGCACCAGTACTCACG-1,Layer6,6,2
AGCACTACCGGCCTGT-1,Layer5,1,2
AGCACTACCTCACCAG-1,Layer5,2,6
AGCACTTAAGGACGCC-1,Layer5,1,2
AGCAGAAGGAGAAAGA-1,Layer6,6,2
AGCAGCCAGATGAATA-1,Layer6,3,4
AGCATATCAATATGCT-1,Layer3,1,5
AGCATCATTTCGAAAG-1,WM,5,1
AGCATCGTCGATAATT-1,Layer5,1,0
AGCCAAGCTTTGTGTC-1,Layer6,2,2
AGCCACAGGTTACCCG-1,Layer3,0,6
AGCCACTCCCGTGCTT-1,Layer5,1,6
AGCCCATACATGTAAG-1,Layer6,2,4
AGCCCGGCATTAGAGG-1,WM,5,1
AGCCCGGTAGCCTGTA-1,Layer6,5,1
AGCCCTAAGCGAAGTT-1,Layer3,1,6
AGCCCTCCCTGGTGGC-1,WM,5,1
AGCCCTTCTAATCCGA-1,Layer3,0,3
AGCCGTGGCTAAATGT-1,WM,4,1
AGCCTAATACCCACGT-1,Layer6,5,1
AGCCTTAAAGCGGAAG-1,Layer3,2,3
AGCGACAGGAACGGTC-1,WM,5,1
AGCGACATCCCATTCA-1,Layer4,2,6
AGCGACCAACGATATT-1,Layer5,2,2
AGCGAGACGTGAAGGC-1,WM,5,1
AGCGATGCGCCTAATA-1,Layer3,0,3
AGCGCATAATGAATCG-1,Layer6,4,2
AGCGCGGGTGCCAATG-1,Layer4,2,6
AGCGCTTATGGGCAAG-1,Layer3,0,3
AGCGGACACTTCGTAG-1,Layer6,6,4
AGCGGCGGTTAGCGGT-1,Layer6,5,1
AGCGGGAAGGGTCCAT-1,Layer3,0,4
AGCGGGTCTGACACTC-1,Layer6,6,5
AGCGGTTGAGATGTAC-1,Layer2,0,3
AGCGTAGCGCTAGACC-1,Layer1,3,4
AGCGTCTGAACCCGCA-1,Layer1,3,4
AGCGTGGTATTCTACT-1,Layer6,2,2
AGCGTTCCGATTTAAA-1,Layer3,0,3
AGCTAACAAGCAATGT-1,WM,5,1
AGCTAAGTACGCAGGC-1,Layer3,0,5
AGCTAGAAGCAGAAGT-1,Layer3,2,6
AGCTATTTAATCCAAC-1,Layer4,1,6
AGCTCCATATATGTTC-1,Layer3,0,3
AGCTCCTTCGCACATC-1,Layer5,1,6
AGCTCTAGACGTTCCA-1,Layer6,6,2
AGCTCTTCCCAGTGCA-1,Layer4,2,0
AGCTCTTCGTAACCTT-1,Layer3,0,3
AGCTCTTTACTCAGTT-1,Layer6,4,1
AGCTGAAGTAAACCAA-1,Layer5,2,6
AGCTGTAACCTCAATC-1,WM,5,1
AGCTTATAGAGACCTG-1,Layer1,3,4
AGCTTCAATACTTTGA-1,Layer2,0,3
AGCTTGATCTTAACTT-1,Layer6,2,2
AGGAAAGCCTCTGATG-1,Layer1,3,4
AGGAAGCTGTCCGCCG-1,Layer6,1,2
AGGACAGTCGAATCCC-1,Layer5,1,6
AGGACATCGCACGTCG-1,Layer3,0,0
AGGACGACCCATTAGA-1,WM,5,1
AGGACGCTCGATGTTG-1,Layer3,2,3
AGGAGGCCTTCGCGCG-1,Layer3,0,5
AGGATAAAGTCGGGAT-1,Layer6,2,4
AGGATATAGGGATTTA-1,Layer4,0,6
AGGATCACGCGATCTG-1,Layer6,4,1
AGGCAAAGAGGAATCA-1,Layer1,3,4
AGGCACGTGACTGTCC-1,Layer2,3,4
AGGCAGATGCGTAAAC-1,Layer5,1,6
AGGCAGGGAGCGTACT-1,WM,4,1
AGGCATTGTCGTAGGG-1,Layer3,2,5
AGGCCACCCGTTATGA-1,Layer5,2,4
AGGCCCATTGTACAGG-1,Layer3,2,0
AGGCCCTAGAACGCCA-1,Layer6,4,1
AGGCCTGAGAATCTCG-1,Layer3,0,5
AGGCGGTTTGTCCCGC-1,WM,5,1
AGGCGTCTATGGACGG-1,Layer2,3,4
AGGCTATGGTTAGCTT-1,Layer4,3,4
AGGCTTCCCGAAGAAG-1,WM,5,1
AGGCTTGCTAGACACC-1,Layer3,2,4
AGGGAAACGAGGTACT-1,Layer3,0,6
AGGGACCGGCTGCGTT-1,Layer3,0,3
AGGGACTCTACGCGAC-1,Layer6,2,1
AGGGAGACATACTTCG-1,Layer2,0,3
AGGGCAGCGGCGTGGT-1,Layer3,0,6
AGGGCGAGCAGCTGAT-1,Layer6,2,4
AGGGCGTGATCGGCTA-1,Layer3,0,0
AGGGCTGCAGTTACAG-1,Layer6,2,2
AGGGTCAGAGCACTCG-1,WM,4,1
AGGGTCGATGCGAACT-1,Layer3,0,6
AGGGTGCCGTTCTTTA-1,WM,5,1
AGGGTGCTCTCGAGGG-1,Layer5,1,6
AGGGTGGATAGTGCAT-1,Layer3,2,0
AGGGTTCCCTTTGGTT-1,Layer5,1,6
AGGGTTTAGTTCGGGA-1,Layer6,3,4
AGGTAACCTCCTATTC-1,Layer3,0,0
AGGTACGATATTGCCA-1,Layer3,2,0
AGGTAGATCGAGATAT-1,WM,5,1
AGGTAGGTACAAAGCT-1,Layer5,1,2
AGGTATAATTGATAGT-1,Layer3,0,3
AGGTCAGGTGAGAGTG-1,Layer6,4,2
AGGTCGCCACTTCGGT-1,Layer1,3,4
AGGTCGCGGAGTTACT-1,Layer3,0,6
AGGTGGTGACCTTCGC-1,Layer6,3,2
AGGTGTATCGCCATGA-1,Layer5,1,6
AGGTTACACCATGCCG-1,Layer2,0,3
AGGTTCTCCTTTCCGG-1,WM,5,1
AGGTTGAGGCACGCTT-1,Layer5,1,0
AGGTTTCACACACCTT-1,Layer6,3,4
AGTAACGTTCATCCTG-1,Layer3,0,3
AGTAATGTCTTGCCGC-1,Layer4,1,0
AGTAATTTGCAAGCGT-1,WM,5,1
AGTACATCATTTATCA-1,Layer3,0,3
AGTACCTTCGAGTGCT-1,Layer1,3,4
AGTACGGCCCGTATCG-1,Layer5,1,0
AGTACGGGCACCTGGC-1,Layer5,1,6
AGTACGTGGCCTGTCT-1,Layer3,2,3
AGTACTCTTATGCCCA-1,Layer4,0,6
AGTAGAAGGCGCCTCA-1,Layer6,4,1
AGTAGCGTGAACGAAC-1,Layer3,0,3
AGTAGCTAGACGCCGA-1,Layer1,3,4
AGTAGGAAGGAAGTTG-1,Layer3,0,5
AGTAGGTAACATACAT-1,Layer3,0,5
AGTATAATACTAGGCA-1,Layer4,1,6
AGTATACACAGCGACA-1,Layer6,4,1
AGTATCCATAATAACG-1,Layer1,3,4
AGTATGCTGGAGACCA-1,WM,5,1
AGTATTTGGCACGACC-1,Layer6,4,1
AGTCAAATGATGTGAT-1,WM,5,1
AGTCAACACCACCATC-1,Layer6,4,1
AGTCAAGATGACACTT-1,Layer5,1,0
AGTCACTAGCTCTCGA-1,Layer3,0,6
AGTCACTCCGCCTCAT-1,Layer1,3,4
AGTCAGCCACCGCCTG-1,Layer3,2,4
AGTCCAGCGGGTACGT-1,Layer1,3,4
AGTCCATTGGCTGATG-1,Layer3,0,6
AGTCCCGCCTTTAATT-1,Layer3,2,5
AGTCGACGGTCTCAAG-1,Layer5,1,6
AGTCGGCCCAAACGAC-1,Layer5,1,0
AGTCGGCTCAACTTTA-1,Layer6,4,1
AGTCGGTTGCGTGAGA-1,Layer3,0,3
AGTCGTATAAAGCAGA-1,Layer4,1,5
AGTCGTCGACCACCAA-1,Layer3,0,6
AGTCGTGGGCATTACG-1,WM,5,1
AGTCTAAAGTATACTC-1,Layer3,0,3
AGTCTCACAAGACTAC-1,WM,5,1
AGTCTGGACATCCTTG-1,Layer3,3,4
AGTCTTCTCCTCAAAT-1,Layer5,0,0
AGTCTTTAAAGTGTCC-1,Layer5,1,0
AGTGAACAAACTTCTC-1,Layer3,0,5
AGTGACCTACTTTACG-1,WM,5,1
AGTGACTGTGACACAA-1,WM,4,1
AGTGAGACTTCCAGTA-1,Layer5,1,6
AGTGAGCCTCGCCGCC-1,Layer3,0,6
AGTGAGGGTTTCTGAC-1,Layer3,0,3
AGTGATAACCTGCGCG-1,Layer3,0,6
AGTGATATGAGTAGTT-1,WM,4,1
AGTGATTCAAGCAGGA-1,Layer5,1,6
AGTGCACGCTTAAGAA-1,Layer3,0,5
AGTGCGTAGCTCGTAA-1,WM,4,1
AGTGCTAAACACAGCA-1,Layer3,0,5
AGTGCTTGCACGAATA-1,Layer5,1,6
AGTGGCGGCAATTTGA-1,Layer4,0,6
AGTGGCGTCTGAAGGT-1,Layer3,1,5
AGTGGCTCCGTCGGCC-1,Layer5,2,2
AGTGGTGTTACCCGTG-1,Layer6,6,2
AGTGTATTGCGCATTG-1,Layer3,0,6
AGTGTGCTAAGATCGC-1,Layer1,3,4
AGTGTGGTCTATTGTG-1,Layer3,2,4
AGTTAAACACTTGCGA-1,Layer6,4,1
AGTTAAGCGGTCCCGG-1,Layer4,2,6
AGTTAAGTCAACCGCT-1,WM,5,1
AGTTACCGCACATGGT-1,Layer3,2,0
AGTTACTCTATCGTGG-1,Layer3,2,0
AGTTATTGAAAGGTAA-1,Layer3,0,3
AGTTCCTACAGAATTA-1,Layer5,2,2
AGTTCCTATTTATGTT-1,Layer6,2,4
AGTTCTGCGTTGTATC-1,Layer1,3,4
AGTTGACATCGGCTGG-1,Layer1,3,4
AGTTGACGGTCCTTGC-1,Layer6,6,2
AGTTGCTGACTGATAT-1,Layer2,2,4
AGTTTCGCAGGTCGGA-1,Layer3,2,0
AGTTTGCACCTGCCTC-1,Layer5,1,2
AGTTTGGCACGGGTTG-1,Layer3,0,5
AGTTTGGCCAGACCTA-1,WM,4,1
ATAAACCATTGGACGG-1,Layer1,3,4
ATAAACGGACCCGTAA-1,Layer6,4,4
ATAAACGTTGCACCAC-1,Layer3,0,3
ATAAAGGCTCGGTCGT-1,Layer6,3,4
ATAAAGGTCAAGTACG-1,Layer3,0,3
ATAAATATTAGCAGCT-1,Layer5,6,2
ATAACGCCGGAGGGTC-1,Layer5,1,6
ATAACGGAGTCCAACG-1,Layer5,4,0
ATAAGGTGGAGAACAT-1,Layer6,6,5
ATAAGTAGGATTCAGA-1,Layer3,0,6
ATAAGTAGGGCGACTC-1,Layer3,0,3
ATAAGTTACCGCGACG-1,WM,4,1
ATAATACCGTTAGCCG-1,Layer2,2,4
ATAATAGCTGTTGAAT-1,Layer6,1,2
ATAATAGTGTAGGGAC-1,Layer3,2,0
ATAATCTTGGAGAACC-1,Layer5,1,6
ATAATTAGCTAAGTAG-1,Layer6,6,2
ATACAGGCCCTCCAAT-1,Layer5,6,2
ATACCACGGGCAACTT-1,Layer5,4,2
ATACCAGCAAATTGCT-1,Layer2,0,3
ATACCAGGCTAATAGA-1,Layer3,0,2
ATACCAGGTGAGCGAT-1,Layer1,3,4
ATACCTAACCAAGAAA-1,Layer6,6,2
ATACGCCGATCTACCG-1,Layer1,3,4
ATACGCCGGCGAAACC-1,Layer5,6,6
ATACGGAACGTCGTTT-1,WM,4,1
ATACGGGTTTCGATTG-1,Layer5,1,6
ATACGGTGAAGATGCA-1,Layer4,1,0
ATACGTACTTAGCCAC-1,Layer5,1,2
ATACGTCCACTCCTGT-1,Layer4,0,5
ATACGTTATGCACGGA-1,Layer6,6,2
ATACTACCCGTACCAC-1,Layer3,0,3
ATACTAGCATGACCCT-1,Layer5,2,0
ATACTCTCGCCACTCT-1,Layer1,3,4
ATACTGCCTTACACCG-1,Layer5,1,5
ATACTTGTTCTCGAGC-1,Layer3,3,4
ATAGACAACGGGACCT-1,Layer4,1,6
ATAGACGAAGAGAAAG-1,Layer6,6,2
ATAGAGTACTGGGACA-1,Layer5,6,0
ATAGAGTTATCAACTT-1,Layer4,1,6
ATAGATTTGCAGTCGG-1,Layer2,3,3
ATAGCAACTAGGGAAG-1,Layer3,0,3
ATAGCCTCAGTACCCA-1,Layer2,2,4
ATAGCTGCTCTTGTTA-1,Layer1,3,4
ATAGGAATCTAAGCTT-1,Layer1,3,0
ATAGGCGGCTATAGAA-1,Layer6,4,1
ATAGGCTAGCTTCGCA-1,Layer3,0,6
ATAGGGATATCCTTGA-1,Layer5,1,6
ATAGGTTGGGCAGATG-1,Layer6,6,2
ATAGTCTTTGACGTGC-1,Layer3,2,3
ATAGTGAAGCGTTCTC-1,Layer6,4,1
ATAGTTCCACCCACTC-1,Layer3,0,6
ATATAAAGCGCTCGTG-1,Layer6,6,2
ATATAAATGTAGCTGC-1,Layer5,1,5
ATATAACACGGGCGCA-1,Layer3,1,0
ATATACGCTCGTGACG-1,Layer3,0,3
ATATAGAGTATTGGTC-1,WM,5,1
ATATCAACCTACAGAG-1,Layer3,0,3
ATATCAATTCCAGCCT-1,WM,4,1
ATATCGGTAGGGAGAT-1,Layer3,0,3
ATATCGTGCCAGACCC-1,Layer3,0,3
ATATCGTTCCTCGAAC-1,Layer3,0,5
ATATCTCCCTCGTTAA-1,Layer4,0,6
ATATCTTAGGGCCTTC-1,Layer6,2,2
ATATGTCTCCCTAGCC-1,Layer3,0,5
ATATTCAGTTAAACCT-1,WM,4,1
ATATTCCACATAGTGA-1,Layer5,1,2
ATATTCCCACAGGTCA-1,Layer3,0,0
ATATTGCTGTCAAAGT-1,Layer3,0,0
ATATTTAACCCTCAAG-1,Layer6,6,2
ATCAAACACTGTTCCA-1,Layer3,0,3
ATCAAACGAAGGTTTG-1,WM,5,1
ATCAATCTGGGCTGCA-1,Layer6,2,2
ATCAATGCCGTGGCTG-1,WM,5,1
ATCACATTAGAATATC-1,Layer5,1,6
ATCACGTGCTAATTAA-1,WM,4,1
ATCACTTCATCCTCGC-1,Layer5,2,0
ATCAGACGGCACGCCG-1,WM,5,1
ATCAGCCTCATGCTGC-1,Layer4,1,6
ATCAGCTCGTCCACTA-1,Layer6,5,1
ATCAGGTCGCCATTGC-1,Layer3,0,3
ATCAGTAGGCAGGGAT-1,Layer5,1,6
ATCATAGCCCTATGTA-1,Layer3,0,3
ATCATCCAATATTTGT-1,Layer6,3,4
ATCATCTGCCCAGTGT-1,Layer3,0,3
ATCCAACGCAGTCATA-1,Layer5,2,0
ATCCAATGGAGGGTCC-1,Layer6,3,4
ATCCACATCGACAGAA-1,Layer5,2,2
ATCCACGCTAAATGTT-1,Layer3,0,3
ATCCAGAGCAACAACC-1,Layer6,4,1
ATCCAGGATTCGTGAA-1,Layer6,4,1
ATCCCATCCACAGCGC-1,WM,5,1
ATCCTACCTAAGCTCT-1,WM,4,1
ATCCTGAATCGCTGCG-1,Layer5,2,2
ATCCTGCGTGGAATGG-1,WM,4,1
ATCCTGCTGCAGATAG-1,Layer1,3,4
ATCGACCCAATACAGA-1,Layer6,4,4
ATCGACTCTTTCCGTT-1,Layer5,2,0
ATCGCACGATTGTTCA-1,Layer1,3,4
ATCGCACGCCGGGAGA-1,Layer5,6,2
ATCGCCAGTCAACATT-1,Layer3,0,3
ATCGCTGCGTGCAGCA-1,Layer2,0,3
ATCGGAGACAGACGGC-1,Layer5,1,6
ATCGGCAAGCAGTCCA-1,Layer3,2,6
ATCGTGGAAAGTCTGG-1,WM,5,1
ATCGTTAGCTAGCGGA-1,Layer3,0,3
ATCGTTCACTTTCGCC-1,Layer3,0,3
ATCTAATATCCTACGG-1,Layer6,6,2
ATCTAGCTTGTGAGGG-1,Layer6,6,5
ATCTCCCACGGAATAT-1,Layer3,0,3
ATCTCCCTGCAATCTA-1,Layer4,2,0
ATCTCGTGAGCGAAAC-1,Layer2,0,3
ATCTGACATGGAAGGA-1,WM,4,1
ATCTGATAGTGTCTTA-1,Layer1,3,4
ATCTGCACCTCTGCGA-1,Layer3,2,6
ATCTGCTGTTATCGCC-1,Layer6,6,2
ATCTGGGCTGTTCTTG-1,Layer6,1,2
ATCTGGTTAAGACTGT-1,Layer5,2,0
ATCTGTAATTGTACCC-1,Layer3,1,6
ATCTTAGGGCATTAAT-1,WM,5,1
ATCTTATCGCACACCC-1,Layer3,0,3
ATCTTGACCTGCAACG-1,Layer5,1,0
ATCTTGACTTGTCCAA-1,Layer3,0,3
ATGAAGCCAAGGAGCC-1,Layer5,1,6
ATGACGCCGGCTCTAA-1,Layer4,1,6
ATGACGCGTTCTATCC-1,WM,5,1
ATGACTATCAGCTGTG-1,WM,4,1
ATGACTATGCGACATT-1,Layer5,1,5
ATGAGGAGTGTTAATC-1,Layer4,1,2
ATGATCGGGAATAGAC-1,Layer4,0,6
ATGATGCAATGGTACA-1,WM,4,1
ATGCACGCGCTGTTCA-1,WM,5,1
ATGCACTACCGCATTG-1,Layer5,1,2
ATGCATGATCCAGGAT-1,Layer5,2,2
ATGCATTCCGTGATGG-1,Layer1,3,4
ATGCCAATCGCTCTGC-1,Layer3,0,3
ATGCCATTTGCGACCA-1,Layer5,2,6
ATGCCGGTCTTGCATA-1,Layer6,6,2
ATGCCGGTTGATGGGA-1,Layer5,2,6
ATGCGACAATTGGTCC-1,Layer2,3,4
ATGCGACAGTCCCATT-1,Layer6,6,2
ATGCGAGTCCCACCAC-1,Layer3,0,3
ATGCTCAGTGTTGCAT-1,Layer3,0,0
ATGCTCTGGCGCGGTA-1,Layer5,1,5
ATGCTTAGGAGTTGAT-1,Layer2,0,3
ATGGAAATTTAAGGAG-1,WM,5,4
ATGGAGCAGGCCGTGA-1,Layer6,2,2
ATGGATCCGGCGTCCG-1,Layer5,1,6
ATGGATTGACCAAACG-1,Layer6,6,2
ATGGCAGCATTACGAT-1,WM,5,1
ATGGCTGGAAATGGCC-1,Layer3,0,3
ATGGGAACGGAAGCGG-1,Layer3,0,3
ATGGGACCTGCTGAAC-1,WM,5,1
ATGGGCCTCGGCCTCT-1,Layer5,2,6
ATGGGTGTATACCTCC-1,WM,5,1
ATGGTATTTACTGATT-1,WM,5,1
ATGGTCGCGTGGTTTC-1,Layer5,1,6
ATGGTGCTCAAAGCCA-1,Layer1,3,4
ATGTAAGGCTGCTCTT-1,Layer3,0,3
ATGTACATGCGGTGAG-1,Layer2,3,4
ATGTACGATGACGTCG-1,Layer6,6,5
ATGTAGCGCGCGTAGG-1,Layer5,2,0
ATGTGAAAGCCTAATG-1,Layer6,4,1
ATGTGCATCCGACGCA-1,Layer5,1,0
ATGTGGACATCTTGAT-1,Layer6,2,2
ATGTGTAGTTTAGTCA-1,Layer2,0,3
ATGTTACGAGCAATAC-1,Layer3,0,2
ATGTTCGTCGACCCAC-1,Layer5,1,6
ATGTTGTAGTCTGTTT-1,Layer6,4,1
ATTAAACATGCGGACC-1,Layer6,3,4
ATTAATACTACGCGGG-1,Layer5,1,0
ATTAATGAACCAGTCG-1,Layer5,1,6
ATTAATTCGGTCACTC-1,Layer3,2,2
ATTACAACTACCGGCC-1,Layer3,2,0
ATTACATGTCAGTCTT-1,Layer3,0,3
ATTACCACACTGCCTG-1,Layer2,0,3
ATTACGCGCTGGCAGG-1,Layer6,2,2
ATTACTAGCCTCTTGC-1,Layer3,2,0
ATTACTTACTGGGCAT-1,Layer3,0,6
ATTAGATTCCTCAGCA-1,Layer3,0,3
ATTAGATTGATAGCGG-1,Layer4,0,6
ATTAGGCGATGCTTTC-1,Layer6,1,2
ATTATACTTTGCTCGT-1,Layer5,0,6
ATTATAGCTACTTTAC-1,Layer2,0,3
ATTATCTCGACAGATC-1,Layer3,3,3
ATTATGAGACCCAATT-1,WM,5,1
ATTATGCCATAGGGAG-1,Layer5,1,0
ATTATTATGTCCGTCA-1,WM,4,1
ATTCAAAGTACCTGTT-1,Layer1,3,4
ATTCAACCATTTAAGG-1,Layer3,0,3
ATTCACTGATGTTGGA-1,Layer6,2,2
ATTCAGGACCTATTTC-1,Layer3,0,5
ATTCAGGATCGCCTCT-1,Layer3,0,3
ATTCAGTAGCAGGGTC-1,Layer4,2,4
ATTCATATACTGTCCA-1,Layer6,4,4
ATTCATCGTTGAGGCA-1,Layer3,0,6
ATTCCCACATAAACAA-1,Layer3,0,2
ATTCCTAAGACGTGGA-1,Layer2,0,3
ATTCCTCCGCCAGTGC-1,Layer4,1,0
ATTCCTTCCAGGCGGT-1,Layer1,3,4
ATTCGACGCCGGGCCT-1,Layer5,2,2
ATTCGTGCTATCTCTT-1,Layer3,0,3
ATTCTCGTCTCTTTAG-1,Layer3,0,0
ATTCTGAGTATGAACT-1,Layer3,0,3
ATTCTTCGTACTTATG-1,Layer3,0,6
ATTGAAGATCTTAGTG-1,Layer6,2,2
ATTGACGTAACTCGGT-1,Layer3,2,0
ATTGATAGCAACGAGA-1,Layer1,3,4
ATTGATCACCACATTT-1,Layer6,5,4
ATTGATGAGTCCTAAC-1,Layer3,0,5
ATTGCCTATTAGACCG-1,WM,5,1
ATTGCCTTTATGTTTG-1,Layer4,1,6
ATTGCGATCAGTAACT-1,Layer3,2,5
ATTGCTGCTCCTCCAT-1,Layer6,2,2
ATTGGATTACAGCGTA-1,Layer3,0,3
ATTGGGAATATCTTGG-1,Layer3,0,0
ATTGTACAACTCGGCT-1,Layer3,0,5
ATTGTCGCAATACCTT-1,Layer3,2,6
ATTGTGACTTCGCTGC-1,Layer1,3,4
ATTTAACTCGTATTAC-1,Layer3,2,0
ATTTACAGTTTACTGG-1,Layer5,6,2
ATTTACTAAGTCCATT-1,Layer3,0,3
ATTTCATTATTTCGCG-1,Layer3,1,6
ATTTCCGGGTTCTGCG-1,WM,5,1
ATTTGCCTAGTTACGA-1,Layer1,3,4
ATTTGCGCGAGTAGCT-1,WM,4,1
ATTTGTCTTGGGAGCT-1,Layer5,1,6
ATTTGTTCCAGGGCTC-1,Layer5,1,6
CAAACGAGTATCGCAG-1,WM,4,1
CAAACGGTCGCACTTT-1,Layer5,1,0
CAAACGTGGTCTTGCG-1,Layer3,0,3
CAAACTACGATAGAGA-1,Layer3,0,6
CAAACTATTGAGCTTC-1,Layer3,0,6
CAAACTCGCGACGCCG-1,Layer3,0,3
CAAAGATTATTGGGCC-1,WM,4,1
CAAATCTCTCACAAGG-1,Layer6,4,2
CAAATGCGGAGTGTTC-1,Layer1,3,4
CAAATGTCCTTCCGTG-1,Layer6,4,1
CAAATTGTCAGCAAGC-1,Layer3,0,6
CAACAGAATAACGCTA-1,Layer2,0,3
CAACAGTGCCAAACGG-1,Layer2,3,3
CAACATGGCCTGATAA-1,Layer1,3,4
CAACCTACCGAGCAGT-1,Layer3,0,3
CAACGACCCGTTTACA-1,Layer5,1,0
CAACGGTTCTTGATAC-1,Layer3,2,0
CAACGTGGTGGAGTCT-1,Layer2,0,3
CAACTATATCGAATGC-1,Layer3,2,6
CAACTCCAACGTTTAG-1,Layer3,0,3
CAACTCCGTAACTTGC-1,Layer1,4,1
CAACTCCTTGATCCCG-1,Layer3,2,0
CAACTGCTCATCCGAT-1,Layer6,2,2
CAACTTGTAGTGGGCA-1,Layer2,0,3
CAAGAGGGCGGAGTAC-1,Layer6,1,2
CAAGATATTATAACGT-1,Layer5,1,6
CAAGCAACGTCGGAGT-1,Layer5,1,2
CAAGCACCAAATGCCT-1,Layer5,1,6
CAAGCGGCACATAATT-1,Layer6,1,2
CAAGGATCGCATGTTC-1,Layer6,2,4
CAAGGTCCTATAGGCT-1,Layer3,0,3
CAAGTGAACTTTGGTT-1,Layer2,0,3
CAAGTGTGGTTGCAAA-1,Layer4,1,6
CAATAAACCTTGGCCC-1,Layer5,2,0
CAATACGCTCTGAGGC-1,Layer5,2,0
CAATATGTAGATTTAC-1,Layer1,3,4
CAATATTCTTGACCTA-1,WM,5,1
CAATCCATTATCCGTT-1,Layer1,3,4
CAATCCCTATACCAGC-1,Layer3,0,5
CAATCCTGCCGTGGAG-1,Layer2,2,4
CAATGCGAGAAGTATC-1,Layer5,1,6
CAATGGAATCTACATA-1,Layer3,0,3
CAATGGATCTCTACCA-1,Layer5,1,6
CAATGGTCGGCCTGGG-1,Layer2,2,3
CAATGTGCCAACCCTT-1,Layer2,0,3
CAATTAAGGGTGATGA-1,Layer6,6,2
CAATTTCGTATAAGGG-1,Layer6,2,2
CAATTTGACCGGGAAG-1,Layer1,3,4
CACAAGAAAGATATTA-1,Layer1,3,4
CACAAGCTAAGAAAGG-1,WM,5,1
CACAATGAGCTGCTAT-1,Layer6,4,1
CACACACGCTAACGAG-1,Layer3,0,3
CACACAGCTTGCGCTC-1,Layer2,0,3
CACACAGGGATAGATT-1,Layer3,2,0
CACACGCGCTGTCTTA-1,Layer5,1,6
CACACGTTTCAATGGG-1,Layer3,2,3
CACACTTGTATTGCGA-1,Layer1,0,4
CACAGAGACGAGGACG-1,WM,5,1
CACAGCACCCACGGCA-1,Layer6,6,2
CACAGCTAGGGAGTGA-1,Layer5,2,0
CACAGGGCCATATAGT-1,Layer3,0,6
CACAGGGCCGTTGTCA-1,Layer6,3,4
CACAGTCCCGCTTCGC-1,Layer2,0,3
CACAGTTCGCTTCCCA-1,Layer2,0,3
CACATAAGGCGACCGT-1,Layer1,2,4
CACATATTAGCAGGAT-1,Layer6,6,2
CACATCGTGCACGCGC-1,WM,5,1
CACATCTCACCGACGA-1,Layer5,1,2
CACATGATTCAGCAAC-1,Layer6,3,2
CACATGTTTGGACATG-1,Layer1,3,4
CACATTCTTTCGATGG-1,Layer3,0,6
CACATTTCTTGTCAGA-1,Layer3,0,3
CACCAGTCAGCATGCA-1,WM,5,1
CACCATCGGAGGAGAC-1,Layer3,2,0
CACCCAAATCTTATGT-1,Layer3,0,5
CACCCACACGTCACCC-1,Layer3,0,0
CACCCACGAGGCAATT-1,Layer4,0,6
CACCCGGTTTGTGACT-1,WM,5,1
CACCCTAACAAGATCT-1,Layer5,1,6
CACCCTTGGTGAGACC-1,Layer6,5,1
CACCCTTTCCTCGCTC-1,Layer1,3,4
CACCGATACACCGAGC-1,Layer3,0,6
CACCGCCAGAAGGTTT-1,Layer5,6,2
CACCGCCGACCAGCGA-1,Layer3,0,6
CACCGCGTCCACTCTA-1,Layer3,0,3
CACCGGAGATATCTCC-1,Layer3,0,3
CACCGGTAGAGACATT-1,WM,5,1
CACCGTATCCCATCCG-1,Layer3,0,3
CACCGTTAGGGATCAC-1,WM,5,1
CACCGTTGCGCGATAT-1,Layer6,4,1
CACCTAATAGAGTCGT-1,Layer3,3,4
CACCTAATCAGTTTAC-1,Layer5,1,0
CACCTCGATGGTGGAC-1,Layer5,1,6
CACCTTGCGAAACTCG-1,Layer5,1,6
CACCTTGGCGCCTTTG-1,Layer3,0,6
CACGAAAGTTAGTCCC-1,Layer5,1,6
CACGACCACAGACTTT-1,Layer1,3,4
CACGACGTAATAGTAA-1,Layer1,3,4
CACGACTAAAGTTCTG-1,Layer1,3,4
CACGATTGGTCGTTAA-1,Layer1,3,4
CACGCACAGCGCAGCT-1,Layer5,2,0
CACGCAGCGAGGCTTT-1,Layer5,2,2
CACGCGGAACTGTTGC-1,Layer3,0,6
CACGGCGCGCCAAAGG-1,Layer3,0,3
CACGGGATTGAGGGTT-1,Layer3,2,0
CACGTCGGCAACCTCT-1,WM,4,1
CACGTCTATGATGTGG-1,Layer3,0,3
CACGTTCGTGCTCTAG-1,Layer5,1,6
CACGTTTCGTACACAC-1,Layer4,0,6
CACTAAAGTTGCCTAT-1,Layer6,3,4
CACTACGGGAGCTGCC-1,Layer3,0,3
CACTACTCAGTTCTGT-1,Layer3,2,3
CACTCAAGAGCTATGG-1,Layer6,4,4
CACTCAGCTCTTGAGG-1,Layer3,2,0
CACTCCTATGTAAGAT-1,WM,5,1
CACTCCTCTCGGTCGG-1,Layer3,1,6
CACTCGAGCTGAACAA-1,Layer6,6,5
CACTCGGTTAGGAGGA-1,Layer5,2,0
CACTCTTCTGCTAGCC-1,Layer3,0,3
CACTGACGATTGTGGA-1,Layer6,6,2
CACTGTCCAAGTGAGA-1,Layer3,1,0
CACTTAATCAGACGGA-1,Layer6,2,4
CACTTCGCCACAGGCT-1,Layer3,2,6
CACTTCGTCTTATCTC-1,Layer1,3,4
CAGAACTTAGCCCTCT-1,Layer5,1,6
CAGAATAACACACGGA-1,Layer3,0,3
CAGACACCGATCGCTG-1,WM,4,1
CAGACCTGTAAGTGTT-1,Layer3,1,6
CAGACGAACCTGATAC-1,WM,5,1
CAGAGACGGTCACCCA-1,Layer6,2,2
CAGAGCATGAGCTTGC-1,Layer5,6,0
CAGAGGCGATGCATGA-1,WM,4,1
CAGAGTGATTTAACGT-1,Layer3,0,6
CAGATACTAACATAGT-1,Layer5,1,0
CAGATATGAAGATGAC-1,WM,4,1
CAGATCATTTAAAGTC-1,Layer3,0,3
CAGATCCTGGTTTGAA-1,WM,5,1
CAGCAGCCCGTTCCTT-1,Layer5,2,2
CAGCAGTCCAGACTAT-1,Layer3,2,5
CAGCAGTCTGTGCTGC-1,Layer5,1,2
CAGCCCTCACAGGCAG-1,Layer2,0,3
CAGCCGGGCCCTCTAT-1,Layer3,0,6
CAGCCTCCTGCAGAGG-1,Layer5,2,0
CAGCCTCTCCTCAAGA-1,Layer3,0,3
CAGCGATTCCCTTCAA-1,WM,4,1
CAGCTCACTGAGACAT-1,Layer6,3,4
CAGCTCGACAAGTTAA-1,Layer5,1,6
CAGCTCGTGCTTGTGT-1,Layer3,0,0
CAGCTGGCGTAACCGT-1,Layer6,4,1
CAGCTTAGTAGGTAGC-1,Layer5,1,0
CAGGAAGACTTTATAT-1,Layer3,0,6
CAGGATATATCGTTGT-1,Layer6,3,4
CAGGATCCGCCCGACC-1,Layer1,3,4
CAGGCAGTCTTACCAG-1,Layer3,0,5
CAGGCCGTTTGGGTGT-1,Layer6,4,4
CAGGCGCACGGTGGTC-1,WM,5,1
CAGGCGCCATGCTAGG-1,Layer6,6,5
CAGTAACTATTTATTG-1,Layer3,0,0
CAGTAATCCCTCCCAG-1,Layer3,2,4
CAGTACATTCTCTAAA-1,Layer3,0,3
CAGTACCAGTTTACGT-1,Layer6,4,1
CAGTAGCCCACGCGGT-1,Layer4,1,6
CAGTAGCGAGGTAGTA-1,Layer1,3,4
CAGTCGAGGATGCAAT-1,Layer3,0,6
CAGTCTCTCGGCTAAT-1,Layer1,3,4
CAGTCTGTATACTGGG-1,Layer6,3,4
CAGTGAATAAATGACT-1,Layer5,1,6
CAGTGGTTGCACATGA-1,Layer3,0,4
CAGTGTCCGCAGAATG-1,Layer3,0,3
CAGTGTCGGCTGGCCC-1,Layer4,0,6
CAGTGTTAATCTCTCA-1,WM,4,1
CAGTTCAAATTGACAC-1,Layer5,2,2
CAGTTCCGCGGGTCGA-1,Layer4,2,4
CATAACGGACAGTCGT-1,Layer4,0,6
CATAAGAAGCTTGGCT-1,Layer5,1,2
CATAAGCTCTCCGTCT-1,Layer5,6,2
CATAATGAGCGGGCGA-1,Layer1,3,4
CATACAAAGCCGAACC-1,Layer3,2,2
CATACACGGTTCCCAC-1,Layer6,6,2
CATACCCGTACCCAGT-1,Layer5,6,2
CATACGAACTAGCTGG-1,WM,5,1
CATACGGCGTCTGGGC-1,Layer6,2,4
CATACGGGTGCATGAT-1,Layer1,3,4
CATACTATGTAATTGT-1,Layer6,2,2
CATACTTAGGCAATAC-1,Layer3,0,3
CATAGCCGCCCGGGAT-1,Layer3,2,0
CATAGCGTTGCCCACC-1,WM,5,1
CATAGTACATTGAGAG-1,Layer3,0,6
CATAGTAGCATAGTAG-1,Layer4,0,0
CATAGTCAAATACATA-1,Layer3,0,5
CATAGTCCACAAGAAC-1,Layer6,4,1
CATATACTACTGATAA-1,Layer3,0,3
CATATAGGTACAGTCA-1,Layer6,4,1
CATATGTCAGGCTACG-1,Layer6,4,1
CATATTATTTGCCCTA-1,Layer3,2,0
CATCATCTACCCGGAC-1,Layer3,1,0
CATCATTACCCTGAGG-1,Layer3,1,5
CATCCAATATAGTTTG-1,WM,5,1
CATCCGCAGGCCCGAA-1,Layer1,3,4
CATCCTCTCAAAGATC-1,Layer3,0,5
CATCGAATGGATCTCT-1,Layer1,3,4
CATCGCCCGCGGCCAA-1,Layer3,2,0
CATCGGACGGGTTAAT-1,Layer6,6,4
CATCTATCCCGTGTCT-1,Layer3,2,5
CATCTTACACCACCTC-1,Layer3,1,6
CATGAACCGACATTTG-1,Layer3,0,4
CATGAACCTCTTATCA-1,Layer3,0,3
CATGACTTCGCTGAAT-1,Layer3,0,3
CATGAGATGCACTCTC-1,Layer5,1,6
CATGATGCACAATTCT-1,Layer5,1,0
CATGATGGAAGTTAGC-1,Layer3,0,3
CATGCACGTGTTACTG-1,Layer3,0,3
CATGCATGGAGACCCT-1,Layer3,3,2
CATGCCAACTCGCAAA-1,Layer6,6,4
CATGCGACCAGTTTAA-1,Layer3,0,6
CATGCGTTAGACAGAA-1,Layer3,2,0
CATGCTGGCTCCAATT-1,Layer3,1,0
CATGGAAATGGGACCA-1,Layer1,3,2
CATGGATTGTCTTCCG-1,Layer3,0,3
CATGGCAGGAAGATCG-1,Layer4,1,6
CATGGGTATGCCTTAT-1,Layer5,1,6
CATGGGTCGGGTGTGG-1,Layer5,1,6
CATGGTAAGTAGCGTT-1,Layer6,6,2
CATGGTATTAGTTTGT-1,WM,5,1
CATGGTCTAGATACCG-1,Layer6,1,5
CATGTAAGAGACATTT-1,Layer4,0,6
CATGTAGGAGCGCCAA-1,Layer2,3,4
CATGTCTCATTTATGG-1,Layer5,1,5
CATTACGTCGGCCCGT-1,Layer5,2,0
CATTATAACAGGGTCC-1,Layer2,3,4
CATTATCCCATTAACG-1,WM,5,1
CATTATGCTTGTTGTG-1,Layer5,1,2
CATTCACTGACAGCTA-1,Layer3,0,3
CATTCAGGTCAGTGCG-1,Layer1,3,4
CATTCCCTAAGTACAA-1,Layer1,3,4
CATTGCAAAGCATAAT-1,Layer2,0,3
CATTGCGAAATGGGCG-1,Layer5,1,0
CATTGTGTGCTAGATC-1,Layer1,3,4
CATTTAGCGGACCATG-1,Layer5,1,6
CATTTATCGTTCAAGA-1,Layer3,0,3
CATTTCTAGCAGACTA-1,Layer3,3,4
CATTTGAGTGGTACGT-1,WM,5,1
CCAAACAGAACCCTCG-1,Layer5,1,6
CCAAAGCAGTTGGTTG-1,Layer1,3,4
CCAAATAACAAGATTC-1,Layer2,0,3
CCAACCTTATGTAACT-1,WM,5,1
CCAACGATGCACTGAT-1,Layer5,1,2
CCAACGCTTGCCAGGG-1,Layer3,0,3
CCAAGAAAGTGGGCGA-1,Layer6,4,1
CCAAGACTTCTGCGAA-1,Layer5,1,6
CCAAGCGTAACTCGTA-1,Layer6,6,2
CCAAGGAACAGAGAGG-1,Layer3,2,0
CCAATAGTGCCGTCGA-1,Layer6,6,2
CCAATCGGTAGATCGA-1,Layer3,2,6
CCAATGTCACAGCAAG-1,Layer6,2,4
CCAATTACGGGTCGAG-1,Layer3,1,6
CCAATTGAATGTTAAT-1,Layer4,2,0
CCACAATGTACGTCTT-1,Layer5,2,6
CCACACTGAGATATTA-1,Layer6,4,4
CCACAGCTGAAATCAT-1,Layer1,3,4
CCACAGTACCCATCCT-1,Layer4,2,5
CCACATACTGCACCCA-1,Layer2,3,4
CCACCAACTTTACTGT-1,WM,5,1
CCACCCAAGGAAAGTG-1,Layer6,6,2
CCACGAATTTAACCTC-1,Layer3,0,3
CCACGAGAAGAGAATC-1,Layer4,1,6
CCACGGAGCCATAAGA-1,Layer6,4,1
CCACGGTGCCCGGTAG-1,Layer3,0,0
CCACTAAACTGAATCG-1,Layer1,3,4
CCACTGGTGGCTGGTT-1,Layer5,6,2
CCACTGTTTGGATTAA-1,Layer3,0,3
CCAGAAAGCAACTCAT-1,WM,5,1
CCAGAGACAAAGCCGG-1,Layer3,2,0
CCAGATAGTTGAGTGA-1,Layer5,1,6
CCAGCCTGGACCAATA-1,Layer6,4,2
CCAGCTACGCCTCATA-1,Layer1,3,4
CCAGCTCGAACGCATT-1,Layer6,6,2
CCAGCTGATGGTACTT-1,Layer5,1,2
CCAGCTTCCGCCCGCA-1,Layer3,2,4
CCAGGGACGTGGCCTC-1,Layer5,6,0
CCAGTAGTCTGATCCA-1,Layer4,0,6
CCAGTCAAATCTCTTA-1,Layer5,6,2
CCAGTCCATTATTCGA-1,Layer1,3,4
CCAGTCTAGACGGCGC-1,Layer5,1,6
CCAGTCTTGTCATAGA-1,Layer6,2,4
CCATAAACAACCCGAC-1,Layer3,1,6
CCATACCTTTACTTGT-1,Layer3,0,6
CCATAGGTTGGCGTGG-1,Layer5,2,0
CCATAGTCAGTAACCC-1,Layer2,0,4
CCATATGGAAACTATA-1,Layer3,0,3
CCATATTGGATCATGA-1,Layer1,3,4
CCATCCATACCAAGTC-1,Layer3,2,0
CCATCGCAGTTAAACT-1,Layer6,6,2
CCATCTCACCAGTGAA-1,Layer3,0,6
CCATCTTGTTCACAAT-1,Layer1,3,4
CCATGCCCTAGATTTC-1,Layer3,0,5
CCATGCCTGTTTAGTA-1,Layer6,6,4
CCATGCTCTGCAGGAA-1,Layer4,1,0
CCATGGCCCTTGTACC-1,Layer5,1,2
CCATGTTCATCTATAT-1,WM,5,1
CCATTAGCGATAATCC-1,Layer5,2,0
CCATTCCCTGCCCACA-1,Layer5,6,2
CCATTTCTACCTATTA-1,Layer6,1,2
CCCAAACATGCTGCTC-1,Layer5,1,6
CCCAACATACGTCGCG-1,Layer6,4,1
CCCAACCACACTAACA-1,Layer3,0,0
CCCAAGAATGCACGGT-1,Layer3,0,3
CCCAAGACAGAGTATG-1,Layer1,3,4
CCCAATGAGATTTGCA-1,WM,5,1
CCCAATTTCACAACTT-1,Layer6,2,4
CCCAGAGGAGGGCGTA-1,Layer3,0,3
CCCAGGTCTGAAGGCT-1,Layer3,0,3
CCCAGTAAACTTGGGA-1,WM,5,1
CCCAGTTAAGGCGCCG-1,Layer5,0,6
CCCGAAGTTTCGCGAA-1,Layer6,4,2
CCCGACCATAGTCCGC-1,Layer5,1,0
CCCGAGTTTCTCCGTA-1,Layer3,0,3
CCCGCAGCGCGAACTA-1,Layer6,6,2
CCCGCAGGGCCCAAAG-1,Layer3,2,0
CCCGCCATGCTCCCGT-1,Layer3,2,0
CCCGCGCAATGCACCC-1,Layer3,2,4
CCCGCTAGAGGGTTAA-1,Layer2,0,3
CCCGGGTCGTTCAGGG-1,Layer6,4,2
CCCGGTGGAAGAACCT-1,Layer3,2,0
CCCGGTGTATCGGAAT-1,WM,5,1
CCCGTAAGTCTAGGCC-1,Layer6,2,2
CCCGTAGCTGGGAAGA-1,WM,5,1
CCCGTCAGCGTCTGAC-1,Layer5,1,0
CCCGTTTCGCAGATGT-1,Layer3,0,3
CCCTAGTGTCAGGTGT-1,Layer1,3,4
CCCTATGTAGAGCAGA-1,WM,5,1
CCCTCATTCTGGAATT-1,Layer3,0,0
CCCTCCTCGCTCGTAT-1,Layer3,0,3
CCCTCGGGAGCCTTGT-1,Layer1,3,4
CCCTGAAATGAGTTGA-1,Layer5,2,0
CCCTGACTAACAAATT-1,Layer5,1,2
CCCTGATGTAACTCGT-1,Layer1,3,4
CCCTGCCCAATCCGCT-1,Layer5,6,2
CCCTGCGCTACGCATA-1,Layer5,1,0
CCCTGGTATGGGCGGC-1,Layer3,1,3
CCCTGTTGGCAAAGAC-1,Layer1,3,4
CCCTTCTCGTACGCGA-1,Layer1,3,4
CCCTTTAATGGAGTTC-1,Layer3,0,3
CCCTTTGACAGGTCTT-1,Layer6,4,1
CCGAAAGTGGTGAGCA-1,Layer3,2,4
CCGAACACTGGGCCTC-1,Layer6,6,4
CCGAACCTTCCCGGCC-1,Layer6,6,2
CCGAAGTATATTGTTC-1,Layer3,3,0
CCGACAAACACATGAG-1,Layer2,3,4
CCGACAAAGGGAGTGC-1,Layer5,1,2
CCGACAATAGGCCGCC-1,Layer2,0,3
CCGACGGGCATGAGGT-1,WM,5,1
CCGACGTAAACACAAC-1,Layer3,0,3
CCGACTCGCATAGTCT-1,Layer3,0,3
CCGAGAAGTCGCATAA-1,Layer3,0,3
CCGAGCTGTGCTTGTC-1,Layer2,0,3
CCGAGGGATGTTAGGC-1,Layer3,1,3
CCGATCTCAACCTTAT-1,Layer3,0,6
CCGATTCGAGGGACCC-1,Layer5,6,2
CCGATTGGTCAATGAA-1,Layer1,3,4
CCGCACAAAGACCAAC-1,Layer6,6,2
CCGCACGTGACCTCGG-1,Layer4,2,4
CCGCATGTGGTACGAT-1,Layer6,2,2
CCGCCACCACAATCCA-1,Layer3,0,3
CCGCCGGAACTTCTCG-1,WM,4,1
CCGCCGGTCAACACAC-1,Layer3,0,0
CCGCCGTTGAGGATAA-1,Layer2,0,3
CCGCCTGCGAATTGGT-1,Layer3,2,5
CCGCGATTTGGTAGGT-1,Layer5,4,2
CCGCGGAATGCGTCAC-1,WM,4,1
CCGCGGGTACGAAGAA-1,Layer5,1,0
CCGCGTAGGTAAGGGC-1,Layer4,3,4
CCGCTATCAGCACCAG-1,Layer6,2,4
CCGCTCTTCCGAACTA-1,Layer3,0,3
CCGCTGGTGCCATTCA-1,Layer3,0,3
CCGCTTACCTCACTCT-1,WM,4,1
CCGCTTCGCGGTTAAC-1,Layer1,3,4
CCGCTTGCTGACATGG-1,Layer2,0,3
CCGGAATGGTTTCAGT-1,Layer4,2,0
CCGGAGCGTACTTTCT-1,Layer6,3,4
CCGGCACGACCGTTTC-1,Layer3,0,3
CCGGCGCATATTGGAT-1,Layer3,2,0
CCGGCGTGAGACTCTG-1,Layer6,4,2
CCGGGACCCGCAGAGA-1,Layer3,0,0
CCGGGCGGTCTCGTCA-1,Layer6,6,6
CCGGGCTAAGAATTTC-1,WM,4,1
CCGGGCTGCTCCATAC-1,Layer5,1,6
CCGGGTTCGAGGTTAC-1,Layer6,6,2
CCGGTAATGGCTAGTC-1,Layer2,0,3
CCGGTTTGTAATTGTG-1,WM,4,1
CCGTAAGTTGGTCCCA-1,Layer6,6,6
CCGTACCCAAGCGCCA-1,Layer2,0,3
CCGTAGGAAATCCCTG-1,Layer3,0,3
CCGTAGGGTTGTTTAC-1,Layer3,0,3
CCGTATCTCGTCGTAG-1,WM,5,1
CCGTATTAGCGCAGTT-1,Layer2,0,3
CCGTCAACCTCTGGCG-1,WM,4,1
CCGTGCCCATGACGGC-1,Layer3,2,0
CCGTGGAACGATCCAA-1,Layer3,0,3
CCGTGTTAAATTCCAT-1,WM,4,1
CCGTTACGTTAGAACA-1,Layer4,1,6
CCGTTCCGAATCTCGG-1,Layer5,2,2
CCTAAACAGGGTCCGT-1,Layer1,3,4
CCTAAAGGCTGACGCT-1,Layer3,1,6
CCTAAATTAACGGTTC-1,Layer6,6,4
CCTAAATTGTATCCTA-1,Layer2,0,3
CCTAACCCAAACAAGT-1,Layer5,1,6
CCTAACTAAGGCTCTA-1,Layer3,1,6
CCTAAGTGTCTAACCG-1,Layer1,3,4
CCTACAAGTCCGGAAT-1,Layer1,3,4
CCTACATTCACAGACG-1,WM,5,1
CCTACGCGACCTTACA-1,Layer3,0,3
CCTACGGCTCAGTCGA-1,Layer3,2,0
CCTACTGCTTACACTT-1,Layer5,1,6
CCTAGGCGTAGCGATC-1,Layer5,1,6
CCTAGGTAAAGGTAGC-1,Layer6,5,1
CCTAGTTAGTCGCATG-1,Layer3,2,0
CCTATAATGAGTGCCC-1,Layer5,1,6
CCTATACCGTCCTGTC-1,WM,4,1
CCTATATCGTGTCACG-1,WM,5,1
CCTATATTTGTCCTGG-1,Layer6,4,2
CCTATCTATATCGGAA-1,Layer5,0,6
CCTATGAAGTGGTGCC-1,Layer3,0,3
CCTATGGCTCCTAGTG-1,WM,4,1
CCTATGGGTTACCGTC-1,Layer6,6,2
CCTATGGTCAAAGCTG-1,Layer6,6,2
CCTATGTCCACTCCAC-1,Layer3,0,5
CCTCACCAATCTTGAC-1,Layer3,2,0
CCTCACCTGAGGGAGC-1,Layer3,0,6
CCTCACCTTAGCATCG-1,Layer3,0,6
CCTCATGCAGCTACGA-1,Layer1,3,4
CCTCCCGACAATCCCT-1,Layer3,2,0
CCTCCGACAATTCAAG-1,Layer5,2,2
CCTCCTAGCTAGAGTC-1,WM,5,1
CCTCCTGTTGTGTCGT-1,Layer3,0,3
CCTCGAAGTGGACGGG-1,Layer3,2,0
CCTCGACCCACTGCCT-1,Layer3,3,3
CCTCGCCAGCAAATTA-1,Layer5,2,6
CCTCGCGCGATATAGG-1,Layer3,0,6
CCTCGCGCTGTGCGAT-1,Layer6,4,4
CCTCGGACCGGGATAG-1,Layer5,1,6
CCTCGGATGCTACCTG-1,Layer3,2,0
CCTCGGTTTCCTTGCC-1,WM,4,1
CCTCTAATCTGCCAAG-1,Layer5,1,6
CCTCTACAAGGATTGG-1,WM,5,1
CCTCTATCGATTAGCA-1,WM,5,1
CCTCTCTCCCATCTAG-1,Layer5,6,2
CCTCTGGCCTAGACGG-1,Layer3,2,6
CCTCTGTACTATTCTA-1,Layer6,2,4
CCTGAACGATATATTC-1,Layer5,1,6
CCTGAATATTTACATA-1,Layer5,1,6
CCTGACCACCGATGGT-1,Layer6,3,4
CCTGACGCAACCTTTA-1,Layer3,0,3
CCTGCGTTCTACGCTT-1,Layer4,2,0
CCTGCTATTTGAGAAG-1,Layer5,6,6
CCTGGAAACGTTCTGC-1,Layer3,0,3
CCTGGCTAGACCCGCC-1,Layer5,2,2
CCTGGTCGAATGTGGG-1,Layer6,6,2
CCTGTAAGACATGATA-1,Layer6,4,2
CCTGTACTCACGCCCA-1,Layer6,6,2
CCTGTCACCCGGGCTC-1,Layer6,6,2
CCTGTCCCTCACGTTA-1,Layer2,0,3
CCTGTCGCCCGTAAAT-1,Layer6,6,2
CCTGTGCATAGGAGAC-1,Layer1,3,4
CCTGTTTGAAGACACG-1,Layer3,0,5
CCTTCAGTTAAAGTGA-1,WM,4,1
CCTTCGTATAGAATCC-1,Layer6,4,1
CCTTCTCAGCGTTCCT-1,Layer6,6,4
CCTTCTTGATCCAGTG-1,Layer5,1,6
CCTTGACCACTTTATT-1,Layer3,0,3
CCTTTAAGGGAGCACT-1,WM,4,1
CCTTTCAATGAAGAAA-1,Layer3,0,6
CCTTTGAATTATGGCT-1,WM,5,1
CGAAACATAGATGGCA-1,Layer3,0,0
CGAAACGCAATTCATG-1,Layer6,2,4
CGAACAGTATGGGCGT-1,Layer3,0,6
CGAACCCGCATGCGTC-1,WM,4,1
CGAACGCCCAGTGCCG-1,Layer3,2,2
CGAACGGCCGGACAAC-1,Layer6,4,1
CGAAGACTGCCCGGGA-1,Layer1,3,4
CGAAGCTATAAATTCA-1,Layer3,0,3
CGAAGGGTTTCAGATT-1,WM,5,1
CGAAGTTGCTCTGTGT-1,Layer5,2,2
CGAATCTGCTCGACGC-1,WM,4,1
CGAATGAAGTCATTGC-1,WM,5,1
CGAATGACGCATAATG-1,Layer6,6,2
CGAATTACATGGTGTT-1,Layer2,0,3
CGACAATTTGATCTAA-1,Layer4,0,6
CGACACGCTCCGACAG-1,Layer4,1,5
CGACAGTTCGCGTTAT-1,Layer6,3,4
CGACATGCGATCTTCT-1,Layer3,0,0
CGACCCTTAACGCCGG-1,Layer6,4,1
CGACGCATCCGTACCT-1,Layer6,4,1
CGACTCAGGATGTTAT-1,Layer4,1,6
CGACTTTGTATAGCCT-1,Layer3,0,3
CGAGACCCTAGAGTGT-1,Layer6,3,4
CGAGAGATGTGAACCT-1,Layer6,1,2
CGAGAGCGCGTAGATA-1,Layer5,6,4
CGAGAGCTTTCACTAC-1,Layer3,1,5
CGAGAGGGTAGCCGCG-1,Layer3,0,3
CGAGATGTTGCCTATA-1,Layer1,3,4
CGAGATTTCGCTCGGG-1,Layer2,0,3
CGAGCACTTCAAGTTT-1,Layer3,3,4
CGAGCGTTGATCAGCC-1,Layer3,2,0
CGAGCTGGGCTTTAGG-1,Layer4,1,6
CGAGGCCAGGCATTGG-1,Layer2,2,4
CGAGGCTAAATATGGC-1,Layer6,6,2
CGAGGGACTGCGGTCG-1,Layer5,1,6
CGAGGGTATCCAGGTG-1,Layer6,4,2
CGAGTACTAAAGAGGA-1,WM,4,1
CGAGTGAAGGTACCAG-1,WM,4,1
CGAGTGCTATAGTTCG-1,Layer2,0,4
CGAGTTCTGTCCCACC-1,Layer5,1,6
CGAGTTTATCGGACTG-1,Layer4,1,6
CGATAATACTCAGGTT-1,Layer2,0,3
CGATACCTCGCGGACA-1,Layer6,4,1
CGATAGCGATACAGTG-1,WM,5,1
CGATAGTCGTACTGCA-1,Layer3,0,0
CGATATTAGCCGCAGG-1,Layer1,3,4
CGATCCGACCCAGTGC-1,Layer6,6,2
CGATCCTCGCAACATA-1,WM,5,1
CGATCTGTTGGAGGAC-1,Layer6,5,1
CGATGGACCCTACGCC-1,Layer3,2,6
CGATGTTGTTATCTAC-1,WM,5,1
CGATTAAATATCTCCT-1,Layer6,2,4
CGATTCGCCTGGCTGC-1,Layer5,1,2
CGCAAACACGAGTTAC-1,Layer5,2,2
CGCAATTACTTTCGGT-1,Layer4,6,6
CGCAATTAGGGTAATA-1,Layer5,2,2
CGCAATTCTACAATAA-1,Layer4,2,4
CGCACATGTCCACTAC-1,Layer5,1,6
CGCACGTCTGTTTATG-1,WM,4,1
CGCACGTGCGCTATCA-1,Layer3,0,6
CGCAGAAACATTTGCG-1,Layer3,0,3
CGCAGATCTTCACCCG-1,Layer2,0,3
CGCAGGCGATCCAAAC-1,Layer3,0,3
CGCATCATGGCTTCAG-1,Layer3,2,6
CGCATGGTGCGATGCT-1,Layer6,6,4
CGCATTAGCTAATAGG-1,Layer5,2,2
CGCCAAGAAGCCGAGT-1,Layer5,2,2
CGCCACAGGTCGCGAT-1,Layer6,4,1
CGCCACCCGCATTAAC-1,Layer1,3,4
CGCCATCCGATTATGA-1,Layer5,1,6
CGCCCAGCACGCCTAG-1,Layer6,4,1
CGCCCAGCGTTTCACG-1,Layer3,0,0
CGCCCGCTTCCGTACA-1,Layer4,2,6
CGCCCTAATTGTTCAA-1,WM,5,1
CGCCCTTACATCCACC-1,Layer1,3,4
CGCCCTTGAAGGCTGA-1,Layer3,2,4
CGCCGCCCATGCCTGT-1,Layer5,1,6
CGCCGCGTTCTGAACG-1,WM,4,1
CGCCGTTCAGCATAGT-1,Layer3,0,3
CGCCTCCCTCCTCTAT-1,Layer6,1,2
CGCCTGGCCTACGTAA-1,Layer6,6,2
CGCCTTTAGCATGCTC-1,Layer2,0,3
CGCGAAGTGGCATACT-1,Layer3,0,3
CGCGACCGCGACAGAT-1,Layer5,1,6
CGCGAGAGGGACTTGT-1,Layer2,0,3
CGCGAGTCTGCCGGGT-1,WM,5,1
CGCGCAAATGTCCAGA-1,WM,5,1
CGCGCAAGGAACTACA-1,Layer1,3,4
CGCGCATGTTTGATTG-1,Layer6,4,1
CGCGCCCGACTTAATA-1,Layer5,2,0
CGCGGCAGTATTACGG-1,Layer1,3,4
CGCGGCTCAACTTGAA-1,Layer3,0,6
CGCGGGAATTAGGCAG-1,Layer5,1,6
CGCGGTCACAAACCAA-1,Layer3,0,3
CGCGTCATATTAAACC-1,Layer2,0,3
CGCGTGCTATCAACGA-1,Layer1,3,4
CGCGTTCATGAAATAC-1,Layer5,1,6
CGCTACGGGACATTTA-1,Layer6,2,4
CGCTAGAGACCGCTGC-1,Layer3,0,6
CGCTATACCGCCCACT-1,Layer3,2,0
CGCTATTCAATGTATG-1,Layer3,2,0
CGCTATTCTTAGGCTC-1,Layer6,3,4
CGCTCGACATAATGAT-1,Layer4,1,0
CGCTCTCCGTAGATTA-1,Layer5,6,2
CGCTGAGGACGTCCAA-1,Layer1,3,4
CGCTGGTGACTACCCT-1,Layer3,0,6
CGCTGTGACGCCGCAC-1,Layer5,1,0
CGCTGTGTGGATGTTG-1,WM,4,1
CGCTTAGTATTGATAC-1,Layer6,4,2
CGCTTATTCCCGGTCG-1,Layer6,3,4
CGCTTCCACTGAAATC-1,Layer3,2,0
CGCTTTCATACCGGTG-1,Layer3,1,0
CGCTTTCTTGCATTCG-1,Layer5,1,6
CGGAAAGAATCAAACG-1,WM,4,1
CGGAAATTTCACATCC-1,Layer3,0,3
CGGAACGTAAACATAG-1,WM,5,1
CGGAGCAATTTAATCG-1,Layer6,4,4
CGGAGCATGGCGATCC-1,Layer6,6,2
CGGAGCTTATAACACC-1,Layer3,0,6
CGGAGTTTGAGAGACA-1,Layer5,2,2
CGGATAAGCGGACATG-1,Layer3,0,2
CGGATCCTCAAGGACT-1,Layer5,1,6
CGGCAAACATCGTGCG-1,Layer6,6,2
CGGCAATAAGATCGCC-1,Layer3,0,3
CGGCACCGTTAGCGCC-1,Layer3,0,6
CGGCACTCAAGAAAGT-1,Layer2,2,3
CGGCAGGGTCGGGTTG-1,Layer4,0,6
CGGCCACGCACAAAGT-1,Layer6,3,4
CGGCCAGAGCGACCAT-1,Layer6,4,1
CGGCCCAACCTGTAGT-1,Layer2,0,3
CGGCCCAGGTATATCC-1,Layer3,0,3
CGGCGCCATCAATCCC-1,Layer3,0,5
CGGCTCTAAAGCTGCA-1,Layer3,0,3
CGGCTCTTCGTCGAAC-1,Layer3,0,6
CGGCTGCAAGATTAAG-1,Layer3,0,3
CGGCTTTGTATGATAA-1,Layer3,0,3
CGGGAATATAGTATAC-1,Layer3,0,3
CGGGAATTTATGTAAA-1,Layer6,4,2
CGGGAGCTTCAGTGTA-1,Layer4,0,6
CGGGAGTATACCGCCG-1,Layer3,3,4
CGGGATCAATGTAAGA-1,Layer5,2,0
CGGGCAGCTAAACCGC-1,Layer6,6,2
CGGGCCATAGCCGCAC-1,Layer1,2,4
CGGGCCTTCTTTGTAA-1,Layer6,2,1
CGGGTGTACCCATTTA-1,Layer5,1,6
CGGGTTCGGCACGTAT-1,Layer1,3,4
CGGGTTGTAGCTTTGG-1,Layer1,3,4
CGGGTTTGTTAGGGCT-1,Layer2,0,3
CGGTACTAGAATCAAA-1,Layer5,1,6
CGGTAGAGGTGCAGGT-1,Layer4,1,6
CGGTATAGGTATTAGC-1,Layer3,0,3
CGGTCAAGTGGGAACC-1,Layer5,1,6
CGGTCCGTCGCAAGCC-1,Layer6,4,2
CGGTCTATCAACCCGT-1,Layer4,1,6
CGGTGAAGACTAAAGT-1,Layer5,1,0
CGGTGCAGATAGAACG-1,Layer6,4,1
CGGTGCGCGTTGGTCC-1,WM,5,1
CGGTGGGCTCCAGCCT-1,Layer3,0,3
CGGTGTACTTGATCCC-1,Layer3,2,0
CGGTTATCCAACAGTG-1,Layer3,1,6
CGGTTCAAGTAGGTGT-1,Layer3,0,6
CGGTTCCGGCTTCTTG-1,Layer1,3,4
CGGTTGACCTGGCATA-1,Layer5,6,2
CGGTTGAGTATCCTTC-1,WM,5,1
CGGTTGGGTTCAAGTT-1,Layer2,0,3
CGGTTTATGAAGGAAC-1,Layer2,0,3
CGTAAACGCTTGAGTG-1,Layer1,3,4
CGTAACTTCGACACTT-1,Layer6,4,1
CGTACCTGATAGGCCT-1,Layer5,1,0
CGTAGAGAGTAATTAT-1,Layer3,0,0
CGTAGCGAATTGTCAG-1,Layer3,2,0
CGTAGCGCCGACGTTG-1,Layer2,0,3
CGTATTAAGAGATCTA-1,Layer6,6,2
CGTCAAGGCTATAAAT-1,Layer3,2,0
CGTCAATCTTTAACAT-1,Layer1,3,4
CGTCACGTCCATTGGT-1,WM,4,1
CGTCAGTGCGCACAAG-1,Layer3,0,3
CGTCAGTTTATCGTCT-1,Layer1,3,4
CGTCATACCATATCCA-1,Layer3,2,4
CGTCGCATGTGAGCCA-1,Layer5,1,5
CGTCGCGGCGGGATTT-1,Layer1,3,4
CGTCGCTTGGTTATAC-1,WM,5,1
CGTCGGATAGTGTTGA-1,Layer3,2,0
CGTCGGGTCTAAGCGC-1,WM,5,1
CGTCGTCCTTCGCGAA-1,Layer5,6,2
CGTCTGGAAGGGCCCG-1,Layer4,2,0
CGTGAAGTTAATTCAC-1,Layer6,4,1
CGTGACATTGGGTCGT-1,Layer3,1,6
CGTGACCAGTCCTCTG-1,Layer6,2,2
CGTGCAGACTGGGACA-1,Layer6,6,2
CGTGCATTGTCGACGC-1,Layer6,6,2
CGTGCCCGACATTTGT-1,Layer1,3,4
CGTGCCCTCCCGAAGA-1,Layer6,6,2
CGTGCTTCTACCTAAA-1,WM,5,1
CGTGGCCGAATATCTA-1,Layer3,0,5
CGTGGTACCCAAAGGC-1,WM,5,1
CGTGTCCCATTCGCGA-1,Layer5,1,0
CGTGTCTCGTTACGAC-1,WM,5,1
CGTGTGTTAAACCCTG-1,Layer2,0,3
CGTTAAACTAGTTAGG-1,Layer3,0,3
CGTTAATGTCCCGACG-1,Layer4,0,6
CGTTAGCTCACAACTG-1,Layer3,2,5
CGTTCAGACCCGCGAA-1,Layer6,6,2
CGTTCATGGTGCGCGT-1,Layer6,4,1
CGTTCTTCGCACACCT-1,Layer2,0,3
CGTTGAATACCGCGCT-1,Layer5,1,6
CGTTGAGCGACCGTCG-1,Layer6,6,2
CGTTGAGTAATTGCGT-1,Layer3,0,3
CGTTGCCCGCGTGGGA-1,WM,4,1
CGTTGTAAACGTCAGG-1,Layer3,2,3
CGTTGTAAGATTGATT-1,Layer3,0,3
CGTTGTCGGCAATTGA-1,Layer6,1,6
CGTTGTTTCAATTCCC-1,Layer6,6,2
CGTTTAAGCGGAGCAC-1,Layer3,2,0
CGTTTCACTTCGGGCG-1,Layer3,0,0
CGTTTCGCTCATTACA-1,Layer6,2,4
CGTTTGTGTAGAGGGT-1,WM,5,1
CTAAACGGGTGTAATC-1,Layer1,3,4
CTAAAGAATGCCTACT-1,Layer6,6,2
CTAAAGGGAAATAGGA-1,Layer6,2,4
CTAAAGTCCGAAGCTA-1,Layer1,2,4
CTAAATCCGGTGTACA-1,WM,5,1
CTAAATCCTATTCCGG-1,Layer5,1,6
CTAACCGCGCGCCCGT-1,Layer6,6,2
CTAACGAAACTTGCTG-1,Layer4,0,6
CTAACTGATAATCGCC-1,Layer3,0,3
CTAACTGGTCCGGTTC-1,WM,5,1
CTAAGGGAATGATTGG-1,Layer6,6,2
CTAAGTACAGGGCTAC-1,Layer1,3,3
CTAATTCGCACGCGCT-1,Layer5,2,4
CTAATTCTCAGATATT-1,Layer3,0,3
CTAATTTCAACAACAC-1,Layer3,2,2
CTACAAGAAATAACCC-1,WM,5,1
CTACACTAGCTTGTTC-1,Layer1,3,4
CTACACTCGCAGATGG-1,Layer3,0,3
CTACATATCGCGGGAC-1,WM,4,1
CTACCCTAAGGTCATA-1,Layer5,1,6
CTACGAACTAGGTCGA-1,Layer3,0,3
CTACGACTAGCTATAA-1,Layer5,6,2
CTACGATCCTATCCTA-1,WM,5,1
CTACGCACGGAGTACC-1,Layer6,6,2
CTACGCCATTTCCGAT-1,Layer3,6,0
CTACGTGTTGCCACCA-1,Layer1,3,4
CTACTATCATAGGTTT-1,WM,4,1
CTACTATCTTTCAGAG-1,Layer4,1,6
CTACTCAAGGTATAGT-1,WM,4,1
CTACTCTAGGCCCGGC-1,Layer5,1,0
CTACTGCCACCTGACC-1,Layer6,6,2
CTAGACATATATGTAG-1,Layer1,3,4
CTAGACTGCATTTCGT-1,Layer3,0,3
CTAGATAAACTCCTCG-1,Layer1,3,4
CTAGATGTGAGTGTAA-1,Layer3,0,6
CTAGATTTACGACGGC-1,Layer6,6,2
CTAGCAACTAATTTAC-1,Layer1,2,4
CTAGCATAGTATAATG-1,Layer6,2,2
CTAGCCGATGTTATGA-1,Layer3,0,6
CTAGGCGCCCTATCAG-1,Layer4,0,6
CTAGGCGGCAGAGAAT-1,Layer1,3,4
CTAGGGATAGGGACAA-1,WM,4,1
CTAGGTCTGAAGGAAT-1,Layer3,0,5
CTAGGTTCGGACGTGA-1,Layer6,6,2
CTAGTAGAAAGGGATT-1,Layer5,1,6
CTAGTATTCGGAATTA-1,Layer3,0,6
CTAGTCACGTCTTAAG-1,Layer6,2,2
CTAGTGAAGGACAGGA-1,Layer5,6,2
CTAGTTACAACCCGGT-1,Layer6,6,2
CTAGTTGGGCCCGGTA-1,Layer6,6,6
CTATAAGAGCCAATCG-1,Layer3,0,6
CTATAGGCGTTGATGT-1,WM,5,1
CTATCGACGAAATACA-1,Layer3,0,5
CTATCGGGTCTCAACA-1,Layer6,6,2
CTATGCCCGAATGCAA-1,Layer6,2,2
CTATGGGAAGCGGAAT-1,Layer3,0,3
CTATGTCACTAGCCCA-1,Layer6,6,2
CTATGTCTATTGAAAC-1,Layer3,3,0
CTATGTGAGTCACGGC-1,Layer6,6,4
CTATTCATGTGTCCCA-1,Layer6,3,2
CTATTGTGTTTGGTCA-1,Layer3,0,3
CTATTTGCTTGGAGGA-1,Layer6,4,1
CTATTTGGTTACGGAT-1,Layer5,2,6
CTCAAACCACTGCCCG-1,WM,5,1
CTCAACTAACCCGGAT-1,Layer4,0,5
CTCAAGACATTAGCGC-1,Layer3,0,3
CTCACATTTACTAAAT-1,Layer6,1,2
CTCACTGTGATACTTA-1,Layer5,1,2
CTCACTTGGCTGGTAA-1,Layer6,2,4
CTCAGGACTCACCTGT-1,Layer3,2,0
CTCAGTCACGACAAAT-1,Layer3,0,6
CTCATGGCTCACAATC-1,Layer3,2,0
CTCATGGTAATTTGCG-1,WM,5,1
CTCATTGCTCTAACAA-1,Layer5,1,6
CTCATTTGATGGGCGG-1,Layer5,2,0
CTCCCAATGAGTCGCG-1,Layer2,0,4
CTCCCTCCTTTCGATC-1,WM,5,1
CTCCGCCCACATGAGG-1,Layer6,4,1
CTCCGGCCTAATATGC-1,Layer5,1,6
CTCCGGCTTGTAGACA-1,Layer2,2,4
CTCCTAAGTTATGTCT-1,Layer2,0,2
CTCCTCCAGCTCACAC-1,Layer6,4,1
CTCCTGTTCAAGGCAG-1,Layer2,3,4
CTCCTTTACGCAAGTC-1,Layer3,0,3
CTCGAATGGAACGTAT-1,Layer2,0,3
CTCGAGACATACGATA-1,WM,4,2
CTCGAGGTCGAACAGT-1,Layer6,6,2
CTCGATATTTGCGAGC-1,Layer3,0,6
CTCGCACCTATATAGT-1,Layer5,0,0
CTCGCATTGCATAGCC-1,WM,5,1
CTCGCCGAATGTAGGG-1,Layer6,6,2
CTCGGGCATCGTCGGG-1,Layer2,3,4
CTCGGGTTCTCTGGCC-1,WM,5,1
CTCGGTACCACTGCTC-1,Layer5,1,6
CTCGGTCCGTAGCCTG-1,Layer4,2,0
CTCGGTTGTCGGCCCT-1,WM,5,1
CTCGTCGAGGGCTCAT-1,WM,5,1
CTCGTTACGGCTACCA-1,WM,4,1
CTCGTTTCTAATGTTT-1,Layer3,0,3
CTCTAATGCATTGATC-1,Layer3,0,3
CTCTACACTGGCGATT-1,Layer6,6,2
CTCTAGCCCTCGGAAA-1,Layer3,0,0
CTCTATTTGGCTGCAG-1,Layer6,6,2
CTCTCACAATCGATGA-1,Layer6,1,2
CTCTCGATGTGCGCCT-1,Layer2,0,3
CTCTCTAACTGCCTAG-1,WM,5,1
CTCTGCGAAGCAAGCA-1,Layer3,3,4
CTCTGGACGCCTGGTG-1,Layer6,2,4
CTCTGTGCCTGCTATG-1,Layer1,3,4
CTCTGTTTGAGGATTC-1,Layer3,2,0
CTCTTCTATTGACTGG-1,Layer3,0,6
CTCTTCTGGAAGTTAG-1,WM,5,1
CTCTTGTCCCGCTTGG-1,Layer6,3,4
CTGAAAGAGATCCGAC-1,Layer5,1,6
CTGAATCCGAGACCTC-1,Layer6,4,1
CTGAATTTATTGCCAG-1,Layer3,0,3
CTGACATAGAAATAGA-1,Layer2,3,4
CTGACTGCGCAGCTCG-1,Layer3,0,6
CTGAGAAAGTTCGGCG-1,Layer2,0,4
CTGAGCAAGTAACAAG-1,Layer2,0,4
CTGATAGTGTATCTCA-1,Layer4,2,0
CTGCAAATGGGCTCCA-1,Layer1,3,4
CTGCAAGCACGTTCCG-1,Layer2,0,3
CTGCACAACTACATAT-1,Layer5,1,2
CTGCACCTGGAACCGC-1,Layer3,0,0
CTGCACTCCAGTACAG-1,Layer6,6,5
CTGCAGAGAATCAGAG-1,Layer3,0,3
CTGCCAAGGTTGGAAG-1,Layer5,1,6
CTGCCATGCATCACAT-1,Layer6,3,4
CTGCCTAGCCACCAAG-1,Layer3,0,0
CTGCCTTTAATACCTT-1,WM,5,1
CTGCCTTTCTAGTAAA-1,Layer3,0,5
CTGCGGGTGAAATGTT-1,Layer5,2,0
CTGCGGTAGTCACGTG-1,Layer3,0,3
CTGCGTTACGATATAA-1,Layer3,2,0
CTGCTGAGGCCACGAA-1,WM,5,1
CTGCTGTCTAACGAGC-1,Layer2,3,4
CTGCTTGGCGATAGCT-1,Layer5,6,5
CTGCTTTATGTCCGCG-1,Layer2,3,3
CTGGAAATGGATGCTT-1,Layer5,6,2
CTGGAAGACACGGTGG-1,Layer5,1,6
CTGGACGCAGTCCGGC-1,Layer6,5,1
CTGGATTTACACTTGA-1,Layer6,4,1
CTGGCATCCGAATGAG-1,WM,5,1
CTGGCGACATAAGTCC-1,Layer4,1,6
CTGGCGCACAGGTCTG-1,Layer5,1,6
CTGGCGGGAATAAGTA-1,Layer3,0,4
CTGGCTCCTGCGGGAT-1,Layer1,3,4
CTGGCTGATTCATCCT-1,Layer4,0,6
CTGGCTGCTAACGTAA-1,Layer1,3,4
CTGGCTGGTTGTCAGT-1,Layer6,6,1
CTGGGATAAATAATGG-1,Layer5,1,6
CTGGGATACGCTACCC-1,Layer2,0,3
CTGGGATCGCCCAGAT-1,Layer1,3,4
CTGGGCACTAGTCGGA-1,Layer1,3,3
CTGGGCCTGCTATATC-1,Layer6,6,2
CTGGGCGGCCAAATGT-1,Layer2,0,3
CTGGGTAGGCAGTTAA-1,Layer5,2,0
CTGGGTTGAGTTAAAG-1,WM,5,1
CTGGTAAAGTGTGGGC-1,Layer2,0,4
CTGGTAACACATAGAA-1,Layer5,1,6
CTGGTAACGAGCTCTT-1,Layer3,1,6
CTGGTCATTCCAATCC-1,Layer3,2,4
CTGGTCCTAACTTGGC-1,Layer3,2,3
CTGGTGAATGGGCCTA-1,WM,5,1
CTGGTTCAACGCATCA-1,Layer1,3,4
CTGGTTTCGAGCAAGA-1,Layer5,1,6
CTGTACTTCTTAGCAT-1,Layer6,4,2
CTGTAGCCATCTCACT-1,WM,5,1
CTGTAGTGAGGATCGA-1,WM,4,1
CTGTATGGTGTAGAAA-1,Layer3,0,0
CTGTCAAATGGCTCGG-1,Layer5,1,6
CTGTCACGCCAGGCGC-1,Layer3,0,3
CTGTGCAGGGTAGGTC-1,Layer6,6,2
CTGTGGTCGGGAGATA-1,Layer4,0,6
CTGTTACCCAATCTAG-1,Layer6,4,2
CTGTTCACTGCCTGTG-1,Layer5,1,2
CTGTTCATCTCACGGG-1,Layer3,3,4
CTGTTGTTCAGTCGTA-1,WM,5,1
CTTAACTTCGAAGTAC-1,Layer3,2,0
CTTACACGGTATTCCA-1,Layer5,6,2
CTTACACTGGGAAATA-1,Layer3,0,6
CTTAGCCTTCCACATG-1,Layer5,1,6
CTTAGGTATAGACCAG-1,WM,5,1
CTTAGTAGGCCTACAG-1,Layer3,0,6
CTTAGTGTAGTAGCAT-1,Layer4,1,6
CTTAGTTGAGGAATCG-1,WM,4,1
CTTATGCGCTCAGGGC-1,Layer5,6,2
CTTATGTTGACTACCA-1,Layer2,3,4
CTTCAACTCCACTTGG-1,Layer5,1,6
CTTCAGTGGTCGCCTA-1,WM,4,1
CTTCATAGCTCAAGAA-1,Layer3,0,0
CTTCATTGTCAGTGGA-1,Layer6,2,2
CTTCCGCTCCGTGAAG-1,WM,5,1
CTTCCTGCATATTTAC-1,Layer1,3,4
CTTCGGCCAATTGTTT-1,Layer3,0,3
CTTCGTAGATAGGTGA-1,Layer6,6,2
CTTCGTGCCCGCATCG-1,Layer1,3,4
CTTCTATGTTGAAGTA-1,Layer6,4,1
CTTCTATTAATGCTAG-1,WM,5,1
CTTCTGGGCGTACCTA-1,WM,4,1
CTTCTTACGTCGTATA-1,Layer3,2,0
CTTGACCCGAAAGATA-1,Layer3,0,0
CTTGAGGTTATCCCGA-1,Layer1,3,4
CTTGAGTTAGGGTAAT-1,Layer4,1,6
CTTGCAACCGCCTCCT-1,Layer6,3,4
CTTGCCCAGGCTCTAC-1,Layer6,4,1
CTTGGCCAAGCTGGGA-1,Layer6,3,4
CTTGTACTTGTTGACT-1,Layer5,1,0
CTTGTCAACATTCGAG-1,Layer6,6,2
CTTGTCGTACGTGTCA-1,Layer1,3,4
CTTGTGAGGACAGCGG-1,Layer1,3,4
CTTGTGAGTCTTTGAC-1,Layer2,3,4
CTTGTGCTCACCGATT-1,Layer3,2,6
CTTGTTGCTGAGTCAA-1,Layer5,1,6
CTTGTTTATGTAGCCA-1,Layer3,3,4
CTTTAACTTTCAAAGG-1,Layer5,1,0
CTTTAATATTGGTCGA-1,Layer6,6,2
CTTTACCGAATAGTAG-1,Layer5,1,6
CTTTAGGAACACTGTT-1,Layer5,1,5
CTTTAGTGCTATTATT-1,Layer6,2,4
CTTTCTGTGCGGGCTT-1,Layer6,2,4
CTTTGAAACATATTCC-1,Layer1,3,3
CTTTGCATCGCTCTTG-1,Layer3,0,0
CTTTGGCGCTTTATAC-1,Layer4,2,4
CTTTGGCTTTAGTAAA-1,Layer5,1,0
CTTTGGGATTGTTGCA-1,WM,4,1
CTTTGTCGAATGCTCC-1,WM,5,1
GAAACAGATGACCACC-1,Layer5,0,6
GAAACAGCCATGCAGT-1,Layer3,2,0
GAAACATAGGAAACAG-1,WM,5,1
GAAACCATGGTGCGCT-1,Layer3,0,3
GAAACCGAATTACCTT-1,WM,4,1
GAAACCTATACAAATG-1,Layer6,4,1
GAAACTCGTGCGATGC-1,Layer4,2,4
GAAACTCTAATGAAGG-1,Layer3,2,0
GAAAGAACAGCGTTAT-1,Layer3,0,5
GAAAGCAGTGCACTTT-1,Layer6,4,1
GAAAGCCCTTTGGACC-1,Layer5,1,2
GAAAGTGACTAACTGC-1,Layer4,2,2
GAAATACCTGCTGGCT-1,Layer3,0,3
GAAATACTAAACGTTT-1,Layer3,0,2
GAAATATCACCATCAG-1,Layer5,1,2
GAAATATGCTTGAATG-1,Layer2,0,3
GAAATCGCGCGCAACT-1,Layer5,1,6
GAAATGGCGGTGTTAG-1,Layer6,6,2
GAAATGGGATGTAAAC-1,Layer1,3,4
GAAATTAGCACGGATA-1,Layer3,0,6
GAAATTCACATCGCTG-1,Layer3,2,2
GAAATTGTCTCTATAA-1,Layer6,4,1
GAACAACTGGGATGAA-1,Layer3,0,0
GAACACACATCAACCA-1,Layer5,1,6
GAACAGATTACTAAAT-1,Layer6,1,2
GAACCATCTGGGAGAC-1,Layer1,3,4
GAACCCTCTGTGTTCT-1,Layer6,6,2
GAACCTCGACCTACAC-1,Layer5,2,4
GAACCTTTAACGATCC-1,Layer5,1,6
GAACGACCGAATGATA-1,Layer5,1,6
GAACGCGGGTCACACG-1,Layer2,0,3
GAACGTCTCATGGTCG-1,Layer5,1,6
GAACGTTAGGAAGACG-1,Layer4,1,0
GAACTGTGGAGAGACA-1,Layer6,6,2
GAACTTAGCGCCCGGT-1,Layer1,3,3
GAAGAAACGATATTGT-1,WM,5,1
GAAGAACGGTGCAGGT-1,Layer3,0,3
GAAGACTTCAATGCCG-1,Layer2,0,3
GAAGCAAGGCAATGTT-1,Layer1,3,4
GAAGCCACTGATTATG-1,Layer5,1,2
GAAGCCTGCACATTCC-1,Layer6,2,4
GAAGCGTGAGGAATTT-1,Layer6,2,4
GAAGCTCGGACCCGTC-1,WM,5,1
GAAGCTTGCTGACCGC-1,Layer5,2,2
GAAGGACTAAATTGAA-1,Layer1,3,4
GAAGGAGTCGAGTGCG-1,Layer6,6,2
GAAGGGCATAACCATG-1,Layer1,3,4
GAAGTCAGTTGCACTA-1,Layer6,3,4
GAAGTCTCCCTAGCGA-1,Layer5,0,6
GAAGTGATTTATCGTG-1,Layer6,4,2
GAAGTGCTGGATAGCT-1,Layer3,0,0
GAAGTTTCCACTCAAT-1,Layer6,2,2
GAATAGACGCGACCCA-1,Layer5,0,6
GAATAGCATTTAGGGT-1,Layer2,0,3
GAATAGCCCTGCGGTC-1,Layer2,0,3
GAATAGTGCTCGATTA-1,WM,5,1
GAATATTCGGAGTCCC-1,Layer3,2,6
GAATCGACATGGTCAC-1,Layer5,1,6
GAATCGCCGGACACGG-1,Layer3,0,3
GAATCTATACTCGGAC-1,Layer3,0,3
GAATCTGAACATTCTC-1,Layer6,4,4
GAATGCCGAAATGACC-1,Layer3,2,4
GAATGCGAATCGGTTC-1,Layer5,6,2
GAATGTATGGCAGGTC-1,Layer3,1,0
GAATGTGGTCCGGATT-1,Layer5,1,6
GAATGTTGGGTAATCT-1,Layer5,2,0
GAATTATAGTGAAAGG-1,Layer6,6,2
GAATTCACCCGGGTGT-1,Layer6,4,1
GAATTTCTCGCTGCAG-1,Layer5,2,0
GACAAACATATGCAGG-1,Layer3,0,5
GACAACGACCATTGAA-1,Layer5,2,0
GACAACGCAGCTTACG-1,Layer5,1,0
GACAAGAGATGAGATT-1,Layer2,3,2
GACACAAGGGAAGAAA-1,Layer6,6,2
GACACGAGTTAGAGGA-1,Layer3,2,0
GACACTGAGTTCAGTG-1,WM,4,1
GACACTGGAACCCGAT-1,Layer3,0,3
GACAGATTTCTGGCTC-1,Layer5,6,4
GACAGCCAGACCTGAC-1,Layer5,6,5
GACAGGCACACACTAT-1,Layer5,2,2
GACATCCGTCGAACTG-1,Layer5,0,2
GACATCGATTTATAAC-1,WM,5,1
GACCAAACGTTGACTG-1,Layer3,0,3
GACCAGAGCCCTGTAG-1,Layer5,6,2
GACCAGGTCATTCATA-1,Layer3,0,3
GACCCAATTATGATAC-1,WM,5,1
GACCCGTCGCCGGCTA-1,Layer3,0,0
GACCGACGTGAAAGCA-1,Layer3,0,3
GACCGACTGAAGCGTC-1,Layer5,1,2
GACCGATTAAATATGT-1,WM,5,1
GACCGCGTCTGACGTG-1,Layer3,0,3
GACCGTCAGGTCGTGA-1,Layer3,1,6
GACCGTGCTGACGGTG-1,Layer6,4,2
GACCTTCCACGTCTAC-1,Layer5,1,2
GACGACGATCCGCGTT-1,Layer6,1,6
GACGAGGCTAATAAAC-1,Layer3,0,3
GACGCATACCCGTCGG-1,WM,5,1
GACGCCGTAAAGGCTA-1,Layer6,4,1
GACGCCTGTTGCAGGG-1,Layer2,0,2
GACGCTTGCTTCTAAA-1,Layer6,3,4
GACGGACCGCGTTCCT-1,Layer2,0,3
GACGGGATGTCTTATG-1,Layer1,3,4
GACGGGTTGGCCCGTA-1,Layer6,4,1
GACGGTCAATAGAAGC-1,Layer3,0,6
GACGTGAGACTCCATG-1,Layer1,3,4
GACGTGTAGGGATTAT-1,Layer5,3,4
GACTAACACAGCACCT-1,Layer3,3,3
GACTAAGATCATGCAC-1,Layer5,1,0
GACTAAGTAGGCTCAC-1,Layer5,1,6
GACTACAAAGCGGTGG-1,Layer6,5,1
GACTACAATTGCTCGT-1,Layer3,0,3
GACTAGGCCGTTAGGT-1,Layer5,1,5
GACTCACCCACGTGAG-1,Layer3,0,3
GACTCCCAGAATAAGG-1,Layer2,0,3
GACTCCTTCCAATTGA-1,WM,5,1
GACTCGCGGGAATGAC-1,Layer3,1,6
GACTCGGTCGGCGGAT-1,Layer1,3,4
GACTGATTGGTCACAA-1,Layer2,0,3
GACTGCAAATCGAGCT-1,Layer5,1,5
GACTGCACCAGCCCAG-1,Layer5,2,6
GACTGCGGCACGTGTA-1,Layer3,0,0
GACTGCTGGTGAGAAA-1,WM,5,1
GACTGGGCGCCGCAAC-1,Layer3,0,3
GAGACTGATGGGTAGA-1,Layer6,6,2
GAGACTTCGCGACCGA-1,Layer6,3,4
GAGAGGGCGCGAGGTT-1,Layer6,6,2
GAGAGGTGCATTCTGG-1,Layer6,4,1
GAGAGTCTCGGGAGAG-1,WM,4,1
GAGATCTGCTTGGCAT-1,Layer6,6,2
GAGATCTGTCACTCCG-1,Layer6,1,2
GAGATCTTCCATGACA-1,Layer5,6,2
GAGATGGGAGTCGACA-1,Layer6,6,5
GAGCACCTGTGTCCAG-1,Layer5,1,6
GAGCATCAACAACTTG-1,WM,5,1
GAGCATCATCCCTGGG-1,Layer3,0,3
GAGCCACGGTAGTAGG-1,Layer3,0,3
GAGCCAGCTACCTGTG-1,Layer4,0,6
GAGCCGAGCGTTTATT-1,Layer2,0,3
GAGCGAGGGAGTACCG-1,Layer3,2,0
GAGCGCAAATACTCCG-1,Layer3,0,3
GAGCGCGCACGAGTAG-1,Layer4,0,5
GAGCGCTATGTCAGGC-1,Layer1,3,4
GAGCGCTGTTAGGTAA-1,WM,5,1
GAGCGGAATGCGGTGT-1,Layer6,4,1
GAGCTAAGGGCATATC-1,Layer5,1,6
GAGCTCTCGGACCTAA-1,Layer3,2,0
GAGCTGTCGTCTCGGA-1,Layer3,0,3
GAGGAATGGAGAGGTT-1,Layer4,2,2
GAGGAGTAATTCCTAC-1,Layer1,3,4
GAGGATAAACAGTGCT-1,Layer2,0,3
GAGGCCCGACTCCGCA-1,WM,5,1
GAGGCCTGTTGATACA-1,Layer3,0,3
GAGGCTATCAAAGTCG-1,Layer5,2,2
GAGGGAGTCAGATCGC-1,WM,5,1
GAGGGCATCGCGTATC-1,Layer2,2,3
GAGGGCGCAGCTCTGC-1,Layer5,1,6
GAGGGTAGTAACAAAG-1,WM,5,1
GAGGTACATCCATCTT-1,Layer3,2,6
GAGGTACGCGTGTCCC-1,Layer6,1,5
GAGGTCCCAAAGATCT-1,Layer3,2,4
GAGGTCTTAGTGGGTC-1,Layer2,0,3
GAGTAAACCGGAAAGT-1,Layer2,3,4
GAGTAAGGCCACGGGA-1,Layer6,4,1
GAGTACGGGTATACAA-1,Layer3,0,0
GAGTAGATACTAGTTG-1,Layer6,6,2
GAGTATGCCCGCCTTG-1,WM,5,1
GAGTATGCGCGTGCAT-1,Layer5,2,2
GAGTCAGACCAGAATC-1,WM,4,1
GAGTCCGCTTACCGGA-1,Layer6,6,1
GAGTGTCAACCAGAAA-1,Layer4,0,6
GAGTGTGCGGTACCCA-1,Layer5,1,6
GAGTTGATGGCAATTT-1,WM,4,1
GAGTTGTCACCAGTCT-1,WM,5,1
GATAAATCGGTGGATG-1,Layer3,0,5
GATAACTCGCACTGTG-1,Layer5,1,6
GATAAGGCAGATGCAA-1,Layer1,3,4
GATACGATGGGAGTCA-1,WM,4,1
GATAGGTAACGTTGAC-1,Layer6,4,1
GATAGTGCGAGTAAGT-1,WM,4,1
GATATCTCATGCAATA-1,Layer3,2,0
GATATGAGACACTAAC-1,Layer5,1,6
GATATGCGGTAGCCAA-1,Layer3,0,6
GATATGGATTACGCGG-1,Layer3,0,0
GATATTGAGATTGGCG-1,Layer3,2,5
GATATTTCCTACATGG-1,Layer3,1,0
GATCAACATAAAGGGA-1,WM,5,1
GATCATTCCAAACATT-1,Layer6,6,2
GATCCCTTTATACTGC-1,Layer6,6,2
GATCCGGGAATTAACA-1,Layer6,6,2
GATCCTAAATCGGGAC-1,Layer3,0,6
GATCCTCGACACTGGC-1,WM,5,1
GATCCTCTTGCGCTTA-1,Layer3,0,3
GATCGACACTATCTGA-1,Layer5,2,0
GATCGCGGGCTCTCCA-1,Layer6,3,4
GATCGCTACCCGATTT-1,Layer3,0,5
GATCGCTATATCTCAG-1,WM,4,1
GATCGGATAGAACCAT-1,Layer5,6,2
GATCGGCGATAAGTCG-1,Layer3,2,4
GATCGGTGGCCATAAC-1,Layer6,1,2
GATCGTGACTGATATC-1,Layer6,6,2
GATCTCGACGCTGTGG-1,Layer2,3,4
GATCTGCTATCTAAGG-1,Layer6,2,2
GATCTTGGAGGGCATA-1,Layer6,6,2
GATCTTTGCAGGGTAT-1,Layer6,6,2
GATGACAAGTAGGGCA-1,WM,4,1
GATGACGATGATCGCG-1,Layer2,3,3
GATGAGGAACCTTCGG-1,Layer4,2,5
GATGATTTGAAACTGG-1,Layer1,3,4
GATGCCACACTACAGC-1,Layer1,2,4
GATGCCAGCAGAAGGC-1,Layer3,3,4
GATGCCTTCTGCGGCA-1,WM,5,1
GATGCGTCCTGCATTC-1,Layer6,4,2
GATGCTACAAGCGCCT-1,Layer4,2,0
GATGCTGTATTTCATC-1,Layer6,6,2
GATGGCGCACACATTA-1,Layer3,2,0
GATGGTGCCCTAGGCA-1,Layer3,2,0
GATGTAACGAACCACC-1,WM,5,1
GATGTCCGGATCACAT-1,Layer1,3,4
GATGTCGGTCAACTGC-1,Layer3,0,6
GATGTGTTGTCACAAG-1,Layer3,0,3
GATGTTCAATCCACGA-1,Layer6,4,1
GATGTTTGTGCGAGAT-1,Layer3,2,0
GATTAACCGAAAGCCC-1,Layer3,0,5
GATTAATCCTGGCTCA-1,Layer1,2,4
GATTACTGAATTTGGG-1,Layer6,2,4
GATTCCCTTGTCGCAG-1,Layer5,2,0
GATTCCGCGTTTCCGT-1,Layer4,2,6
GATTCCTATACGGCGC-1,Layer3,2,0
GATTCGACGGTTCACG-1,Layer6,1,2
GATTGACACTCTGCTC-1,Layer3,0,3
GATTGCTCCAGTTGCA-1,WM,5,1
GATTGGGAAAGGTTGT-1,Layer4,1,5
GCAAACCCTACATTAT-1,Layer5,1,6
GCAAACCTTGGCCATA-1,Layer6,6,2
GCAAACGTAAGCGACC-1,WM,5,1
GCAAACGTCGCCAGGT-1,Layer2,0,3
GCAAAGGGCGTTAGCC-1,WM,5,1
GCAAATATTACGCTTT-1,Layer6,2,2
GCAACACACTAGAACT-1,Layer6,4,4
GCAACAGCAGTATGCG-1,Layer3,0,3
GCAACCACCAGACCGG-1,Layer3,0,5
GCAACCACGGCCGCGT-1,Layer6,4,2
GCAACGGCTAGTTATG-1,Layer3,0,3
GCAAGAATTCCTTGGC-1,Layer6,5,1
GCAAGATGTGTTCGCG-1,Layer2,0,3
GCAAGTGCACAGAGAA-1,Layer5,1,6
GCAAGTGTAAAGCATG-1,WM,4,1
GCACAAACCCTAGATG-1,WM,5,1
GCACAAACGAGGCGTG-1,Layer2,0,3
GCACAACCTCGGGCGT-1,WM,5,1
GCACAAGTGTCGGAAG-1,Layer3,2,0
GCACACACTGGTAGCC-1,Layer3,0,5
GCACACGCCCATGGTC-1,Layer4,2,0
GCACAGCACGGGCCGA-1,WM,4,1
GCACGCCTACTTAGAT-1,WM,5,1
GCACGTGGTTTACTTA-1,Layer3,0,3
GCACTAGTCGCGCTAT-1,Layer3,2,0
GCACTGCCTACCTTTA-1,Layer5,2,2
GCACTGTGCAAATGTA-1,Layer1,3,4
GCAGACCCAGCACGTA-1,Layer3,0,3
GCAGATCCATAAGACT-1,Layer5,1,6
GCAGATCCTCGCAAAT-1,Layer3,2,0
GCAGATTAGGGATATC-1,Layer6,6,2
GCAGCACACAGCCCAG-1,Layer6,3,4
GCAGCCTATATCACAT-1,Layer2,0,3
GCAGCGGTGGGCATTA-1,Layer1,3,4
GCAGGAACTTAGATCT-1,WM,5,1
GCAGGACTATAGAATA-1,Layer5,6,2
GCAGGTAGAGTATGGT-1,Layer3,1,6
GCAGTGTGGCTATAGG-1,Layer5,0,6
GCATACGAGGTCTTTA-1,Layer5,1,0
GCATAGAGCACTCAGG-1,Layer6,6,4
GCATCCCTAACTTTGA-1,Layer3,0,5
GCATCGGCCGTGTAGG-1,Layer3,2,3
GCATGAGGGACGCGGC-1,Layer5,1,6
GCATTCAAGGCAACGC-1,Layer3,0,3
GCATTCGAAATGAACA-1,Layer3,2,0
GCATTGTAATTCATAT-1,Layer6,6,2
GCATTTCCAAGGCTCC-1,Layer3,0,3
GCCAACCATTTCCGGA-1,Layer3,0,3
GCCAAGAATACTTCTG-1,Layer6,4,2
GCCAATAGGGCATCTC-1,Layer3,0,6
GCCACAATTTAAGGAC-1,WM,4,1
GCCACTCAGAGCGCGA-1,Layer3,0,3
GCCAGGAAAGAACACT-1,WM,4,1
GCCAGGAGTAACCGAT-1,Layer4,1,6
GCCAGGCGTTCGCATG-1,Layer3,0,3
GCCATATTGCACACAG-1,Layer4,2,6
GCCATCGAGCTGCGTG-1,WM,4,1
GCCATCGATGCTGCAT-1,Layer3,0,3
GCCATTAGCCTCAAAC-1,WM,4,1
GCCCACCAAGGCTGTC-1,Layer3,3,4
GCCCAGTTGGTATGCC-1,Layer4,2,0
GCCCATGGGTGCAATG-1,Layer2,0,3
GCCCGACTTCTTCCCG-1,WM,5,1
GCCCGAGAGTCTAAAT-1,WM,5,1
GCCCGATCTGTGGTCG-1,Layer6,6,2
GCCCGCGCGTAAACGG-1,WM,5,1
GCCCGCGCGTTTGACA-1,Layer3,1,0
GCCCGTAATACCTTCT-1,Layer5,1,6
GCCCTAGCCGTCGCGA-1,WM,4,1
GCCCTGAGGATGGGCT-1,Layer5,2,0
GCCGAAATTCCTACGT-1,Layer6,6,2
GCCGACCCACGACTGC-1,WM,5,1
GCCGATTGGCCAAGCT-1,Layer6,3,4
GCCGCATTAGTCCGGC-1,Layer5,1,0
GCCGCTAGATACGCAG-1,Layer2,0,3
GCCGCTTGTGAGAAAC-1,Layer6,2,2
GCCGGAAACACATCTT-1,Layer1,3,4
GCCGGGTTAGGGTCGC-1,Layer6,4,4
GCCGGTTTGGGCGGAT-1,Layer1,2,4
GCCGTCGGTTTCGGGC-1,WM,4,1
GCCGTGGAAGAAATGT-1,Layer2,0,3
GCCTAGCGATCTGACC-1,Layer4,1,0
GCCTATAGTGTCAGGG-1,Layer4,1,6
GCCTATTCCGATATAG-1,Layer4,2,2
GCCTATTTGCTACACA-1,Layer2,0,3
GCCTCATCTGGAAATA-1,Layer4,0,6
GCCTCCGACAATTCAC-1,Layer3,0,3
GCCTCTATACATAGCA-1,Layer5,1,5
GCCTGCTACACTGAGA-1,Layer1,3,4
GCCTTCAGCCCTACCG-1,Layer3,0,0
GCCTTGTATATGCAGT-1,Layer2,3,4
GCCTTTGTCAGTGGAC-1,WM,5,1
GCGAAACGATCGGGAG-1,Layer3,0,3
GCGAAACTTAACTGGA-1,Layer5,1,6
GCGAAGAATCTGACGG-1,Layer3,1,5
GCGAAGCCATACCCGT-1,Layer6,2,2
GCGACATGTAAACATC-1,Layer3,0,3
GCGACCCAACCATCTG-1,WM,4,1
GCGACGATAGTTGTAC-1,Layer6,4,1
GCGAGAAACGGGAGTT-1,Layer1,3,4
GCGAGAGGCCATGTAA-1,Layer2,0,3
GCGAGAGTTGCGTCCA-1,Layer3,0,6
GCGAGCGCATGCTCCC-1,Layer3,0,3
GCGAGGCCCGAGCAGA-1,Layer6,6,2
GCGAGTTCTGCAAAGA-1,Layer6,6,2
GCGATTCTGGAAGCAG-1,Layer3,2,6
GCGATTGTTAACGTTA-1,Layer6,1,2
GCGCAAATATATTCAA-1,WM,5,1
GCGCAAGAGCGCGCTG-1,Layer3,0,6
GCGCATCCAGTCAGCA-1,Layer4,0,6
GCGCCGTTCCACGATA-1,Layer6,3,4
GCGCCTCCCACTCCGA-1,Layer3,0,3
GCGCGGTCTAGTAACT-1,Layer6,4,1
GCGCGTCATTGGTACA-1,Layer5,1,6
GCGCTAAGTATGCATG-1,Layer3,0,3
GCGCTAATTGAATAGA-1,Layer6,6,2
GCGCTATGCCGAGGCA-1,WM,4,1
GCGCTGATCCAGACTC-1,Layer3,2,6
GCGCTGCTTTGCATTT-1,Layer4,0,6
GCGCTTAAATAATTGG-1,Layer4,0,6
GCGGACCGCGTTGTGG-1,WM,5,1
GCGGAGAAACTTCGCA-1,WM,5,1
GCGGAGAGGGAGAACG-1,Layer5,1,0
GCGGCAAAGTATTGCC-1,WM,5,1
GCGGCTCTGACGTACC-1,Layer6,2,4
GCGGGAACCAGGCCCT-1,Layer4,1,6
GCGGGCGAGCCTTACC-1,WM,4,1
GCGGTCCCTAGACGCA-1,Layer3,0,6
GCGGTGAACTGCGCTC-1,Layer3,0,6
GCGGTTCCCTATCATG-1,WM,4,1
GCGTAAATGGCCATAA-1,Layer3,0,6
GCGTCCCTAAGACATA-1,WM,4,1
GCGTCGAAATGTCGGT-1,Layer4,1,6
GCGTCGCCAGGGTGAT-1,Layer6,2,4
GCGTCTCTGCATTGGG-1,Layer6,3,4
GCGTGGTACTGGGTTA-1,Layer4,0,5
GCGTGTATGTCGTATT-1,Layer2,0,4
GCGTTATATTTGGAAC-1,Layer3,2,0
GCGTTCGGAGACCGGG-1,Layer3,0,3
GCTAAACCTGAGGTGA-1,Layer3,3,0
GCTAACTGAAGTCTGA-1,Layer4,0,6
GCTAAGTAAAGGCGAT-1,Layer3,2,0
GCTAAGTAGTTTCTCT-1,Layer5,1,6
GCTAATACCGAATGCC-1,Layer5,1,6
GCTACAATCGAGGATA-1,Layer3,0,3
GCTACAGTACGGACCG-1,Layer5,2,2
GCTACGACTTATTGGG-1,Layer6,6,2
GCTACTATAGTAGAGT-1,Layer4,0,5
GCTAGACCGTCTACTG-1,Layer3,0,3
GCTAGAGTAGAGATGT-1,Layer3,0,5
GCTAGCAGGGAGTGGG-1,Layer3,0,3
GCTAGCGATAGGTCTT-1,WM,5,1
GCTAGCTTGAATAGCT-1,WM,5,1
GCTAGGCACCACGGAG-1,Layer5,1,6
GCTAGTAGAGCTTGTA-1,Layer6,2,2
GCTAGTTTCATTGAGG-1,Layer3,0,0
GCTATACGTCTCGGAC-1,Layer4,1,6
GCTATCATACTCATGG-1,Layer5,1,6
GCTATCGCGGCGCAAC-1,Layer3,2,4
GCTCAATCCGTTTATT-1,WM,5,1
GCTCAATGTAATACCG-1,Layer6,6,4
GCTCATTACTGCATGT-1,Layer3,0,5
GCTCCCAGTCGGTCCA-1,Layer3,0,3
GCTCCGCTCGCTTCAG-1,Layer3,0,3
GCTCCGGACGTTGATA-1,Layer1,3,4
GCTCCTGACATACTGG-1,WM,4,1
GCTCGCGGTTCCGCTC-1,Layer3,2,0
GCTCGCTCATGTCCAA-1,Layer3,0,6
GCTCGGAATTTAAAGC-1,Layer5,1,6
GCTCTAAACCCTGACG-1,Layer5,6,2
GCTCTATGTTACGTGC-1,Layer5,1,0
GCTCTCGGGTACCGAA-1,Layer5,6,2
GCTCTTTCCGCTAGTG-1,Layer6,4,2
GCTGAATCTTCCAATC-1,WM,5,1
GCTGAGGCGTGAGTAT-1,Layer6,2,4
GCTGCACGGTTTCTTA-1,Layer6,6,2
GCTGCTAAGTAGTCGA-1,Layer6,4,1
GCTGCTACTGCGTAGC-1,Layer5,1,0
GCTGCTCTCCGGACAC-1,Layer6,2,2
GCTGGACCCAAAGTGG-1,Layer2,0,3
GCTGGCATATTCACCT-1,Layer5,1,2
GCTGGCGGCGCATGCT-1,Layer6,2,4
GCTGGGTCCGCTGTTA-1,Layer1,3,4
GCTGGTTTAGGCCATA-1,WM,5,1
GCTGTATTACTGGCCC-1,WM,5,1
GCTGTCTGTGATCGAC-1,Layer2,0,3
GCTGTTGCTACCGAAC-1,Layer4,0,6
GCTTAATGTAACTAAC-1,Layer5,1,6
GCTTACGTAGTTAGTA-1,Layer3,0,3
GCTTATGAAGCAGGAA-1,Layer5,1,6
GCTTCCGTCCCTAGAC-1,Layer5,2,0
GCTTCGACGTTCAATC-1,WM,5,1
GCTTGATGATAATCAG-1,Layer4,0,0
GCTTGGATCGATTAGG-1,Layer3,0,6
GCTTTCAGAGGAGGTG-1,Layer4,2,6
GGAAACCTTGTTGAAT-1,Layer3,0,3
GGAAACTAAATGGGCC-1,Layer3,0,3
GGAAAGTGCCCATGCC-1,Layer4,1,6
GGAACCGTGTAAATTG-1,WM,4,1
GGAACCTTGACTCTGC-1,WM,5,1
GGAACGGCCTGCAGCC-1,Layer3,2,4
GGAACTTTGGCGATTA-1,Layer2,0,3
GGAAGCTCGCTTACAG-1,Layer3,0,6
GGAATAACCTCAAGAA-1,Layer3,3,3
GGAATGCGCTAGCGTG-1,Layer5,1,6
GGACACAAGTTTACAC-1,Layer3,0,3
GGACCAACAGGATAAC-1,Layer6,6,2
GGACCTACGGTAACGT-1,Layer2,0,3
GGACCTCTAGGCCGCC-1,WM,5,1
GGACGGCTTGCGCAAC-1,Layer2,0,3
GGACTCGACAGCGCAT-1,WM,4,1
GGACTCGTGAGTGGTC-1,WM,5,1
GGAGAAGTCATTGGCA-1,Layer4,1,0
GGAGACCATCTACATA-1,Layer6,4,4
GGAGACGACACCTTTG-1,Layer6,6,2
GGAGCAACATTTCAAG-1,Layer3,0,3
GGAGCACCAAGAACTA-1,Layer5,1,6
GGAGCGAGGCCTACTT-1,Layer5,1,2
GGAGGATTGAAAGGAG-1,Layer3,0,3
GGAGGCCGAAGTCGTC-1,Layer2,0,3
GGAGGCGAAGAACCGC-1,Layer1,3,4
GGAGGGCTTGGTTGGC-1,Layer5,6,6
GGAGGGTCAAGTAAGA-1,Layer2,3,4
GGAGTGCCGCCCTGGA-1,Layer4,1,0
GGATACTCATGAATTG-1,Layer2,0,3
GGATCAAAGGACGAGG-1,Layer2,0,2
GGATCATCCCGTACGC-1,Layer3,0,3
GGATCCCTACCAGCTA-1,Layer1,3,4
GGATCCGGAATATACT-1,Layer5,1,6
GGATCTTACTGCCCTT-1,WM,5,1
GGATCTTGACTCAACC-1,WM,4,1
GGATGAAGATCGCTGA-1,Layer4,2,6
GGATGACGCGAGTTTA-1,Layer6,3,4
GGATGCTGGCGTTCCT-1,Layer5,2,2
GGATGTCCTTACCGCA-1,Layer5,1,6
GGATTAAGCTAAGGTC-1,Layer3,2,3
GGATTCAGTACGGTGG-1,Layer3,2,0
GGATTCCGCTATACCC-1,Layer5,2,6
GGATTGCTGTGACTCC-1,Layer4,1,6
GGATTTCACTTCTATA-1,Layer5,1,6
GGCAAAGGCGCCAATA-1,WM,5,1
GGCAAATTACTTTACT-1,Layer6,4,1
GGCAAGCCCATAGTGG-1,Layer6,6,2
GGCAAGGCGAAATAGC-1,Layer6,6,2
GGCAATAGTCAATGAG-1,Layer6,2,2
GGCACTCCACTGGGCA-1,Layer6,2,4
GGCAGCAAACCTATGC-1,Layer3,0,3
GGCAGCGGTAATCCTA-1,Layer3,0,3
GGCATACAGGTAGCGG-1,Layer5,2,2
GGCATATCGGTTCTGC-1,Layer4,0,0
GGCATCAACGAGCACG-1,Layer1,3,4
GGCCCTCACCCACTTA-1,Layer5,1,2
GGCCGAGACTCTGGTG-1,WM,5,1
GGCCGGCGTCTGCTAT-1,Layer5,1,5
GGCCGTTTGGGTTTCA-1,WM,4,1
GGCCTGCTTCTCCCGA-1,Layer2,0,4
GGCGAAATCTAACTTG-1,Layer5,1,6
GGCGAGCATCGAGGAC-1,Layer1,3,4
GGCGAGCGAAACGGCA-1,Layer6,5,4
GGCGCAGGACATCTTC-1,Layer5,6,2
GGCGCATGAATTGATG-1,Layer6,4,1
GGCGCGGAGATCTTTC-1,Layer4,1,5
GGCGCGTTCGAGTTTA-1,Layer6,4,1
GGCGCTCCTCATCAAT-1,Layer3,0,4
GGCGCTTCATTCCCTG-1,Layer5,6,2
GGCGGAGTAATATTAG-1,Layer6,6,2
GGCGGTAGGATCATTG-1,Layer6,1,2
GGCGGTTTGCCGGTGC-1,Layer1,2,4
GGCGTACCCTATATAA-1,Layer1,3,4
GGCGTAGGGAAAGCTG-1,Layer4,1,6
GGCGTCCTATCCGCTG-1,Layer5,2,2
GGCTAAAGGGCGGGTC-1,Layer3,0,0
GGCTACTATACACTCC-1,WM,4,1
GGCTATTAAGTTGTAT-1,Layer5,2,2
GGCTCCTCCACCTGTT-1,WM,5,1
GGCTCGCGTTGAGGTA-1,Layer4,1,6
GGCTCGTGCCACCAGC-1,Layer3,2,0
GGCTCTGCTCCAACGC-1,Layer5,1,2
GGCTGAAATAGCAAAG-1,Layer5,2,2
GGCTGAGCATCGTAAG-1,Layer2,0,3
GGCTGGCTAGCTTAAA-1,Layer1,3,4
GGCTTTCAATAAGGGT-1,Layer6,2,4
GGGAACCACCTGTTTC-1,Layer1,3,4
GGGAACGGGAGGTTAG-1,Layer6,3,4
GGGAACGGTTTCAGAT-1,WM,5,1
GGGAAGACGGTCTGTC-1,Layer5,1,5
GGGAAGGGCTTTCTCA-1,Layer3,0,5
GGGAATGAGCCCTCAC-1,Layer3,0,3
GGGACAGAGTTACTCC-1,WM,5,1
GGGACCCGTATATCTT-1,Layer6,4,1
GGGACTGCATAGATAG-1,Layer6,2,0
GGGAGAACTCACAGTA-1,Layer6,2,2
GGGAGGATGCCCGAAA-1,Layer6,4,2
GGGAGTAATGGCTGGC-1,Layer2,0,3
GGGAGTTAATGAGGCG-1,Layer6,1,6
GGGATGGACCCGCGTC-1,WM,5,1
GGGATGGTCGTAACCG-1,WM,4,1
GGGATTTACCGCACCT-1,Layer5,1,6
GGGCAACCGCACGTGC-1,WM,5,1
GGGCAGAGCAATCGTT-1,Layer6,3,4
GGGCAGGATTTCTGTG-1,WM,5,1
GGGCCATTCGTGCTGG-1,WM,5,1
GGGCCCGTCTTAAACA-1,Layer6,4,1
GGGCCCTACGAAAGGG-1,Layer5,2,0
GGGCCGGCCGAAGTAC-1,Layer5,1,6
GGGCCTAAATGGGCTA-1,Layer5,6,2
GGGCGATATGTGTGAA-1,Layer6,1,2
GGGCGGCAAATGAATT-1,WM,4,1
GGGCGGGTTCCCTACG-1,Layer6,4,1
GGGCGGTCCTATTGTC-1,Layer2,3,4
GGGCGTACATTTATAT-1,Layer5,1,6
GGGCGTCACCACGTAA-1,WM,4,1
GGGCGTCCACTGGCTC-1,Layer3,2,0
GGGCGTGGTTTCCCAG-1,Layer5,1,6
GGGCGTTTACATTCAT-1,WM,5,1
GGGCTATGATCGATGG-1,Layer6,4,1
GGGCTCATCGAACCCA-1,Layer5,1,6
GGGCTGCCTAGGGCGA-1,Layer6,6,2
GGGCTGGTTAGTCGCG-1,Layer6,6,2
GGGTAATGCTGTGTTT-1,Layer1,3,4
GGGTACACTCTGGAGG-1,Layer1,3,4
GGGTACCCACGGTCCT-1,Layer2,0,4
GGGTACTTCATGAACT-1,Layer6,6,2
GGGTATGTATGCACTT-1,Layer4,0,0
GGGTATTCTAGCAAAC-1,WM,4,1
GGGTCACCGTGACGGT-1,Layer6,3,4
GGGTCACGTGCTTATG-1,Layer1,3,4
GGGTCAGGAGCTAGAT-1,Layer6,2,2
GGGTCATGCGTACCAT-1,Layer3,0,0
GGGTCGTGGCAAGTGT-1,Layer3,0,3
GGGTCTATCGCTTTCC-1,Layer2,3,4
GGGTGACACCTTAACT-1,Layer6,4,1
GGGTGCATATGAAAGC-1,Layer2,0,3
GGGTGGTCCAGCCTGT-1,Layer3,0,5
GGGTGTTTCAGCTATG-1,Layer4,1,2
GGGTTAACATTTGAGT-1,WM,4,1
GGGTTCAGACGAACAA-1,Layer3,3,4
GGGTTTAGGATAGGAT-1,Layer3,0,3
GGTAAATGTGCGTTAC-1,Layer3,1,6
GGTAACCGGGAGGATA-1,WM,4,1
GGTAACTATGTATCTG-1,Layer3,0,2
GGTACAAACATGCTAT-1,Layer6,4,1
GGTACATCTGGGACGA-1,Layer5,2,2
GGTACCATTAAGACGG-1,Layer3,0,3
GGTAGAAGACCGCCTG-1,Layer6,6,5
GGTAGACCGTTGGGCG-1,Layer6,4,1
GGTAGTGCTCGCACCA-1,Layer6,6,2
GGTATAGTGACACATA-1,Layer2,0,3
GGTATTGCCGAGTTTA-1,Layer6,2,4
GGTCAAGACTACTTCG-1,Layer3,0,3
GGTCACGTTAGATTCA-1,Layer1,3,4
GGTCAGTGGGTCCCAC-1,Layer6,4,1
GGTCATTGTAGTCATA-1,Layer1,4,1
GGTCGGATAAACGGCG-1,Layer3,0,6
GGTCGGCCAGGAGCTT-1,Layer5,1,6
GGTCGGTAATTAGACA-1,Layer2,2,2
GGTCGGTCGTCCACAG-1,Layer6,4,1
GGTCGTAAGCTCGCAC-1,Layer6,4,1
GGTCTCCGTCCAGGTT-1,Layer3,0,3
GGTCTCTGAATGGACT-1,WM,5,1
GGTCTGAGAATCTGGA-1,Layer5,1,6
GGTCTTGAGCGCTCTT-1,Layer6,6,5
GGTGAAACCGGGAATG-1,Layer1,3,4
GGTGAACGGGCTAGCC-1,Layer1,3,4
GGTGAAGTACAGGGAT-1,WM,5,1
GGTGAGATGCAGATAA-1,Layer3,0,2
GGTGATAAGGAGCAGT-1,Layer5,1,6
GGTGATTTCATCTTGT-1,Layer2,3,4
GGTGCAGAGCCTATCG-1,Layer2,0,3
GGTGCATAAATGATTA-1,Layer6,4,2
GGTGCGGATAAGTGGC-1,Layer3,2,0
GGTGCTGATCACAAAG-1,Layer3,0,0
GGTGCTGGTACACATT-1,Layer6,4,1
GGTGGACCACGTGTTA-1,Layer1,3,2
GGTGGACTGCTCTGGC-1,Layer5,1,6
GGTGTAAATCGATTGT-1,Layer6,4,2
GGTGTTCTGTTTCTAC-1,Layer3,0,3
GGTTACCACCCTCGGG-1,Layer6,4,1
GGTTAGCTATATGTCT-1,Layer5,1,5
GGTTAGGCTTGGAGAA-1,Layer5,2,4
GGTTAGTTACGGCGCC-1,Layer3,1,0
GGTTCCACCCGCTTCT-1,Layer3,0,3
GGTTCTACTCGTCTGA-1,Layer3,0,3
GGTTGTATCGTGAAAT-1,Layer1,3,4
GGTTGTGTAGCCTGGC-1,Layer4,0,0
GGTTTAATTACCATCG-1,WM,4,1
GGTTTACAATCTCAAT-1,Layer5,1,0
GGTTTAGCCTTTCTTG-1,Layer3,0,5
GGTTTCAATCGGTCAG-1,Layer5,1,6
GGTTTGAGTGCTGGAA-1,Layer3,0,3
GGTTTGTGACCTGAGG-1,Layer3,0,3
GTAACATCTAAGATAA-1,Layer3,0,3
GTAACTGCCCAAGGAG-1,Layer6,4,1
GTAACTTGCGGCAGTC-1,Layer2,0,3
GTAAGCGGGCAGTCAG-1,Layer5,2,0
GTAAGGATTTGTCGGA-1,Layer3,0,6
GTAAGTAACAGTCTGG-1,Layer5,1,6
GTAAGTAGGGTATACC-1,Layer5,2,0
GTAATAAAGGGCTCCC-1,Layer3,0,6
GTAATCTGATTCTTCG-1,WM,4,1
GTACACTTACCTGAAG-1,Layer6,2,2
GTACAGAGGCAAGGGT-1,Layer5,1,6
GTACGACGGCGCTGCG-1,Layer1,0,4
GTACGAGATTGCGACA-1,Layer5,2,0
GTACGCTTCATTGCAC-1,Layer6,1,2
GTACGTCACGTATTAA-1,Layer1,3,2
GTACGTTTGCCCGTCA-1,Layer6,6,2
GTACTAAGATTTGGAG-1,Layer5,6,2
GTACTCCCTTATCGCT-1,Layer5,1,2
GTACTCCTGGGTATGC-1,Layer3,0,6
GTACTGAGGTCGTAAC-1,Layer3,0,3
GTACTGCATGAAGCGT-1,Layer2,0,2
GTACTGGAGTTAGACC-1,Layer5,6,6
GTACTTGGGCACTTCT-1,Layer3,2,0
GTAGAAACGGGTGGAG-1,Layer3,3,4
GTAGACAACCGATGAA-1,Layer3,0,3
GTAGACACGCCTGACT-1,Layer6,6,2
GTAGACGTCGTTACAT-1,Layer3,0,2
GTAGAGGGAGACAAGT-1,WM,5,1
GTAGCCAAACATGGGA-1,Layer6,6,2
GTAGCGCTGTTGTAGT-1,Layer2,0,3
GTAGCGGCTATACACT-1,Layer6,6,2
GTAGCTAGTAAGCGCG-1,Layer3,0,3
GTAGCTCCGGGAGGCT-1,WM,5,1
GTAGCTTCCTCTTGTT-1,Layer5,1,6
GTAGGTGATCCGTGTA-1,Layer4,1,6
GTAGTCGCGGGAATCA-1,Layer5,1,6
GTAGTCTACGATATTG-1,Layer5,1,5
GTAGTTCGAAGGCGAA-1,WM,4,1
GTATAATCTCCCGGAT-1,Layer1,3,4
GTATAGGACTCAGTAG-1,Layer5,2,0
GTATAGTGGCCCATGT-1,Layer3,0,3
GTATATGTTACGGCGG-1,Layer1,3,4
GTATCAAACGTTAGCT-1,Layer3,0,5
GTATCAGCTTGGGTTC-1,Layer3,2,0
GTATCCTTTGGTAACC-1,Layer3,0,5
GTATCGGGACGAGCTG-1,Layer1,3,4
GTATCTCAGTCTTGAC-1,WM,5,1
GTATCTCCCTAACTGT-1,Layer1,3,4
GTATCTTGTTGCTCAC-1,Layer1,3,4
GTATCTTTCATAACCA-1,Layer6,2,2
GTATGAAATTTCACTC-1,WM,4,1
GTATGACGTGGGAAAC-1,Layer1,3,4
GTATGTGGGTCTAGTT-1,Layer5,0,5
GTATTAAGGCGTCTAA-1,Layer3,2,0
GTATTCTGAGAAACGA-1,WM,5,1
GTATTTAATGGCATAA-1,Layer2,3,4
GTCAAAGAAGTGGTGT-1,WM,5,1
GTCAAAGTTTACATAG-1,Layer2,0,3
GTCAACCAGGCCTATA-1,Layer3,0,3
GTCAAGCGGACTCGGG-1,Layer6,1,6
GTCAATTGTACTGAAG-1,Layer1,3,4
GTCACAAAGTTTCCAA-1,Layer3,0,5
GTCACCTGTCTATGTC-1,Layer2,0,3
GTCACTCTCCAAATCT-1,Layer3,2,0
GTCAGAATAGTCTATG-1,Layer5,1,0
GTCAGTTGTGCTCGTT-1,Layer3,0,0
GTCAGTTTGGTAGTCG-1,Layer3,1,6
GTCATCTCCTACAGCT-1,Layer1,3,4
GTCATGCACCTCCGTT-1,Layer6,6,2
GTCATGCGCGAGGGCT-1,Layer3,0,2
GTCATGGACATGACTA-1,Layer5,2,2
GTCATTAGAGCGAACG-1,Layer6,4,2
GTCATTGCATTGACCC-1,Layer4,2,0
GTCCAATATTTAGCCT-1,Layer6,6,2
GTCCATTACTGCTACG-1,Layer3,0,3
GTCCCAACGTAAAGTA-1,Layer6,6,6
GTCCCGCGACGTTATG-1,Layer5,1,6
GTCCGGACCTGAAATT-1,Layer4,0,6
GTCCGGCTGAATTGCG-1,Layer5,6,2
GTCCTACAGGCGGCTC-1,Layer3,2,0
GTCCTACGAATAGTCT-1,Layer4,0,6
GTCCTAGGATACCTTA-1,WM,5,1
GTCCTTCTAGTGGGTT-1,Layer3,2,6
GTCCTTTAATGACTTC-1,Layer1,0,2
GTCGAATTTGGGCGCT-1,WM,5,1
GTCGCCGTTGTGTGTT-1,WM,5,1
GTCGCGTAACCCGTTG-1,Layer6,6,6
GTCGGATATCTCAGAC-1,Layer5,1,2
GTCGGATGTAGCGCGC-1,Layer4,1,5
GTCGGGAAGCAGAAAC-1,Layer6,6,2
GTCGTACCATCTCGGG-1,Layer6,2,4
GTCGTATTGGCGTACA-1,Layer3,0,6
GTCGTCAATTATAAGG-1,Layer3,2,0
GTCGTGTCTGGTCATC-1,Layer3,3,3
GTCGTTATTCGCTTAT-1,Layer5,6,2
GTCTACTCAATTACAA-1,Layer5,1,0
GTCTAGTGAGCCGCTT-1,Layer3,0,5
GTCTATCTGAGTTTCT-1,Layer6,3,4
GTCTATTGGTTCCGGT-1,Layer4,1,6
GTCTCAAGGCCCGGCT-1,Layer6,2,2
GTCTCCTGCCAGTATG-1,WM,5,1
GTCTCGACTAAGTTTG-1,Layer2,0,3
GTCTCGATCTGCTTTC-1,Layer5,1,6
GTCTCGCCAACACGCC-1,Layer2,3,3
GTCTGGGCGGTCGAGA-1,WM,4,1
GTCTGTAGGTTGAACA-1,WM,4,1
GTCTTAGTACAGCCGG-1,Layer3,2,0
GTCTTGAGGAGCAGTG-1,Layer2,0,3
GTCTTGTAGCTATTCA-1,Layer3,0,3
GTGAAACGGCGCCACC-1,Layer5,1,6
GTGAAACGTGCTCCAC-1,Layer2,0,3
GTGAACTCCCATTCGA-1,Layer3,0,6
GTGAAGATTTCAAGTG-1,Layer3,0,3
GTGAAGCCGTATAGTC-1,Layer3,0,3
GTGAAGTCACGACTCG-1,Layer6,4,4
GTGACAGCTTCCCACT-1,Layer5,1,6
GTGACCGCACACTACG-1,Layer5,1,6
GTGACGAGGGTGACCC-1,Layer2,0,3
GTGACGCAGGTTTCAT-1,Layer5,1,6
GTGACTTCAGTAGTGC-1,WM,4,1
GTGAGATAACCTTATA-1,WM,4,1
GTGAGCGTGCTGCACT-1,Layer5,1,0
GTGAGGACACTTAAGG-1,Layer6,4,6
GTGAGGAGCGGTTGAG-1,Layer3,0,6
GTGAGTGGTACAACGC-1,Layer6,4,2
GTGATCAAGCGTGCAC-1,WM,5,1
GTGATCACTAACGCCT-1,Layer3,0,6
GTGATCATAGATCTGC-1,Layer6,4,1
GTGATCCTTGTCATGA-1,Layer4,2,2
GTGATGCACAACATCT-1,Layer3,0,3
GTGATTCGCCGCTCAA-1,WM,5,1
GTGCAACAAATGTGGC-1,Layer3,2,0
GTGCACCAGCTTCAAC-1,Layer6,6,2
GTGCACGAAAGTGACT-1,Layer4,1,6
GTGCCATCACACGGTG-1,Layer6,6,4
GTGCCCGTTCGGATTC-1,Layer5,1,6
GTGCCGCTTCAAAGGT-1,WM,4,1
GTGCCTAGCTATGCTT-1,Layer1,3,4
GTGCCTCAGTGTACGG-1,Layer3,2,3
GTGCGAAATCGAACAC-1,WM,4,1
GTGCGACAGGGAGTGT-1,Layer3,0,6
GTGCGCAGCTTGCTCC-1,Layer1,3,4
GTGCGCTTACAAATGA-1,Layer1,0,2
GTGCGGGACCATCGGC-1,Layer1,3,4
GTGCGGGTCTCCAAAT-1,Layer5,1,0
GTGCGTGTATATGAGC-1,Layer5,1,6
GTGCTCAAGTACTGTC-1,Layer6,3,4
GTGCTTACATCAGCGC-1,Layer2,0,3
GTGGAACCTACATGCG-1,Layer3,0,6
GTGGACCAACCCGATT-1,Layer6,4,1
GTGGACGCATTTGTCC-1,Layer6,2,4
GTGGACGTGCTGAGAC-1,Layer3,0,0
GTGGAGCGTTTACCGA-1,WM,5,1
GTGGAGTCGGCGGTTG-1,WM,5,1
GTGGCAAACAGCGGCA-1,WM,5,1
GTGGCCGGTTTCTCGG-1,WM,5,1
GTGGCGGGCCGTAGCT-1,Layer2,0,3
GTGGCGGTCCCAGCGT-1,Layer5,6,2
GTGGCGTGCACCAGAG-1,Layer1,3,4
GTGGGAAGACTGAATC-1,Layer6,2,4
GTGGGCTTAGACACAC-1,Layer5,2,4
GTGGTATAGTCTGCCG-1,WM,5,1
GTGGTCAGCGAAGTAT-1,Layer3,0,3
GTGGTGGCCAAGTGAA-1,Layer5,2,2
GTGGTTACTTCTTTCG-1,Layer3,0,5
GTGGTTTCCGCCTTTC-1,Layer6,2,4
GTGTACCTTGGCTACG-1,Layer5,1,0
GTGTATATCAGCGGGC-1,Layer5,1,6
GTGTATGACTTTAAAG-1,Layer1,3,4
GTGTCAGTGTACGTGG-1,WM,4,1
GTGTCCGATAAGGCAT-1,Layer2,0,3
GTGTCGTATAGCGTTC-1,Layer5,1,0
GTGTGAATAACTTAGG-1,Layer5,1,6
GTGTGAGCCGAGGTGC-1,Layer1,3,4
GTGTTACTATGCGTCC-1,Layer6,6,2
GTTAAAGTAGGACTGG-1,Layer5,1,6
GTTAACATCACTTAAA-1,Layer5,1,5
GTTAACTATGTTGTCA-1,Layer3,0,3
GTTAAGGGTGCGATGT-1,Layer5,6,2
GTTAAGTTAGAGTGGG-1,Layer2,0,3
GTTAATGTCTATCTTA-1,Layer3,2,4
GTTACAATTGGTGACG-1,Layer6,6,2
GTTACCTACAACTTGC-1,Layer6,2,2
GTTACGAAATCCACGC-1,Layer1,3,4
GTTACTTTGGGCCTAG-1,Layer6,4,1
GTTAGAGTGTGCCGCT-1,Layer3,2,3
GTTAGCCCATGACATC-1,Layer5,2,0
GTTAGCCGTAAATCAA-1,Layer3,0,3
GTTAGGCTACCCGTTT-1,WM,4,1
GTTATAATACGGTGAA-1,Layer3,0,3
GTTATATTATCTCCCT-1,Layer6,4,1
GTTATCACCTTCTGAA-1,Layer2,0,3
GTTATTAAATACGACC-1,Layer3,0,3
GTTATTAACGTGGGAG-1,Layer3,3,4
GTTCAATCTATGTCAA-1,Layer3,0,3
GTTCACAGGAGTCTAG-1,Layer5,1,2
GTTCAGTCGCCAAATG-1,Layer6,4,1
GTTCATCGTTTGGCTG-1,Layer3,0,6
GTTCCAAGACAGCGAC-1,Layer1,2,4
GTTCCAGTCTGACCAT-1,Layer4,2,6
GTTCCGTCCGCCTGCA-1,WM,4,1
GTTCGCCATAAGTGCC-1,Layer6,4,4
GTTCGCTGAGACGTCT-1,Layer3,0,3
GTTCGGATCGGGAACA-1,Layer3,0,3
GTTCGGGCGTACCATT-1,Layer3,0,3
GTTCGTCTAAAGAACT-1,Layer4,0,6
GTTCGTTGCGGACCAG-1,Layer1,2,4
GTTCTTCCCTCGATGT-1,Layer3,2,0
GTTGAACCGGTTCCAT-1,Layer6,4,1
GTTGAGTCCCGCCGGT-1,Layer5,1,6
GTTGCACGGAGTTTCG-1,Layer5,1,6
GTTGCGGACGGTCAGG-1,Layer2,3,4
GTTGGATTCAGTGGCT-1,Layer3,2,5
GTTGGATTGAGAACAC-1,Layer5,1,6
GTTGGATTTGCGTTGG-1,Layer6,2,4
GTTGGTCATGCTATCC-1,Layer6,6,4
GTTGTCGTGTTAGTTG-1,Layer3,2,0
GTTTACGTTCCATCTG-1,Layer6,6,2
GTTTCAAACGAGTTGT-1,Layer3,0,3
GTTTCATATCGTCGCT-1,Layer6,6,2
GTTTCCTGGAGGGTGA-1,Layer5,2,6
GTTTCTGCAGTCTCCC-1,Layer6,2,2
GTTTGACCAAATCCTA-1,Layer6,6,2
GTTTGAGCGGTTATGT-1,Layer1,2,4
GTTTGGCCCAAGTTAT-1,Layer5,6,6
GTTTGGCCGCTCAGCG-1,Layer2,0,3
GTTTGGGCTTGTGAGC-1,Layer6,4,2
GTTTGGGTTTCGCCCG-1,Layer3,0,6
GTTTGGTAGGGTCAAC-1,Layer6,3,4
GTTTGGTGATCGGTGC-1,WM,5,1
TAAACCCAGGAGGGCA-1,WM,4,1
TAAAGAGCCCGAAACC-1,Layer3,0,3
TAAAGCGGTATTTCCA-1,Layer6,5,1
TAAAGCGTTAGGAGAA-1,Layer5,1,6
TAAAGCTGCAATAGGG-1,Layer3,0,5
TAAAGGAGAAACTAGT-1,Layer2,0,3
TAAATGAATCCGTTTC-1,Layer3,2,0
TAAATGCCGTCTCATG-1,Layer2,0,3
TAAATTTAGTAACACC-1,WM,4,1
TAACAAAGGGAGAAGC-1,Layer3,0,0
TAACAATATTTGTTGC-1,Layer3,2,4
TAACAGCGTTTGTGCT-1,WM,5,1
TAACATACAATGTGGG-1,Layer6,6,2
TAACATACACGCGATC-1,WM,5,1
TAACCGCCCGCAGTGC-1,Layer3,0,3
TAACCTACCGTCCGAG-1,Layer3,0,5
TAACCTAGGGAGTCCA-1,Layer3,0,3
TAACGCTTTGAGAGCG-1,Layer4,1,0
TAACTATCGAAGGTCC-1,Layer4,2,2
TAACTATTACGCCAAA-1,Layer3,0,3
TAACTCATCCGCGCGG-1,WM,4,1
TAACTCCATGGAGGCT-1,Layer3,0,0
TAAGAGGGACAGGGAC-1,WM,5,1
TAAGATTTAGCGGGAG-1,Layer1,3,4
TAAGCAGGCGACACGC-1,Layer5,1,5
TAAGCGCGAATCAAAT-1,WM,5,1
TAAGGAACTTGTGGGA-1,Layer3,0,5
TAAGGCAACATAAGAT-1,Layer5,1,6
TAAGGCATAACATCAA-1,WM,4,1
TAAGGCCCGTCACCCT-1,Layer5,2,2
TAAGGCTGAATCCCTC-1,Layer3,0,6
TAAGGGCCTGTCCGAT-1,Layer3,0,6
TAAGGGCTGGGAGAGG-1,Layer5,1,2
TAAGTAAATGTGCCGC-1,Layer2,0,3
TAAGTAACATCTTGAC-1,WM,5,1
TAAGTCGCCGAGTATC-1,WM,5,1
TAAGTTGCGACGTAGG-1,Layer3,0,5
TAATAAACAAGGAGAT-1,Layer3,1,0
TAATACACAGTAGTAT-1,Layer5,1,0
TAATAGAACAGAGTTA-1,WM,5,1
TAATAGGTCACCAGAA-1,WM,5,1
TAATAGTGACGACCAG-1,Layer5,1,6
TAATATTGAAATTCGC-1,Layer3,2,0
TAATCGATCCGTACGT-1,Layer4,2,6
TAATGAAAGACCCTTG-1,Layer3,2,4
TAATTACGTCAGTAGA-1,Layer3,0,3
TAATTAGATGGATATG-1,Layer1,3,4
TAATTAGGACATCCGT-1,Layer3,0,3
TAATTGGAATCGGGAA-1,Layer3,0,3
TACAAATTGCGGAGGT-1,Layer2,0,3
TACAACGCACAACTCA-1,Layer6,4,2
TACAAGCTGTTCACTG-1,Layer1,3,4
TACAAGTCTCGTGCAT-1,Layer5,1,6
TACAGAAACGGTGGGC-1,Layer4,0,5
TACATAGGCATACACC-1,Layer6,4,4
TACATCCCTATCCCTG-1,Layer6,6,2
TACATTTCTAACGTGC-1,Layer6,4,2
TACCAAATAGCCCAGA-1,Layer6,6,4
TACCAATAAAGTACCA-1,Layer5,1,6
TACCAGAAGTAGGTTC-1,WM,4,1
TACCAGCTAGGTTTAA-1,Layer3,2,6
TACCAGGAATCCCGTC-1,WM,5,1
TACCGCGGACTTGCAG-1,Layer3,1,0
TACCGGCTCACTGCCC-1,Layer6,6,2
TACCGGTCGTTTCCAT-1,Layer6,4,1
TACCGTAGGTTAACTA-1,Layer6,2,4
TACCGTGCCTCGGACC-1,Layer6,6,6
TACCTACTCCCAGTAT-1,Layer6,2,4
TACCTCACGCTTGTAC-1,Layer4,2,0
TACCTCAGTTGTCTGT-1,Layer6,4,1
TACCTCCACACCAATG-1,WM,5,1
TACCTGCTGCACTGTG-1,Layer4,2,0
TACCTTAAGATTTCCC-1,WM,5,1
TACGAACACGACTTCA-1,Layer6,6,2
TACGACGCTTGCTGCG-1,Layer6,4,1
TACGACTGCCTCTTAG-1,Layer6,2,4
TACGAGAACTTCACGT-1,Layer6,6,2
TACGATGTTGATCATC-1,Layer5,6,2
TACGCAGTTCTTTCCT-1,Layer6,2,2
TACGCCATATTCTAAT-1,Layer6,3,4
TACGCCGAGGGTACCC-1,WM,4,1
TACGCCTCCATTCCGA-1,Layer6,2,4
TACGCTATAGAAACCT-1,Layer3,0,6
TACGCTCGGTATTGGA-1,Layer2,3,4
TACGCTGCTGTGTTAA-1,WM,5,1
TACGGGATGCTAGCAG-1,Layer5,1,6
TACGTAAAGCGGAGTG-1,Layer3,0,3
TACGTACTAGTGCTGA-1,WM,5,1
TACGTGCACTATGCTG-1,Layer3,2,0
TACGTTTACCGGCAAT-1,Layer6,2,4
TACTATGGTTCCTCAG-1,WM,5,1
TACTCCTCTAGTTGAC-1,WM,4,1
TACTCGGCACGCCGGG-1,Layer5,1,2
TACTCTCCGAACAAAT-1,Layer5,1,6
TACTCTTACTTTACTG-1,Layer2,0,3
TACTCTTTCGTCTTCA-1,WM,4,1
TACTGAACAGATTTAG-1,WM,4,1
TACTGAGGGAAGAAAG-1,WM,5,1
TACTGCAATCAATTAC-1,Layer3,0,5
TACTGGACAGCTCGGC-1,Layer5,2,0
TACTGTTTCTCTGGTA-1,Layer2,0,3
TACTTGTTAGTAGTCC-1,Layer5,1,6
TACTTTACTGAGCCGG-1,Layer3,0,6
TACTTTCCGCACGCCA-1,Layer6,4,2
TAGAAACCACTAAGTA-1,Layer3,0,3
TAGAAAGGTGGCGCTA-1,Layer5,1,6
TAGAAATTCACGTATA-1,Layer5,2,0
TAGAATAGCCGATGAA-1,Layer3,0,3
TAGAATTAAGGGCAAC-1,Layer3,0,6
TAGACGAAACGCCAAT-1,Layer5,6,2
TAGACGCCCGTACCGG-1,Layer5,1,6
TAGACTACCTAGCGTT-1,Layer3,0,3
TAGAGATCATGCAACT-1,Layer6,4,1
TAGAGCTACGAAGAAC-1,Layer3,0,0
TAGAGGTTCTACTTGT-1,Layer3,0,5
TAGAGTCTAAGCGAAC-1,Layer6,6,2
TAGATATGGACTGGAA-1,Layer6,4,1
TAGATCCGAAGTCGCA-1,Layer3,0,6
TAGATGGTTCCTTACT-1,Layer3,0,3
TAGATTCAAAGTGCGG-1,WM,4,1
TAGATTCCTGGTTATT-1,Layer5,1,2
TAGCAACCTGTCACAA-1,Layer3,2,4
TAGCAGTATGACTAAA-1,Layer3,0,2
TAGCCAGAGGGTCCGG-1,Layer1,3,4
TAGCCATTTCAAAGTC-1,Layer5,1,6
TAGCCGGCGGTCAGCG-1,Layer5,1,6
TAGCGTCCCTCGATTG-1,Layer3,0,3
TAGCGTCCGGTGTGGT-1,Layer5,1,6
TAGCGTTGGGTCTTAC-1,Layer6,6,2
TAGCTAAGTCCGGGAG-1,Layer6,6,2
TAGCTAGAAGGCATGA-1,WM,4,1
TAGCTAGTGATGATGG-1,WM,4,1
TAGCTCGCCTGATAAC-1,Layer6,4,1
TAGCTGATGTGAAGCG-1,Layer5,6,4
TAGGAACAGCCTCCAG-1,Layer3,0,3
TAGGCATGTTACGCCA-1,Layer5,1,6
TAGGCGATGAGGTCTC-1,WM,4,1
TAGGCGGCTGCAAAGA-1,WM,5,1
TAGGCTAAAGTGGCAC-1,Layer3,0,2
TAGGGAGCTTGGGATG-1,Layer3,0,6
TAGGGTGTTTCAAGAG-1,Layer5,1,0
TAGGTCCAAGTAAGGA-1,Layer4,0,4
TAGGTCGCCGGAACTG-1,Layer3,0,5
TAGGTGACGATAACCT-1,Layer5,1,6
TAGGTGAGCCCTACTC-1,Layer5,1,0
TAGGTGCTCGCCTAGC-1,Layer5,1,0
TAGGTGTTCCACAGAT-1,Layer6,3,4
TAGGTTCGAGTTCGTC-1,Layer6,6,2
TAGTACCACAACTTTC-1,WM,5,1
TAGTACCTTAGTGGTC-1,Layer3,3,4
TAGTAGCTTATACCAG-1,WM,5,1
TAGTCCCGGAGACCAC-1,Layer6,6,2
TAGTCCGCAGAGAATG-1,Layer6,4,2
TAGTCCGTATGCATAA-1,Layer1,3,4
TAGTCGATCACGGGTT-1,Layer3,0,6
TAGTCTAACAACGAGA-1,Layer6,4,4
TAGTCTGCGGCACATT-1,WM,4,1
TAGTCTGTGACGTTGC-1,Layer3,0,0
TAGTCTTTCCGAATTG-1,Layer2,3,4
TAGTGCCCTCCAGAGT-1,Layer6,6,2
TAGTGGAACTCATACA-1,Layer3,0,3
TAGTGTCAGAAACGGC-1,Layer3,3,4
TAGTTAAGATAGGATA-1,Layer3,0,6
TAGTTTATTCTTGCTT-1,Layer3,0,0
TATAAATCCACAAGCT-1,Layer4,2,0
TATAAGTGAGGATAGC-1,Layer4,2,0
TATACACAGACGCCTT-1,Layer6,3,4
TATACACGCAAAGTAT-1,Layer3,2,0
TATACCGAGTGCCACA-1,Layer2,0,4
TATACGCGTCATCACT-1,Layer6,4,2
TATACTCATGCGGCAA-1,Layer3,0,4
TATAGAGTCGCTTGAA-1,WM,4,1
TATAGATGGTCGCAGT-1,Layer3,0,5
TATAGGGTACTCATGA-1,Layer5,1,2
TATATAGGGCTTTACG-1,WM,5,1
TATATATCGAGAAATG-1,WM,5,1
TATATCAAAGTGATCT-1,WM,4,1
TATATCCCTGGGAGGA-1,Layer3,0,6
TATATTACAAATGTCG-1,Layer3,0,3
TATATTCGCGTCGATA-1,Layer3,2,0
TATCACAGCACGGGCA-1,Layer2,0,3
TATCACCATGTAAAGT-1,Layer3,0,3
TATCACCCAACCGACC-1,Layer3,0,6
TATCACTTCGAGTAAC-1,Layer3,0,3
TATCAGTGGCGTAGTC-1,WM,5,1
TATCCAATTGGTTATC-1,Layer5,1,6
TATCCATATCATGCGA-1,Layer4,2,0
TATCCATCTCGGTTAG-1,WM,5,1
TATCCGCACCGTCGGG-1,Layer6,4,2
TATCCTATCAACTGGT-1,Layer6,4,4
TATCCTGCATGGGAAT-1,Layer3,2,0
TATCGATCTATGCATA-1,Layer5,0,6
TATCGATGATTAAACG-1,Layer5,1,6
TATCTACAGAGGTAAT-1,Layer4,1,4
TATCTACCACAGCGGG-1,Layer6,3,4
TATCTAGCCTAAAGGA-1,Layer4,1,0
TATCTGAGCCGATATT-1,WM,5,1
TATCTTGCAATACAAC-1,WM,5,1
TATGAAGACAGGTGCG-1,Layer4,2,4
TATGATAAATCTAACG-1,Layer3,0,3
TATGATCCGGCACGCC-1,Layer2,0,3
TATGATCTTCTCTTTA-1,Layer3,0,6
TATGATTCTGCTTGGT-1,Layer1,3,4
TATGCTCCCTACTTAC-1,Layer5,1,2
TATGGAGTTTCTCGTT-1,Layer1,3,4
TATGGATGTGCTACGC-1,Layer5,6,2
TATGGCCCGGCCTCGC-1,Layer5,1,0
TATGGGACCGAGCAGG-1,Layer6,6,2
TATGGGTACGTATCGT-1,Layer6,6,2
TATGGTCTGAGTAACA-1,Layer6,6,2
TATGGTTAGTGGGAGA-1,Layer3,0,3
TATGTAAAGTGCTTAA-1,WM,4,1
TATGTAGAAACCCGGC-1,WM,5,1
TATGTCAAGACCGACT-1,Layer3,1,6
TATGTCTCATTGTGCC-1,Layer5,1,6
TATTAACACCAAAGCA-1,WM,5,1
TATTAACCTGACCGCG-1,WM,5,1
TATTACCATCCTGCTT-1,Layer4,0,6
TATTATGTTTGCCTGC-1,WM,4,1
TATTCAATTCTAATCC-1,Layer6,6,6
TATTCCACTCAGCTCG-1,Layer6,4,2
TATTCCGAGCTGTTAT-1,Layer5,1,6
TATTCCGGCAGTCCTA-1,Layer2,0,3
TATTCCTCCGCCCACT-1,WM,5,1
TATTCGTGCCAGAATA-1,Layer6,6,2
TATTTAGTCTAGATCG-1,Layer4,0,0
TATTTATACCGAGTAG-1,Layer4,0,6
TATTTGATTTGCACAG-1,Layer2,3,4
TATTTGTTACCCTTTA-1,Layer5,1,6
TCAAACAACCGCGTCG-1,Layer5,2,2
TCAAACTTAGATTGTT-1,Layer6,1,2
TCAAATTTGAGACTCA-1,Layer6,1,2
TCAACAAAGATAATTC-1,WM,5,1
TCAACACATTGGGTAA-1,Layer2,0,2
TCAACATAGCGCCCTA-1,WM,4,1
TCAACATCGACCGAGA-1,Layer6,6,4
TCAACCATGTTCGGGC-1,Layer5,1,6
TCAACGAGGAGACAAA-1,Layer6,4,1
TCAACGCAGGAAATAA-1,WM,5,1
TCAACGCGACCGGCAG-1,Layer5,2,2
TCAACTAACGTATAAC-1,Layer4,1,2
TCAACTGCAGAGTCAG-1,Layer3,0,3
TCAAGAAATACTAGCT-1,Layer3,0,3
TCAAGCGCGGACGGTA-1,Layer2,3,4
TCAAGGTTACTACACC-1,Layer3,0,3
TCAATACGCCGTCATG-1,Layer6,2,2
TCACAAACCGAGGTAC-1,Layer3,0,3
TCACAGATCCTCAAAC-1,Layer1,3,4
TCACAGCAAACTCGAA-1,WM,4,1
TCACAGGAGAATAAGA-1,WM,4,1
TCACAGGGAATCGCAA-1,Layer5,6,0
TCACAGGTTATTGGGC-1,Layer6,2,2
TCACATCTTATCTGAT-1,Layer3,1,0
TCACCCTCTTAAGATT-1,Layer6,3,4
TCACCGCTCGGCACTC-1,Layer4,2,6
TCACGATGTCCGTGGA-1,WM,4,1
TCACGCATTGTAGATC-1,Layer6,2,4
TCACGGCCCAAGAGAG-1,WM,5,1
TCACGGTCATCGCACA-1,Layer5,1,6
TCACGTGCCCGATTCA-1,Layer6,3,4
TCACTACGACCAATGC-1,Layer3,2,3
TCACTATCGTGCAATC-1,Layer1,3,4
TCACTCAGCGCATTAG-1,Layer1,3,2
TCACTCGTGCAACGGC-1,Layer3,2,0
TCAGAACCTCCACAGG-1,Layer3,0,3
TCAGACGCTATAGAAG-1,Layer6,6,6
TCAGCAAATGCATCTC-1,Layer6,2,2
TCAGCAGTAGGCCCTG-1,WM,4,1
TCAGCCAATCCGTAAA-1,Layer3,0,3
TCAGGGCGCAAACTCG-1,Layer3,2,4
TCAGGGTGCACGAAAC-1,Layer3,0,3
TCAGGGTGTAACGTAA-1,Layer6,6,2
TCAGGTTCTTTGAGAA-1,Layer5,6,0
TCAGTACTGACCCGCG-1,Layer5,2,2
TCAGTAGGGACTATAA-1,WM,4,1
TCAGTGTATACGTCAT-1,WM,5,1
TCAGTTACGGAATGAT-1,Layer3,0,3
TCATACTTACAGATCC-1,Layer3,2,4
TCATATGAGCTTTGTT-1,Layer6,6,2
TCATCACTCGAGCTCG-1,Layer3,3,4
TCATCCCAGAGGGTGG-1,Layer3,0,0
TCATCGATGGTCCCAA-1,WM,5,1
TCATGCAGGTTCTCAT-1,Layer4,1,6
TCATTTAAGTCTCCGA-1,Layer3,0,5
TCATTTAGAAGTGTGA-1,Layer3,0,3
TCCAACTCAGCTATCT-1,Layer3,0,5
TCCAACTTTAAATTCT-1,Layer6,3,4
TCCAAGCCTAGACACA-1,Layer5,2,5
TCCAATAAAGGCTACC-1,Layer6,4,1
TCCACAATGGTTTACG-1,Layer5,1,2
TCCACATCGTATATTG-1,Layer6,4,2
TCCACCTCTAGCCTTT-1,Layer6,4,2
TCCACTTTATCTAGGT-1,Layer5,1,6
TCCAGAGCACCGGTTC-1,Layer6,4,2
TCCAGCGCTATAAGCG-1,Layer2,3,4
TCCAGGCGAGTACGGT-1,Layer6,6,2
TCCAGGGTATATACGA-1,Layer6,6,2
TCCATCAATACTAATC-1,WM,5,1
TCCATTAGTTGGATAG-1,Layer1,3,4
TCCATTGTGACCTCGT-1,Layer3,2,2
TCCCAAACAGACAACG-1,Layer2,0,3
TCCCAAAGACGAAGGA-1,Layer5,1,2
TCCCAAAGCCCTAAAT-1,Layer2,0,3
TCCCACGGAGGGAGCT-1,Layer2,0,3
TCCCACTCTCTTCCGG-1,Layer3,0,3
TCCCAGCTTTAGTCTG-1,Layer6,6,2
TCCCAGGCTTAGCTAA-1,Layer5,6,2
TCCCGCGTACTCCTGG-1,Layer6,6,0
TCCCGGGTGTGCTGCT-1,Layer5,1,2
TCCCGGTCAGGAATTT-1,Layer1,3,4
TCCCGTCAGTCCCGCA-1,Layer5,1,0
TCCCGTGTGCAATTTG-1,Layer5,1,6
TCCCTAGATCAATAGG-1,Layer2,0,3
TCCCTGGCGTATTAAC-1,WM,5,1
TCCCTGGCTCGCTGGA-1,Layer5,1,6
TCCCTTAGATTACTCG-1,Layer4,2,0
TCCGAACTTGGCTTAC-1,Layer5,2,4
TCCGAAGTAGTCACCA-1,Layer2,3,4
TCCGAATGGTCCTGAG-1,Layer2,0,3
TCCGACCGCTAATCAA-1,WM,4,1
TCCGAGAAGGCTAAGC-1,Layer1,3,4
TCCGATAATTGCCATA-1,Layer5,1,0
TCCGATGACTGAGCTC-1,Layer5,1,0
TCCGATGGTGCGACAT-1,Layer5,1,0
TCCGATTACATTGCCG-1,Layer5,2,2
TCCGCCTGTCTACAAG-1,Layer5,2,2
TCCGCGGCAGCATCTG-1,Layer5,1,6
TCCGCGGCCCAATGAA-1,Layer3,0,5
TCCGCTGTCATCCCGG-1,Layer5,1,6
TCCGCTTATCCCATTA-1,Layer6,2,2
TCCGGAGGAAGGGCTG-1,Layer2,0,2
TCCGGCCTAGCGTACA-1,Layer3,0,6
TCCGGCCTGCATCGAT-1,Layer3,0,3
TCCGGGCTTGACGGGA-1,Layer3,2,4
TCCGGTTCGTCCGGTC-1,Layer6,4,1
TCCGTAACCACAATCC-1,Layer3,0,4
TCCGTTAAGCTAATAT-1,Layer3,0,5
TCCGTTTAGCCTTGAA-1,Layer5,1,6
TCCTAAATTGGGAAGC-1,Layer6,1,2
TCCTAACCGTCGGGCA-1,WM,4,1
TCCTACATCCACGGCC-1,Layer5,1,6
TCCTAGCAAAGAAGCT-1,Layer6,4,2
TCCTCCTAAGACATTC-1,Layer6,4,2
TCCTCGGGCTGGGCTT-1,Layer6,1,6
TCCTCTACGAGATGGC-1,Layer4,2,0
TCCTCTCCAGTTGTCC-1,Layer4,2,4
TCCTCTGGCCCATTAG-1,Layer3,2,5
TCCTGCCAACTGGAGA-1,Layer3,0,0
TCCTGCGTTGATACTC-1,Layer6,2,2
TCCTGGCGCTGCCTGG-1,Layer2,0,3
TCCTTACGACGGTCCG-1,Layer3,0,5
TCCTTCAGTGGTCGAA-1,Layer3,2,0
TCCTTGTCCTTTAATT-1,Layer5,2,4
TCCTTTAAATCCGCTT-1,Layer3,0,6
TCCTTTCTTACGCTTA-1,Layer6,6,2
TCGAAATTTAGGACCA-1,Layer5,6,2
TCGAAGAACCGAGCAC-1,Layer3,0,6
TCGAATATCCCGCAGG-1,WM,4,1
TCGACAACTGAACCCG-1,WM,5,1
TCGAGACCAACACCGT-1,Layer6,4,2
TCGAGCCAGGCAGGCC-1,WM,4,1
TCGATAGGCTAGTCGC-1,Layer2,0,3
TCGCAAAGATGCATTT-1,Layer6,6,2
TCGCACCAGGAGGCAG-1,Layer5,1,6
TCGCATAAAGGGCGCA-1,Layer2,3,2
TCGCATCCCTAAGTGT-1,Layer3,2,0
TCGCATTCAATGACTT-1,Layer1,3,4
TCGCCCAACTGACTCC-1,Layer1,3,4
TCGCCGAAGTTGCGTC-1,WM,4,1
TCGCCGACATATTCGC-1,Layer3,0,0
TCGCCGGTCGATCCGT-1,Layer5,2,6
TCGCCTCGACCTGTTG-1,Layer1,3,4
TCGCGTCCAGAAGGTC-1,Layer5,1,0
TCGCTAAACCGCTATC-1,Layer4,0,6
TCGCTACTGGCTTTGA-1,Layer5,1,5
TCGCTCGATATATTCC-1,Layer6,6,2
TCGCTCGGCACCAGCG-1,Layer3,0,3
TCGCTGGGCGGATTGT-1,Layer6,2,0
TCGCTGTGCGTAAATC-1,Layer3,0,0
TCGCTTTAAACGTTTG-1,Layer5,1,6
TCGGAATGACCATCAA-1,Layer3,0,3
TCGGAATGCGCTCTGA-1,Layer5,2,0
TCGGACGCCCAGCCCA-1,Layer5,1,6
TCGGAGAGTATCGGGA-1,Layer6,4,1
TCGGAGTACATGAGTA-1,Layer6,6,2
TCGGATCTGGATGACC-1,WM,5,1
TCGGCGAACCCAAACC-1,Layer3,0,3
TCGGCGTACTGCACAA-1,Layer6,4,1
TCGGCTAACTTCCCTT-1,Layer3,0,3
TCGGCTTGTATCGACG-1,Layer3,0,3
TCGGGAACGTGCCTAG-1,Layer3,0,3
TCGGGAGACAGCGTAC-1,Layer5,6,2
TCGGGATTCAAACATA-1,Layer5,1,0
TCGGGCACTTCTGGAT-1,Layer1,3,4
TCGGGCCGTCGTGGTA-1,Layer5,1,0
TCGGGTGAAACTGCTA-1,Layer3,0,2
TCGGTCCCGACAATAG-1,WM,5,1
TCGGTCCCTGACTCCA-1,Layer3,2,3
TCGGTGACCGCTCCGG-1,Layer2,0,2
TCGGTTAGCCATGTAG-1,Layer3,0,3
TCGTAAGACGACATTG-1,Layer5,2,0
TCGTAAGCTCCGAGGA-1,Layer3,0,3
TCGTATAGTGCAATTA-1,Layer3,2,0
TCGTATTACCCATTGC-1,Layer5,1,2
TCGTATTTCGTCCGGA-1,Layer3,0,3
TCGTCAAGTACGCGCA-1,WM,4,1
TCGTCACACTGTTAGC-1,Layer3,2,0
TCGTCCGCTGGCGTCT-1,Layer4,2,0
TCGTCTTAGGCGTTAA-1,Layer5,1,6
TCGTGTTCGACCACAA-1,Layer3,3,3
TCGTTAGGAGTCCCTA-1,Layer6,4,1
TCGTTCGTTATTATGT-1,Layer3,2,0
TCGTTGCTATCCGGTC-1,WM,5,1
TCGTTGGCTCGTCAAT-1,Layer1,3,4
TCTAAAGAACAGTCTC-1,WM,5,1
TCTAACTGTATGTAAA-1,Layer3,0,0
TCTAATACTGCCTCAG-1,WM,5,1
TCTACACGTTCATGCA-1,Layer3,0,3
TCTACCCAATAGAGAG-1,Layer3,0,3
TCTACCGTCCACAAGC-1,Layer6,6,2
TCTAGCAATCTCCGCC-1,Layer6,5,1
TCTAGCATCTTCGATG-1,Layer5,2,0
TCTAGCATGCCCAGAA-1,Layer6,6,2
TCTAGGTGGCGACGCT-1,Layer3,0,6
TCTAGTGATATCGTGG-1,Layer3,0,6
TCTAGTTATCAGAAGA-1,Layer6,2,4
TCTATCATGCAGTTAC-1,Layer3,2,0
TCTATCGGTCGCAACA-1,Layer5,1,0
TCTATGCTATAACGAC-1,Layer3,0,5
TCTATTACGCTGGCGA-1,Layer3,0,0
TCTATTACTAGAGGAT-1,Layer5,1,2
TCTCATGAGATAGGGT-1,Layer5,1,5
TCTCCAACGTAGGTTA-1,Layer5,1,6
TCTCCACAAGTTGAAT-1,Layer3,0,5
TCTCCCTGGGCAGCGT-1,Layer5,1,6
TCTCGAACGAGGTCAC-1,Layer3,0,6
TCTCGACGTATCGCCG-1,Layer3,0,3
TCTCGAGGAGGTTCGC-1,Layer3,0,3
TCTCGGCTCCAGGACT-1,Layer2,3,4
TCTCTAATAGCTGGTA-1,Layer5,1,0
TCTCTCGCCGCACATA-1,Layer2,3,3
TCTCTTACCGCGAACC-1,WM,4,1
TCTGAACCGGTCGGCT-1,Layer3,2,0
TCTGAACTCGTACCCG-1,Layer4,0,5
TCTGAAGCACGTGGTC-1,Layer5,1,6
TCTGAATTCCGTACAA-1,Layer4,0,6
TCTGACTGTAATGGTT-1,Layer1,3,4
TCTGAGCAATTGACTG-1,Layer2,0,3
TCTGATGTATTCTGTC-1,Layer5,1,5
TCTGCATACCTTGCTT-1,Layer3,0,3
TCTGCCAGAAACTGCA-1,Layer5,1,6
TCTGCGTCCGGTTTCT-1,Layer2,0,4
TCTGGGAACCTTTGAA-1,Layer3,0,2
TCTGGGTAGCGCTCAT-1,Layer6,3,4
TCTGTCATACAAGAGC-1,Layer3,0,3
TCTGTGACTGACCGTT-1,Layer1,3,4
TCTGTGCCATCATAGT-1,Layer5,6,6
TCTGTGGCTACATTTC-1,Layer1,3,4
TCTGTTACCCAGCATA-1,WM,5,1
TCTTACAGAGGTACCG-1,Layer3,0,0
TCTTACCGGAACTCGT-1,Layer4,1,6
TCTTACGGCATCCGAC-1,Layer4,2,0
TCTTACTTATGCCTCT-1,Layer4,1,6
TCTTAGAGCTCCAATT-1,Layer3,0,3
TCTTAGAGTGAACTCT-1,Layer3,0,6
TCTTATGGGTAGTACC-1,Layer1,3,4
TCTTCCCATGGGCACA-1,Layer3,0,6
TCTTCGAATAGACGTT-1,Layer6,6,2
TCTTCGATACCAATAA-1,Layer6,6,2
TCTTCTATAACCCGCC-1,Layer3,0,3
TCTTGATGCGTAGCGA-1,Layer6,6,2
TCTTGCTCCCGATACT-1,Layer6,2,6
TCTTGGTAACACCAAA-1,Layer5,1,0
TCTTTAAGACTATGAA-1,Layer3,0,5
TCTTTAGAGTCTAACA-1,Layer2,0,3
TCTTTCTCTTAAGGAG-1,Layer3,6,0
TGAAACCTCAACTCAC-1,Layer1,3,4
TGAAACTTATGCAAGC-1,Layer3,0,6
TGAAAGGACCTGACTC-1,Layer5,1,6
TGAACAAGCAGGGACT-1,WM,4,1
TGAATACCGACGCGTA-1,Layer4,2,5
TGAATGAGTGTTTCCC-1,Layer6,4,1
TGAATGTCAGCCGGCC-1,Layer3,0,3
TGACACTTCTCTTTGC-1,Layer3,0,3
TGACAGGACAAGTCCA-1,WM,4,1
TGACATCGAGCGGACC-1,Layer3,1,5
TGACATGTAACGTGAC-1,Layer6,4,1
TGACCAAATCTTAAAC-1,Layer6,6,2
TGACCAGCTTCAAAGT-1,Layer3,0,3
TGACCCAACTCACATT-1,Layer1,3,4
TGACCCACGTTAGACA-1,Layer6,2,2
TGACGAATATTTCCCT-1,Layer6,6,4
TGACGATGCACTAGAA-1,Layer4,2,6
TGACTATAATCCTTTC-1,Layer6,6,2
TGACTCCGAATCATAC-1,WM,5,1
TGAGAATGCTTTACCG-1,Layer4,1,0
TGAGAGATTTACCACG-1,Layer5,2,6
TGAGATCAAATACTCA-1,Layer3,0,3
TGAGATTAGGCCCTAA-1,Layer3,2,5
TGAGCAGTCGTGAAGT-1,Layer1,3,4
TGAGCCATACAGTCTC-1,Layer6,2,4
TGAGCGGAAAGTGTTC-1,Layer6,6,4
TGAGCTTTAATGACGC-1,Layer4,2,6
TGAGGAGTGCCAGCTT-1,Layer6,6,4
TGAGGCATGTACTGTG-1,WM,5,1
TGAGGTTGATCCCAAG-1,Layer1,2,4
TGAGTAAATTAGCGTA-1,Layer6,4,1
TGAGTGCCTCTTAAAT-1,WM,5,1
TGAGTGGTCCGTGACG-1,Layer5,1,6
TGAGTTAAAGACATTC-1,Layer3,0,3
TGATACATTTAGCCGT-1,WM,5,1
TGATAGCGGGATTCTA-1,Layer3,2,4
TGATCAGGGAACTGCT-1,Layer6,6,2
TGATCCCAGCATTAGT-1,Layer3,0,3
TGATCGGTTTGACCCT-1,Layer5,6,2
TGATCTACGCTGATCT-1,Layer3,0,3
TGATCTCCGGCGCCAG-1,Layer5,6,2
TGATGGCTGTTTCTGA-1,Layer2,0,3
TGATGGGACTAAGTCA-1,Layer1,3,4
TGATGTCAATTAAGTG-1,Layer3,0,3
TGATTATGGCACGCAG-1,Layer1,3,4
TGATTCAGGTCCCGCG-1,Layer6,6,4
TGATTCCCGGTTACCT-1,Layer6,4,1
TGATTCGTCTATCACT-1,Layer5,1,0
TGATTCTGTCGCCGGT-1,WM,4,1
TGATTTATTAGCTGTG-1,Layer6,2,4
TGATTTCCTCCTGACG-1,Layer3,2,0
TGCAACCCATCTGCGG-1,Layer3,0,6
TGCAAGAATGACGTAA-1,Layer6,6,2
TGCAATCTAACACGGT-1,Layer3,0,6
TGCAATTTGGGCACGG-1,Layer3,0,3
TGCACAGTGAAGTTAT-1,Layer3,0,3
TGCACGAGTCGGCAGC-1,Layer3,2,3
TGCACTATGTGAGTGC-1,Layer2,3,4
TGCAGAACTATATCGT-1,Layer6,2,2
TGCAGAGTACCGAGCA-1,Layer6,4,4
TGCAGATCGTCCTAGG-1,Layer6,6,2
TGCAGCTACGTACTTC-1,Layer5,6,2
TGCAGGATCGGCAAAG-1,Layer5,2,0
TGCAGTGGTAGGGAAC-1,WM,5,1
TGCAGTTTCCTCCCAT-1,Layer5,1,6
TGCATATGTCTGTCAC-1,Layer5,1,6
TGCATGGATCGGATCT-1,Layer5,1,6
TGCATGTGACCCATAG-1,WM,4,1
TGCATGTGGTAATCTA-1,Layer5,1,6
TGCCAAAGTCAGACTT-1,Layer6,6,2
TGCCAATGGGTACTCT-1,Layer6,4,1
TGCCACCTGGCGAAAC-1,Layer5,1,6
TGCCAGTACGTGGAGA-1,Layer6,6,2
TGCCATGGCTTATAAG-1,Layer2,0,3
TGCCATTACTAAAGAA-1,Layer5,1,6
TGCCCGTACCGTTAAA-1,Layer6,6,2
TGCCGGATGTACGAGC-1,WM,4,1
TGCCGTGGATCGTCCT-1,Layer6,6,4
TGCCTAATTGAAGATT-1,Layer3,0,3
TGCCTGACATCGGTCA-1,Layer2,2,4
TGCCTGATCAAACGAT-1,Layer5,1,6
TGCCTTGGCCAGGCAA-1,Layer5,1,5
TGCGAATATGGGATTT-1,Layer6,6,2
TGCGACACCCTAGTGC-1,WM,5,1
TGCGACGGCCGAACGT-1,WM,5,1
TGCGAGAATATTACCC-1,WM,5,1
TGCGAGCCCTTCCGCG-1,Layer3,0,3
TGCGCAAAGCATTTGG-1,Layer6,6,2
TGCGCGATTAACGGAG-1,Layer5,2,0
TGCGGACTTGACTCCG-1,Layer5,2,0
TGCGGAGTAAAGGTGC-1,Layer5,2,0
TGCGGCATAGTTCAAC-1,Layer3,0,0
TGCGGGTATTGGGATC-1,Layer2,0,3
TGCGGTCTACGAGTAA-1,Layer2,3,3
TGCGGTGAAATTTCAT-1,Layer3,1,6
TGCGTAAGAACCTGAT-1,WM,4,1
TGCGTCATGACTGAGC-1,WM,5,1
TGCGTGATTGGGTGTC-1,Layer1,3,4
TGCGTTTGTTGACACT-1,Layer6,6,2
TGCTAAGTGTCTATTT-1,Layer4,0,6
TGCTATACAAACGGAC-1,Layer2,0,3
TGCTCCACAGTTCTTA-1,Layer4,1,5
TGCTCGGCGAAACCCA-1,Layer6,2,4
TGCTCGGTGGGTCACC-1,Layer5,1,2
TGCTCTTGAGAGTTTG-1,Layer5,1,6
TGCTGGTTGGACAATT-1,Layer4,1,0
TGCTGTTGAAGAACTC-1,Layer6,6,2
TGCTTAGAGAGAATGC-1,WM,5,1
TGCTTCCCAAGCAGTA-1,Layer6,6,2
TGGAAACGGAGTGAAC-1,Layer1,3,4
TGGAACCACTGACACA-1,Layer3,0,6
TGGAAGAAGGGAACGT-1,Layer6,3,4
TGGAAGACGAACACCA-1,Layer3,0,0
TGGAAGGATAAAGATG-1,Layer5,0,0
TGGAATATCCTTGACC-1,Layer3,0,3
TGGAATTAGACGCTTT-1,Layer3,3,0
TGGACCAATCTAAGAT-1,Layer5,1,6
TGGACGCAATCCAGCC-1,WM,5,1
TGGACTGTTCGCTCAA-1,Layer6,6,2
TGGAGAATAATCGTCC-1,WM,4,1
TGGAGCTAAAGTTCCC-1,Layer3,0,3
TGGAGTGATGCGATGA-1,Layer5,2,0
TGGCAAACTAAATTAC-1,Layer5,1,5
TGGCAACTCGCGCGCC-1,Layer5,1,6
TGGCAAGCACAAGTCG-1,Layer6,6,2
TGGCAATGGGACGGCG-1,Layer3,0,3
TGGCACGAGCTCGAGT-1,Layer2,0,3
TGGCAGATTACGATCA-1,Layer6,4,4
TGGCAGCAGTAATAGT-1,Layer6,3,4
TGGCATGAAGTTTGGG-1,WM,4,1
TGGCCAAACTGAAGTA-1,Layer5,4,2
TGGCCAATTTGGTACT-1,Layer6,4,1
TGGCCGTATATTGACC-1,Layer5,2,0
TGGCGACTGCTCCAAA-1,WM,5,1
TGGCGATCAAGTTATG-1,Layer6,4,1
TGGCGGTGTGCGATTG-1,Layer1,3,4
TGGCTACACTCTACCT-1,Layer3,0,3
TGGCTATGTGACATAC-1,Layer5,1,6
TGGCTCTTGTCGCGTA-1,Layer5,6,2
TGGCTTTGGGTAGACA-1,Layer4,1,0
TGGGAAATGCCTTTCC-1,Layer3,2,4
TGGGATGCACTCATTC-1,Layer3,0,3
TGGGCAATAGTTGGGT-1,Layer3,0,3
TGGGCACAAACAGAAC-1,Layer2,0,3
TGGGCACGTTCTATGG-1,Layer3,2,2
TGGGCAGGCCACCGCA-1,Layer2,3,4
TGGGCCACAAGAGCGC-1,Layer5,1,6
TGGGCCCATACTAATT-1,Layer5,2,5
TGGGCCTTGCCTGCAT-1,Layer1,3,4
TGGGCGATACAATAAG-1,Layer6,4,1
TGGGTAAGGTTCCCGC-1,Layer3,0,6
TGGTAAGCAGGATTGA-1,Layer5,2,4
TGGTAGAATATATGGG-1,Layer3,0,5
TGGTATCGCATCCCAA-1,Layer3,0,6
TGGTATCGGTCTGTAT-1,Layer3,0,3
TGGTCCCACGCTACGG-1,Layer5,1,2
TGGTCTGTTGGGCGTA-1,Layer5,6,2
TGGTGATCGTATTTGT-1,Layer3,3,4
TGGTTAACTTACATTT-1,WM,5,1
TGGTTCAACGGGTAAT-1,Layer6,6,5
TGGTTCGTAGCAAAGG-1,Layer5,6,2
TGGTTGGAGGATCCTG-1,Layer3,2,0
TGGTTTAAACGTGGGT-1,Layer2,0,3
TGTAACTTGTCAACCT-1,Layer1,2,4
TGTAATGACCACAATA-1,Layer5,1,0
TGTACCCGACCCTAAT-1,WM,5,1
TGTACCTACACGAGGG-1,Layer3,0,6
TGTACGAACAAATCCG-1,Layer6,6,2
TGTACGCTATCAGCTT-1,Layer2,0,3
TGTACTGTGCCAAAGT-1,Layer1,3,4
TGTAGCCATCCCATTC-1,Layer2,3,4
TGTAGGAGAAATTTCC-1,Layer5,1,6
TGTAGTGATCTATAAT-1,Layer5,6,2
TGTATAACAGATCCTG-1,Layer5,1,0
TGTATCCTTATTCCAT-1,Layer3,0,0
TGTATGGCGCAGACAG-1,Layer4,1,6
TGTATTTACCTAATGC-1,Layer2,0,3
TGTCATTTGTTGGGAA-1,Layer3,0,3
TGTCCACGGCTCAACT-1,Layer3,0,3
TGTCCCGACATAGCAC-1,Layer3,0,0
TGTCCGTGGCGCCTTT-1,Layer4,2,0
TGTCCTAAGTCACCGC-1,Layer5,2,2
TGTCGGCATGGTGGAA-1,Layer1,3,4
TGTCGTTATCACATAT-1,WM,5,1
TGTCTACAGTTTCTGT-1,Layer3,0,0
TGTGACTACGCCAGTC-1,Layer5,2,0
TGTGAGACTAGCCCAA-1,Layer6,2,2
TGTGATTCCAGCGCTT-1,Layer2,0,3
TGTGCCGGTGCCGGAA-1,Layer3,0,5
TGTGCTTTACGTAAGA-1,Layer5,1,6
TGTGGAGGAAGCTTAA-1,Layer1,3,4
TGTGGCAAAGCGTATG-1,Layer5,1,6
TGTGGCGGGCTTCTGG-1,Layer6,2,2
TGTGGCTCCCACCAAC-1,Layer2,0,3
TGTGGTTGCTAAAGCT-1,Layer6,4,1
TGTGTCGCGAGTTGCA-1,Layer4,2,0
TGTGTTCGTATCCAAG-1,Layer4,2,2
TGTTATTGTATGTGGC-1,Layer5,1,6
TGTTCCGCTTCCATGA-1,Layer6,2,2
TGTTCCGGCCTGAGCT-1,Layer6,4,2
TGTTCGTATTGCGGTG-1,Layer6,3,4
TGTTCTTCCATTGACT-1,Layer6,2,2
TGTTGTCAAGAAGTCT-1,Layer5,1,6
TGTTTAATACTTCATC-1,Layer3,2,0
TGTTTCGGTACTTCTC-1,Layer4,2,0
TGTTTCTGAAGCGTGC-1,WM,5,1
TGTTTGAGATCGTCAG-1,Layer2,0,3
TTAAACAGAGTCCCGC-1,Layer1,3,4
TTAAACCGGTAGCGAC-1,Layer3,0,0
TTAAACCTGGTTCCTT-1,Layer3,3,4
TTAAACTCGAATTCAT-1,Layer4,0,6
TTAACACCTCGAACAT-1,Layer3,2,0
TTAACCAACCCTCCCT-1,Layer5,1,0
TTAACGTCGCAAGACC-1,Layer3,2,0
TTAACTCACGCGTGGA-1,Layer3,3,4
TTAACTTCAGGTAGGA-1,Layer6,4,1
TTAAGACGAACGAACC-1,Layer3,0,3
TTAAGATAGGATTGAC-1,Layer3,0,5
TTAAGCCGACAACTTC-1,Layer3,2,0
TTAAGCGCCTGACCCA-1,Layer5,2,2
TTAAGGATACGGAGGT-1,Layer1,3,4
TTAAGGCCCGTACTTT-1,WM,5,1
TTAAGTATTGTTATCC-1,Layer3,0,5
TTAATCAGTACGTCAG-1,Layer5,1,6
TTAATGCGAGGTAACT-1,Layer3,0,3
TTAATGTAGACCAGGT-1,Layer6,6,2
TTAATTGCTTTGGGTG-1,Layer5,1,2
TTAATTTCAGACGCGG-1,Layer4,1,6
TTACAACTACGCATCC-1,Layer5,1,0
TTACACGATCTGCGAC-1,Layer2,0,3
TTACAGACCTAAATGA-1,Layer3,0,6
TTACATCGTGGCCTGG-1,Layer3,2,0
TTACATGCCACAACTA-1,Layer3,0,5
TTACCATTGATTACCC-1,Layer5,1,2
TTACCCATTGCCGGGT-1,Layer4,0,0
TTACCCTAACAGTCCT-1,Layer3,0,0
TTACCCTAGGGATTGG-1,Layer6,2,4
TTACCGCCTTAGGGAA-1,Layer1,3,4
TTACGGATGGTTCGAG-1,Layer4,2,6
TTACGGTGTCACCGAG-1,Layer1,3,4
TTACGTAGCGCGTGCT-1,Layer1,3,4
TTACTAAAGGACTTTA-1,Layer5,1,5
TTACTATCGGCTTCTC-1,Layer5,2,2
TTACTCCGGCCGGGAA-1,Layer6,6,6
TTACTCTGGTACGTAC-1,Layer6,4,2
TTACTGGGATATTTCA-1,Layer6,4,1
TTACTGTTTCTCTACG-1,Layer2,0,3
TTAGAAGAACATGACT-1,Layer6,6,2
TTAGAATAAGGGTCGG-1,WM,5,1
TTAGACACGATCGTTG-1,Layer3,2,6
TTAGACGAGTCACCTC-1,Layer5,1,6
TTAGAGTTTAGAAGGA-1,Layer5,1,6
TTAGATAGGTCGATAC-1,Layer1,3,4
TTAGCAACATGGATGT-1,Layer3,2,0
TTAGCTAATACGATCT-1,Layer3,0,6
TTAGCTCTGTAATCCG-1,Layer4,2,0
TTAGCTGATTTGCCGT-1,Layer4,2,5
TTAGGTCATAACCGAC-1,WM,4,1
TTAGTAAACCTGCTCT-1,Layer3,0,5
TTAGTAGGGCGGCGGG-1,Layer5,1,0
TTAGTTATTCGTGGCA-1,Layer4,1,5
TTAGTTCAAGTGTTCG-1,Layer2,0,3
TTATAGATGCACATTA-1,Layer2,0,4
TTATAGGTAATTGTCT-1,Layer5,1,2
TTATATACGCTGTCAC-1,Layer6,6,2
TTATATTTGGCAATCC-1,Layer6,2,2
TTATCCAATCGAACTC-1,Layer2,0,3
TTATCCGGGATCTATA-1,Layer5,1,6
TTATCCTCAAGGAATA-1,WM,5,1
TTATCGCCTGCGAAGC-1,Layer3,2,0
TTATCTGACATTAGGA-1,Layer6,2,4
TTATCTGTATCATAAC-1,Layer5,2,0
TTATGAATGAAAGGGA-1,Layer6,3,4
TTATGACAAACTGGAT-1,Layer5,1,2
TTATGATCTTAACGAA-1,Layer5,1,6
TTATGCGTCCCGGTCC-1,Layer1,3,4
TTATGTTTGCGATAGA-1,Layer3,2,0
TTATTAGAGCGTGTTC-1,Layer6,6,2
TTATTAGGGAAGCATC-1,Layer3,1,0
TTATTTCATCCCAAAC-1,Layer1,3,4
TTCAAAGTCTCTAGCC-1,Layer6,6,2
TTCAACGACCCGACCG-1,Layer4,1,6
TTCAAGCCGAGCTGAG-1,Layer3,0,0
TTCAATACTCTGAATC-1,Layer5,1,6
TTCAATTAGCCATAAT-1,Layer3,0,0
TTCACGAAAGGATCAC-1,Layer6,6,2
TTCACTCGAGCACCTA-1,Layer6,6,2
TTCACTTCCTAGAACG-1,Layer6,6,2
TTCAGAGTAACCTGAC-1,Layer1,3,4
TTCAGCCCTGGTCCAC-1,Layer5,1,6
TTCAGCTGGCGTGCCC-1,Layer3,0,5
TTCAGGCGTCAAAGCC-1,Layer5,2,2
TTCAGTTCAAGAGGAG-1,WM,4,1
TTCATAGCCTTGTAAC-1,Layer1,3,4
TTCATGGCGCAACAGG-1,Layer5,1,6
TTCCAATCAGAGCTAG-1,Layer3,0,6
TTCCAATCTGGCTATC-1,WM,5,1
TTCCACACAGATTTGA-1,WM,5,1
TTCCACATTTCTCGTC-1,Layer2,0,3
TTCCAGACGAGATTTA-1,Layer3,0,3
TTCCATCATGCGGTGA-1,Layer3,0,3
TTCCATCGACAGCGTG-1,Layer3,0,3
TTCCCGACGCTTCACT-1,Layer3,0,3
TTCCCGGCGCCAATAG-1,Layer6,4,2
TTCCGCAGAGAAATAT-1,Layer3,1,6
TTCCGCGTGAGGCGAT-1,Layer6,2,2
TTCCGGCCTTGAGGCT-1,WM,5,1
TTCCGGCTCGACTTCT-1,Layer1,3,4
TTCCGGTATCTGTGTC-1,Layer2,0,3
TTCCGGTTACCCACTT-1,Layer5,1,6
TTCCTCGAGGGTGTCT-1,Layer5,1,0
TTCCTCGGACTAACCA-1,Layer5,1,6
TTCCTCTGCCCGAATA-1,Layer5,1,6
TTCCTTTCTGTGTTGC-1,Layer1,3,4
TTCGACAGAGCCCGTG-1,Layer6,6,2
TTCGACGGGAAGGGCG-1,Layer5,1,6
TTCGCACTCGCGTGCT-1,Layer5,2,6
TTCGCACTGTACGACA-1,Layer6,3,4
TTCGCATCCGGAAGCA-1,Layer1,3,4
TTCGCCGCTCGCGCTA-1,WM,5,1
TTCGCGCGCCATACGA-1,WM,4,1
TTCGCTAGGAAGTTGT-1,Layer2,0,3
TTCGCTATCTGACGTG-1,Layer3,2,0
TTCGGACTGATGCCTT-1,Layer2,0,3
TTCGGACTGGGCATGG-1,WM,5,1
TTCGGCAACCCGCTGA-1,Layer3,2,0
TTCGGCTAGAGATGGT-1,Layer3,2,4
TTCGGGACTAATCGCG-1,Layer6,2,2
TTCGGGCGCTAGTCTT-1,WM,5,1
TTCGGTACTGTAGAGG-1,Layer6,6,2
TTCGTAATCCCAGCGG-1,Layer3,1,0
TTCGTACTCCAGAACG-1,Layer5,1,0
TTCGTTCAACGAAGTT-1,Layer3,0,5
TTCTAACCGAAGCTTA-1,Layer5,1,6
TTCTACCTCAATCGGT-1,WM,4,1
TTCTACCTTTATGTTG-1,Layer3,0,3
TTCTACTTGCGAGGGC-1,Layer3,0,6
TTCTAGAAAGTCTTAT-1,WM,4,1
TTCTAGGCCAATTGTG-1,Layer4,1,0
TTCTATTAAACGCAGC-1,Layer6,4,2
TTCTCTTACAGGTGAT-1,WM,5,1
TTCTGACCGGGCTCAA-1,Layer5,1,6
TTCTGCCGCGCCTAGA-1,Layer6,6,2
TTCTGCGAGCGCCCTT-1,Layer5,2,4
TTCTGCGGGTTAGCGG-1,Layer5,1,6
TTCTGCTAGACTCCAA-1,Layer3,0,3
TTCTTAGTGAACGGTG-1,Layer3,0,0
TTCTTAGTGGCTCAGA-1,Layer4,1,0
TTCTTATCCGCTGGGT-1,Layer3,2,0
TTCTTCCCTTTGATAT-1,Layer3,0,3
TTCTTCGCAATAGAGC-1,Layer2,0,3
TTCTTGAGCCGCGCTA-1,WM,4,1
TTCTTGCTAGCATCTC-1,Layer3,0,3
TTCTTGGACGATCTGC-1,WM,5,1
TTCTTGGAGTAATGAG-1,Layer5,1,6
TTCTTGTAACCTAATG-1,Layer4,2,2
TTCTTTGGTCGCGACG-1,Layer3,0,5
TTGAAAGGTGTAAAGG-1,Layer3,0,3
TTGAACGAATCCTTTG-1,Layer3,2,4
TTGAACGACGTGCTGA-1,Layer3,0,6
TTGAAGAATTCCCAGG-1,Layer6,1,2
TTGAAGGATGGGCGCC-1,WM,5,1
TTGAATATGGACTTTC-1,Layer6,6,6
TTGAATCGTTGTATAA-1,Layer6,4,4
TTGAATTCACGTGAGG-1,Layer3,0,6
TTGACAGGAGCTCCCG-1,Layer3,0,6
TTGACATGAACGTGGA-1,Layer6,4,1
TTGACCAGGAACAACT-1,Layer5,1,6
TTGACCATGTTCTCCG-1,Layer5,2,0
TTGACCGTGTTAATGA-1,WM,5,1
TTGACGATTCAGCACG-1,Layer3,0,0
TTGACGCTCCATGAGC-1,Layer3,0,0
TTGACTACCATATGGT-1,WM,4,1
TTGACTATTGTCCGGC-1,Layer3,0,3
TTGAGAAGTTTAGCAT-1,Layer4,0,6
TTGAGAGTACTGCTAA-1,WM,5,1
TTGAGCAGCCCACGGT-1,Layer2,0,3
TTGAGCGCCACGTGAT-1,Layer2,0,3
TTGAGGCATTTAACTC-1,Layer3,2,3
TTGATCTAACTTTGTC-1,Layer5,6,2
TTGATGTGTAGTCCCG-1,Layer4,1,6
TTGATTAGCTGTTTCT-1,WM,5,1
TTGATTATGCAGATGA-1,Layer5,2,4
TTGCAAGAAGACTCCT-1,Layer6,4,2
TTGCACAATTCAGAAA-1,Layer6,6,2
TTGCACGGAGCAGCAC-1,Layer5,2,0
TTGCATGCTGATCACG-1,Layer6,4,4
TTGCCAAGCAGAACCC-1,Layer2,0,3
TTGCCATAGCCCGCTC-1,WM,5,1
TTGCCCTGATCACGGG-1,Layer5,6,2
TTGCCGCAGACCTACA-1,WM,5,1
TTGCCGCTTTCTAGTA-1,Layer5,1,6
TTGCCGGTGATCCCTC-1,Layer3,0,3
TTGCCTAATCCAAAGT-1,WM,5,1
TTGCGGCATCAGAAAG-1,WM,5,1
TTGCGGCGACTCATGC-1,Layer2,0,3
TTGCGTAGTTTGAGGA-1,Layer3,2,4
TTGCGTCGGCCAACCG-1,WM,4,1
TTGCGTGAACGCTTAG-1,Layer3,0,3
TTGCTAGCTACCAATC-1,Layer1,2,4
TTGCTCCCATACCGGA-1,Layer5,1,6
TTGCTGAAGGAACCAC-1,Layer5,1,0
TTGCTGATCATGTTCG-1,Layer6,2,2
TTGCTGCACCTATCCA-1,Layer3,2,4
TTGCTGGCCGGGCTTC-1,Layer3,0,0
TTGGAAGAATACAGTC-1,WM,5,1
TTGGACATGTGGCTTA-1,Layer6,6,2
TTGGACCATCTGGCAA-1,Layer3,0,3
TTGGACCTATAACAGT-1,Layer4,0,6
TTGGAGTCTCCCTTCT-1,Layer2,3,4
TTGGATATCGTCTACG-1,WM,4,1
TTGGATCGACTTCTGG-1,Layer3,2,0
TTGGATTGGGTACCAC-1,Layer4,2,6
TTGGCCATCTTGCGCT-1,Layer3,2,4
TTGGCCTAGAATTTCG-1,Layer3,0,6
TTGGCTCGCATGAGAC-1,Layer4,3,0
TTGGGAAGACGAGCCG-1,Layer6,4,2
TTGGGACACTGCCCGC-1,Layer6,6,2
TTGGGACGTAAGAGTT-1,Layer3,0,3
TTGGGCGGCGGTTGCC-1,Layer5,1,6
TTGGTCACACTCGTAA-1,WM,4,1
TTGGTTGCGGTGCGCG-1,WM,5,1
TTGTAAGGACCTAAGT-1,WM,4,1
TTGTAAGGCCAGTTGG-1,Layer5,1,6
TTGTAATCCGTACTCG-1,Layer6,6,4
TTGTATCACACAGAAT-1,Layer3,2,0
TTGTCGTTCAGTTACC-1,Layer5,2,0
TTGTGAACCTAATCCG-1,Layer4,0,6
TTGTGAGGCATGACGC-1,Layer5,6,2
TTGTGCAGCCACGTCA-1,Layer5,4,5
TTGTGGCCCTGACAGT-1,Layer5,1,6
TTGTGGTAGGAGGGAT-1,WM,5,1
TTGTGGTGGTACTAAG-1,Layer3,0,3
TTGTGTATGCCACCAA-1,Layer6,2,4
TTGTGTTTCCCGAAAG-1,Layer6,2,4
TTGTTAGCAAATTCGA-1,Layer4,0,0
TTGTTCAGTGTGCTAC-1,Layer5,1,0
TTGTTGTGTGTCAAGA-1,Layer5,1,6
TTGTTTCACATCCAGG-1,WM,5,1
TTGTTTCATTAGTCTA-1,WM,5,1
TTGTTTCCATACAACT-1,Layer6,4,1
TTGTTTGTATTACACG-1,WM,4,1
TTGTTTGTGTAAATTC-1,Layer2,0,3
