,I,pval_norm,var_norm,pval_z_sim,pval_sim,var_sim,pval_norm_fdr_bh,pval_z_sim_fdr_bh,pval_sim_fdr_bh
MBP,0.8075052230430294,0.0,9.721715e-05,0.0,0.009900990099009901,0.0003194501635360019,0.0,0.0,0.022282798422377872
PLP1,0.701896709891257,0.0,9.721715e-05,0.0,0.009900990099009901,0.00028199278122554823,0.0,0.0,0.022282798422377872
SCGB2A2,0.7016574657167673,0.0,9.721715e-05,0.0,0.009900990099009901,0.00018286700217596166,0.0,0.0,0.022282798422377872
MOBP,0.6460556738048763,0.0,9.721715e-05,0.0,0.009900990099009901,0.00022496644984838478,0.0,0.0,0.022282798422377872
GFAP,0.6246221980213504,0.0,9.721715e-05,0.0,0.009900990099009901,0.00017678655827611139,0.0,0.0,0.022282798422377872
TF,0.5926695552833561,0.0,9.721715e-05,0.0,0.009900990099009901,0.00019562308125618024,0.0,0.0,0.022282798422377872
CNP,0.5716676433588874,0.0,9.721715e-05,0.0,0.009900990099009901,0.00020526453611548247,0.0,0.0,0.022282798422377872
CRYAB,0.5613454564236153,0.0,9.721715e-05,0.0,0.009900990099009901,0.00020931395658993902,0.0,0.0,0.022282798422377872
MAG,0.5458580110463086,0.0,9.721715e-05,0.0,0.009900990099009901,0.00019356117588816037,0.0,0.0,0.022282798422377872
PPP1R14A,0.533417950234954,0.0,9.721715e-05,0.0,0.009900990099009901,0.00018597334175636567,0.0,0.0,0.022282798422377872
ERMN,0.5089056463565631,0.0,9.721715e-05,0.0,0.009900990099009901,0.00018491963927264455,0.0,0.0,0.022282798422377872
CLDND1,0.5002966717009586,0.0,9.721715e-05,0.0,0.009900990099009901,0.00016300009489804011,0.0,0.0,0.022282798422377872
CLDN11,0.49561344885957975,0.0,9.721715e-05,0.0,0.009900990099009901,0.00016833677153843725,0.0,0.0,0.022282798422377872
SCGB1D2,0.49227320762824417,0.0,9.721715e-05,0.0,0.009900990099009901,0.00012051150990603084,0.0,0.0,0.022282798422377872
MOG,0.4774625635820539,0.0,9.721715e-05,0.0,0.009900990099009901,0.00013928310552071147,0.0,0.0,0.022282798422377872
SPP1,0.47182289131868227,0.0,9.721715e-05,0.0,0.009900990099009901,0.0001880561407464644,0.0,0.0,0.022282798422377872
S100B,0.45995111024077806,0.0,9.721715e-05,0.0,0.009900990099009901,0.00015133438657198548,0.0,0.0,0.022282798422377872
ENC1,0.45808888836606443,0.0,9.721715e-05,0.0,0.009900990099009901,0.00018844946440975537,0.0,0.0,0.022282798422377872
NRGN,0.4562475734529683,0.0,9.721715e-05,0.0,0.009900990099009901,0.0001682716672790172,0.0,0.0,0.022282798422377872
SNAP25,0.4448458518386949,0.0,9.721715e-05,0.0,0.009900990099009901,0.00014758043031342277,0.0,0.0,0.022282798422377872
RNASE1,0.44328174790133135,0.0,9.721715e-05,0.0,0.009900990099009901,0.00015017753579194402,0.0,0.0,0.022282798422377872
CARNS1,0.44086410773907625,0.0,9.721715e-05,0.0,0.009900990099009901,0.0001553471639333412,0.0,0.0,0.022282798422377872
HSPA2,0.42572376470801554,0.0,9.721715e-05,0.0,0.009900990099009901,0.0001450257512296876,0.0,0.0,0.022282798422377872
PTGDS,0.418790574987957,0.0,9.721715e-05,0.0,0.009900990099009901,0.0001578154176852815,0.0,0.0,0.022282798422377872
SEPT4,0.41769060050901924,0.0,9.721715e-05,0.0,0.009900990099009901,0.00017738743523248453,0.0,0.0,0.022282798422377872
TMEM144,0.40709593465359856,0.0,9.721715e-05,0.0,0.009900990099009901,0.00014453554975097028,0.0,0.0,0.022282798422377872
MAL,0.4040129586870134,0.0,9.721715e-05,0.0,0.009900990099009901,0.00017704066176076308,0.0,0.0,0.022282798422377872
LINC00844,0.40062100589007127,0.0,9.721715e-05,0.0,0.009900990099009901,0.00014956648858906716,0.0,0.0,0.022282798422377872
BCAS1,0.4005260839707713,0.0,9.721715e-05,0.0,0.009900990099009901,0.0001735010623804796,0.0,0.0,0.022282798422377872
VSNL1,0.39413847253002404,0.0,9.721715e-05,0.0,0.009900990099009901,0.00016864745784238175,0.0,0.0,0.022282798422377872
CCK,0.39096336958490163,0.0,9.721715e-05,0.0,0.009900990099009901,0.00014769252503225535,0.0,0.0,0.022282798422377872
NEFL,0.38953424713409507,0.0,9.721715e-05,0.0,0.009900990099009901,0.0001291101949904801,0.0,0.0,0.022282798422377872
IGKC,0.3877179775055432,0.0,9.721715e-05,0.0,0.009900990099009901,0.00014330173326474336,0.0,0.0,0.022282798422377872
PAQR6,0.38758331221139014,0.0,9.721715e-05,0.0,0.009900990099009901,0.00012970123919485354,0.0,0.0,0.022282798422377872
SELENOP,0.38107780345887227,0.0,9.721715e-05,0.0,0.009900990099009901,0.00019111872589200625,0.0,0.0,0.022282798422377872
ENPP2,0.37719773199620404,0.0,9.721715e-05,0.0,0.009900990099009901,0.00016370883320038514,0.0,0.0,0.022282798422377872
SCD,0.3698402221059124,0.0,9.721715e-05,0.0,0.009900990099009901,0.00014850602216071406,0.0,0.0,0.022282798422377872
OLFM1,0.3668284331796328,0.0,9.721715e-05,0.0,0.009900990099009901,0.00012688567143041125,0.0,0.0,0.022282798422377872
SYT1,0.35816917034910256,0.0,9.721715e-05,0.0,0.009900990099009901,0.00010663915938501587,0.0,0.0,0.022282798422377872
NKX6-2,0.3570065529690755,0.0,9.721715e-05,0.0,0.009900990099009901,0.00017806380844094307,0.0,0.0,0.022282798422377872
ELOVL1,0.35624815831975254,0.0,9.721715e-05,0.0,0.009900990099009901,0.00012437839388702247,0.0,0.0,0.022282798422377872
TMSB10,0.3525815469737699,0.0,9.721715e-05,0.0,0.009900990099009901,0.00012215437378463247,0.0,0.0,0.022282798422377872
SAA1,0.3495334361357547,0.0,9.721715e-05,0.0,0.009900990099009901,0.00013339724648797925,0.0,0.0,0.022282798422377872
KLK6,0.3423534077532808,0.0,9.721715e-05,0.0,0.009900990099009901,0.00013560136058118696,0.0,0.0,0.022282798422377872
MGP,0.34141163908602346,0.0,9.721715e-05,0.0,0.009900990099009901,0.00011519343983894934,0.0,0.0,0.022282798422377872
TTYH2,0.339052222142178,0.0,9.721715e-05,0.0,0.009900990099009901,0.00012170724439492577,0.0,0.0,0.022282798422377872
PLLP,0.3384323716038831,0.0,9.721715e-05,0.0,0.009900990099009901,0.0001535659376550869,0.0,0.0,0.022282798422377872
YWHAH,0.3375089552113048,0.0,9.721715e-05,0.0,0.009900990099009901,0.0001428483189513382,0.0,0.0,0.022282798422377872
OPALIN,0.33612794027314113,0.0,9.721715e-05,0.0,0.009900990099009901,0.00016054618919296142,0.0,0.0,0.022282798422377872
MARCKSL1,0.33438440438271044,0.0,9.721715e-05,0.0,0.009900990099009901,0.00011004678842948202,0.0,0.0,0.022282798422377872
PLEKHH1,0.32894854430272286,0.0,9.721715e-05,0.0,0.009900990099009901,0.00010180393500330022,0.0,0.0,0.022282798422377872
PLEKHB1,0.3269707034109758,0.0,9.721715e-05,0.0,0.009900990099009901,0.00011047277927242089,0.0,0.0,0.022282798422377872
HBB,0.3251813528614936,0.0,9.721715e-05,0.0,0.009900990099009901,0.00012031899902164813,0.0,0.0,0.022282798422377872
PMP22,0.32442899380970186,0.0,9.721715e-05,0.0,0.009900990099009901,0.00013002818511284153,0.0,0.0,0.022282798422377872
LHPP,0.3221411286652337,0.0,9.721715e-05,0.0,0.009900990099009901,9.339487738620115e-05,0.0,0.0,0.022282798422377872
CNTN2,0.3199729718840096,0.0,9.721715e-05,0.0,0.009900990099009901,0.00014071293714719402,0.0,0.0,0.022282798422377872
IGHG3,0.3193517348270539,0.0,9.721715e-05,0.0,0.009900990099009901,0.00010551250724495699,0.0,0.0,0.022282798422377872
LAMP2,0.31870625195660657,0.0,9.721715e-05,0.0,0.009900990099009901,0.00014834150871677687,0.0,0.0,0.022282798422377872
CHN1,0.3169952762196753,0.0,9.721715e-05,0.0,0.009900990099009901,0.0001146883325607086,0.0,0.0,0.022282798422377872
APOD,0.316837978455437,0.0,9.721715e-05,0.0,0.009900990099009901,0.0001385157556085475,0.0,0.0,0.022282798422377872
RTN1,0.31634973171359565,0.0,9.721715e-05,0.0,0.009900990099009901,0.00012011184052036325,0.0,0.0,0.022282798422377872
IGLC2,0.31244224398395454,0.0,9.721715e-05,0.0,0.009900990099009901,0.0001037934723708008,0.0,0.0,0.022282798422377872
GPRC5B,0.3081170902927622,0.0,9.721715e-05,0.0,0.009900990099009901,0.00015813877702719177,0.0,0.0,0.022282798422377872
KRT19,0.3069948569376648,0.0,9.721715e-05,0.0,0.009900990099009901,0.00011795045868075656,0.0,0.0,0.022282798422377872
QKI,0.30673568960842806,0.0,9.721715e-05,0.0,0.009900990099009901,0.00012010125524686758,0.0,0.0,0.022282798422377872
EFHD1,0.3030201236583873,0.0,9.721715e-05,0.0,0.009900990099009901,0.00013206779736596295,0.0,0.0,0.022282798422377872
PCP4,0.2985987888937752,0.0,9.721715e-05,0.0,0.009900990099009901,8.76808183709681e-05,0.0,0.0,0.022282798422377872
SLC44A1,0.2962543893987617,0.0,9.721715e-05,0.0,0.009900990099009901,0.00015117830677933075,0.0,0.0,0.022282798422377872
MYRF,0.29574455640923547,0.0,9.721715e-05,0.0,0.009900990099009901,0.00013422215192558746,0.0,0.0,0.022282798422377872
PLA2G16,0.294827940444798,0.0,9.721715e-05,0.0,0.009900990099009901,0.0001077859877507853,0.0,0.0,0.022282798422377872
STMN2,0.29421423339783775,0.0,9.721715e-05,0.0,0.009900990099009901,9.565037050380149e-05,0.0,0.0,0.022282798422377872
SEMA3B,0.2910458404983022,0.0,9.721715e-05,0.0,0.009900990099009901,0.00010724183166855421,0.0,0.0,0.022282798422377872
NDUFA4,0.2899342984541937,0.0,9.721715e-05,0.0,0.009900990099009901,0.00013942075598928662,0.0,0.0,0.022282798422377872
QDPR,0.28981514236731976,0.0,9.721715e-05,0.0,0.009900990099009901,9.685424612806757e-05,0.0,0.0,0.022282798422377872
UGT8,0.2884798599790912,0.0,9.721715e-05,0.0,0.009900990099009901,0.00014989812628613634,0.0,0.0,0.022282798422377872
TUBA1A,0.2867755830337829,0.0,9.721715e-05,0.0,0.009900990099009901,0.00010924409928686894,0.0,0.0,0.022282798422377872
CPB1,0.2859013522292957,0.0,9.721715e-05,0.0,0.009900990099009901,0.00010058528032070319,0.0,0.0,0.022282798422377872
CERCAM,0.2853897887362654,0.0,9.721715e-05,0.0,0.009900990099009901,0.00011028387812898751,0.0,0.0,0.022282798422377872
TUBA1B,0.28529140986297474,0.0,9.721715e-05,0.0,0.009900990099009901,9.981865436700641e-05,0.0,0.0,0.022282798422377872
IGHA1,0.284900093269271,0.0,9.721715e-05,0.0,0.009900990099009901,0.00010367242665959639,0.0,0.0,0.022282798422377872
EDIL3,0.28015527187522504,0.0,9.721715e-05,0.0,0.009900990099009901,0.00012737045041781125,0.0,0.0,0.022282798422377872
CNDP1,0.2787858573044505,0.0,9.721715e-05,0.0,0.009900990099009901,0.00010180033527399393,0.0,0.0,0.022282798422377872
PIP4K2A,0.2740451485814129,0.0,9.721715e-05,0.0,0.009900990099009901,0.00010817458664199422,0.0,0.0,0.022282798422377872
UCHL1,0.27039247655795434,0.0,9.721715e-05,0.0,0.009900990099009901,0.00013761519580192895,0.0,0.0,0.022282798422377872
SNCB,0.26966693055856816,0.0,9.721715e-05,0.0,0.009900990099009901,0.00010681842565787666,0.0,0.0,0.022282798422377872
FGFR2,0.26843920500999774,0.0,9.721715e-05,0.0,0.009900990099009901,0.00012195101033556636,0.0,0.0,0.022282798422377872
ABCA2,0.26823626979872556,0.0,9.721715e-05,0.0,0.009900990099009901,0.00012542890825255112,0.0,0.0,0.022282798422377872
CALM3,0.2680919673037842,0.0,9.721715e-05,0.0,0.009900990099009901,8.74210334246837e-05,0.0,0.0,0.022282798422377872
TSC22D4,0.26779352784395194,0.0,9.721715e-05,0.0,0.009900990099009901,0.00011656022067118976,0.0,0.0,0.022282798422377872
GSN,0.26654175124927953,0.0,9.721715e-05,0.0,0.009900990099009901,0.00010836656702827905,0.0,0.0,0.022282798422377872
MDH1,0.26652796415534113,0.0,9.721715e-05,0.0,0.009900990099009901,0.00011178581460946104,0.0,0.0,0.022282798422377872
FAM107B,0.26643930318500153,0.0,9.721715e-05,0.0,0.009900990099009901,0.00012268556599861946,0.0,0.0,0.022282798422377872
GPR37,0.264079653113417,0.0,9.721715e-05,0.0,0.009900990099009901,0.00012118342580334497,0.0,0.0,0.022282798422377872
GLDN,0.2622597595347312,0.0,9.721715e-05,0.0,0.009900990099009901,0.00011117735185355895,0.0,0.0,0.022282798422377872
AL359091.1,0.2612340617594362,0.0,9.721715e-05,0.0,0.009900990099009901,0.00012086949939822472,0.0,0.0,0.022282798422377872
TPPP3,0.2610997336440378,0.0,9.721715e-05,0.0,0.009900990099009901,0.00010865093125163544,0.0,0.0,0.022282798422377872
HOPX,0.260450844014643,0.0,9.721715e-05,0.0,0.009900990099009901,0.00012090055525928557,0.0,0.0,0.022282798422377872
OLIG1,0.2594978580066453,0.0,9.721715e-05,0.0,0.009900990099009901,0.00012950882654759493,0.0,0.0,0.022282798422377872
FABP4,0.2585210767868654,0.0,9.721715e-05,0.0,0.009900990099009901,8.635160917444665e-05,0.0,0.0,0.022282798422377872
CDKN1C,0.2572400934013023,0.0,9.721715e-05,0.0,0.009900990099009901,0.0001010501170111636,0.0,0.0,0.022282798422377872
NEFM,0.25722676046490645,0.0,9.721715e-05,0.0,0.009900990099009901,0.00013696955850453735,0.0,0.0,0.022282798422377872
CSRP1,0.2567805302618221,0.0,9.721715e-05,0.0,0.009900990099009901,0.00010586814650232765,0.0,0.0,0.022282798422377872
THY1,0.2563731065299021,0.0,9.721715e-05,0.0,0.009900990099009901,0.0001243616372566058,0.0,0.0,0.022282798422377872
CMTM5,0.2544005831586226,0.0,9.721715e-05,0.0,0.009900990099009901,0.0001270123210366291,0.0,0.0,0.022282798422377872
SUN2,0.25407769697739596,0.0,9.721715e-05,0.0,0.009900990099009901,0.00010449284800652927,0.0,0.0,0.022282798422377872
SLAIN1,0.2540479983291231,0.0,9.721715e-05,0.0,0.009900990099009901,0.00010651940536900327,0.0,0.0,0.022282798422377872
PADI2,0.2522685940854864,0.0,9.721715e-05,0.0,0.009900990099009901,9.89602955153191e-05,0.0,0.0,0.022282798422377872
TUBB2A,0.2512480568615174,0.0,9.721715e-05,0.0,0.009900990099009901,0.00010801681555132008,0.0,0.0,0.022282798422377872
SNCG,0.24875632751803248,0.0,9.721715e-05,0.0,0.009900990099009901,0.00010954003722902069,0.0,0.0,0.022282798422377872
HAPLN2,0.24620766473641206,0.0,9.721715e-05,0.0,0.009900990099009901,0.0001156456181058308,0.0,0.0,0.022282798422377872
CD9,0.24609318456886814,0.0,9.721715e-05,0.0,0.009900990099009901,0.00010828938829305803,0.0,0.0,0.022282798422377872
KRT8,0.24541739378493363,0.0,9.721715e-05,0.0,0.009900990099009901,0.00010653409638216689,0.0,0.0,0.022282798422377872
MALAT1,0.24421566218744523,0.0,9.721715e-05,0.0,0.009900990099009901,0.00010083816780330317,0.0,0.0,0.022282798422377872
BOK,0.24235826365176624,0.0,9.721715e-05,0.0,0.009900990099009901,0.0001040155996575111,0.0,0.0,0.022282798422377872
APLP1,0.24008973052059757,0.0,9.721715e-05,0.0,0.009900990099009901,0.00014197955428277805,0.0,0.0,0.022282798422377872
PRR18,0.23957809496653026,0.0,9.721715e-05,0.0,0.009900990099009901,0.00010785876455127316,0.0,0.0,0.022282798422377872
YWHAG,0.23939620246111865,0.0,9.721715e-05,0.0,0.009900990099009901,9.211373041021953e-05,0.0,0.0,0.022282798422377872
CDC42EP1,0.23880226125336818,0.0,9.721715e-05,0.0,0.009900990099009901,0.00011207889493235349,0.0,0.0,0.022282798422377872
LMO4,0.23845787099122748,0.0,9.721715e-05,0.0,0.009900990099009901,9.61443139102211e-05,0.0,0.0,0.022282798422377872
TMEM63A,0.23751775709324255,0.0,9.721715e-05,0.0,0.009900990099009901,0.0001162511495548739,0.0,0.0,0.022282798422377872
LPAR1,0.23665356016407563,0.0,9.721715e-05,0.0,0.009900990099009901,0.00010697364502732042,0.0,0.0,0.022282798422377872
NDRG1,0.2360785219569635,0.0,9.721715e-05,0.0,0.009900990099009901,0.00010159147648908706,0.0,0.0,0.022282798422377872
TP53INP2,0.2355518137337922,0.0,9.721715e-05,0.0,0.009900990099009901,7.57969186011464e-05,0.0,0.0,0.022282798422377872
RASSF2,0.23545404937651346,0.0,9.721715e-05,0.0,0.009900990099009901,8.729349651591017e-05,0.0,0.0,0.022282798422377872
FA2H,0.23489813898780704,0.0,9.721715e-05,0.0,0.009900990099009901,0.00010984024669966091,0.0,0.0,0.022282798422377872
AIF1L,0.2332543433444782,0.0,9.721715e-05,0.0,0.009900990099009901,0.00010295717276041936,0.0,0.0,0.022282798422377872
GPM6A,0.2331216873416444,0.0,9.721715e-05,0.0,0.009900990099009901,9.131357980691061e-05,0.0,0.0,0.022282798422377872
ALB,0.23092009381981043,0.0,9.721715e-05,0.0,0.009900990099009901,7.332504922068766e-05,0.0,0.0,0.022282798422377872
AQP1,0.23036053189310632,0.0,9.721715e-05,0.0,0.009900990099009901,0.00012094342750696849,0.0,0.0,0.022282798422377872
MUC1,0.228039132181562,0.0,9.721715e-05,0.0,0.009900990099009901,9.579960813051538e-05,0.0,0.0,0.022282798422377872
EVI2A,0.22687087737457257,0.0,9.721715e-05,0.0,0.009900990099009901,0.00012626350692702138,0.0,0.0,0.022282798422377872
ATP1A3,0.2261624636279214,0.0,9.721715e-05,0.0,0.009900990099009901,9.427690677785585e-05,0.0,0.0,0.022282798422377872
PHLDB1,0.22552836271636698,0.0,9.721715e-05,0.0,0.009900990099009901,9.07037577547429e-05,0.0,0.0,0.022282798422377872
GAP43,0.2251890262604459,0.0,9.721715e-05,0.0,0.009900990099009901,0.00011321879916858034,0.0,0.0,0.022282798422377872
HPCAL1,0.22393994574802606,0.0,9.721715e-05,0.0,0.009900990099009901,6.542527855389973e-05,0.0,0.0,0.022282798422377872
RGS4,0.22357426514559037,0.0,9.721715e-05,0.0,0.009900990099009901,8.650558416175174e-05,0.0,0.0,0.022282798422377872
CERS2,0.22354953858016477,0.0,9.721715e-05,0.0,0.009900990099009901,0.00014176603560554034,0.0,0.0,0.022282798422377872
NDRG4,0.22346570935419746,0.0,9.721715e-05,0.0,0.009900990099009901,8.621173682694498e-05,0.0,0.0,0.022282798422377872
DNM1,0.22296664507620215,0.0,9.721715e-05,0.0,0.009900990099009901,0.00010215817863596871,0.0,0.0,0.022282798422377872
FGF1,0.22233295686510707,0.0,9.721715e-05,0.0,0.009900990099009901,9.36794965340787e-05,0.0,0.0,0.022282798422377872
HSPA8,0.22189264741048725,0.0,9.721715e-05,0.0,0.009900990099009901,0.00010206884414498721,0.0,0.0,0.022282798422377872
FDCSP,0.22182052177562347,0.0,9.721715e-05,0.0,0.009900990099009901,8.909488177459048e-05,0.0,0.0,0.022282798422377872
EEF1A2,0.22104731028329438,0.0,9.721715e-05,0.0,0.009900990099009901,0.00010218727625861501,0.0,0.0,0.022282798422377872
VWA1,0.22097085456078933,0.0,9.721715e-05,0.0,0.009900990099009901,8.497188202300835e-05,0.0,0.0,0.022282798422377872
GJB1,0.22058876409985945,0.0,9.721715e-05,0.0,0.009900990099009901,0.00012416372720074794,0.0,0.0,0.022282798422377872
NSF,0.2202655832419746,0.0,9.721715e-05,0.0,0.009900990099009901,0.00010275052971836928,0.0,0.0,0.022282798422377872
ANLN,0.22007258695009504,0.0,9.721715e-05,0.0,0.009900990099009901,8.085411433120262e-05,0.0,0.0,0.022282798422377872
NEFH,0.21637861528466173,0.0,9.721715e-05,0.0,0.009900990099009901,0.0001342495753059238,0.0,0.0,0.022282798422377872
TMEM125,0.2160566601633514,0.0,9.721715e-05,0.0,0.009900990099009901,0.00011804737422033934,0.0,0.0,0.022282798422377872
FOLH1,0.21456454247177095,0.0,9.721715e-05,0.0,0.009900990099009901,0.00010181327938336008,0.0,0.0,0.022282798422377872
CABP1,0.21353710613077512,0.0,9.721715e-05,0.0,0.009900990099009901,7.717753231295085e-05,0.0,0.0,0.022282798422377872
BASP1,0.2133891775374523,0.0,9.721715e-05,0.0,0.009900990099009901,9.878570660433265e-05,0.0,0.0,0.022282798422377872
SLC17A7,0.21265393431496696,0.0,9.721715e-05,0.0,0.009900990099009901,0.00010554158909631077,0.0,0.0,0.022282798422377872
STXBP1,0.21264753096101122,0.0,9.721715e-05,0.0,0.009900990099009901,9.031556224570172e-05,0.0,0.0,0.022282798422377872
FEZ1,0.20985385010681384,0.0,9.721715e-05,0.0,0.009900990099009901,7.890977217423937e-05,0.0,0.0,0.022282798422377872
SLC31A2,0.2073823674631077,0.0,9.721715e-05,0.0,0.009900990099009901,0.00010547839363108156,0.0,0.0,0.022282798422377872
CALM1,0.20718689683063113,0.0,9.721715e-05,0.0,0.009900990099009901,0.00011111719074081802,0.0,0.0,0.022282798422377872
C1orf198,0.20683048012140667,0.0,9.721715e-05,0.0,0.009900990099009901,0.00010625649878339197,0.0,0.0,0.022282798422377872
DAAM2,0.2058682189436839,0.0,9.721715e-05,0.0,0.009900990099009901,9.038243091787319e-05,0.0,0.0,0.022282798422377872
IGHG4,0.2043834697424402,0.0,9.721715e-05,0.0,0.009900990099009901,9.075577969166532e-05,0.0,0.0,0.022282798422377872
CBR1,0.20379266246225813,0.0,9.721715e-05,0.0,0.009900990099009901,0.00010902718490692577,0.0,0.0,0.022282798422377872
MAP1B,0.20340896222583058,0.0,9.721715e-05,0.0,0.009900990099009901,9.628456575734665e-05,0.0,0.0,0.022282798422377872
GJC2,0.20299503165328708,0.0,9.721715e-05,0.0,0.009900990099009901,9.952481185732108e-05,0.0,0.0,0.022282798422377872
SCN1B,0.2029632595777792,0.0,9.721715e-05,0.0,0.009900990099009901,7.699413160963418e-05,0.0,0.0,0.022282798422377872
GPM6B,0.202591731233236,0.0,9.721715e-05,0.0,0.009900990099009901,0.0001044959317006659,0.0,0.0,0.022282798422377872
RHOU,0.20235374919613472,0.0,9.721715e-05,0.0,0.009900990099009901,9.852331500440363e-05,0.0,0.0,0.022282798422377872
MEF2C,0.20025731114394685,0.0,9.721715e-05,0.0,0.009900990099009901,7.593387729092634e-05,0.0,0.0,0.022282798422377872
JAM3,0.199726163330425,0.0,9.721715e-05,0.0,0.009900990099009901,9.650194365898222e-05,0.0,0.0,0.022282798422377872
ADAMTS4,0.19924022981110692,0.0,9.721715e-05,0.0,0.009900990099009901,9.001544975425228e-05,0.0,0.0,0.022282798422377872
SIRT2,0.199236904547448,0.0,9.721715e-05,0.0,0.009900990099009901,8.494251398519567e-05,0.0,0.0,0.022282798422377872
GLTP,0.19920841138279255,0.0,9.721715e-05,0.0,0.009900990099009901,0.00011382418093164414,0.0,0.0,0.022282798422377872
IGHM,0.1990651684448058,0.0,9.721715e-05,0.0,0.009900990099009901,8.060103841149933e-05,0.0,0.0,0.022282798422377872
SOX8,0.19816499158958717,0.0,9.721715e-05,0.0,0.009900990099009901,9.041980966604529e-05,0.0,0.0,0.022282798422377872
PPP3CA,0.19795848627773205,0.0,9.721715e-05,0.0,0.009900990099009901,6.787906503109804e-05,0.0,0.0,0.022282798422377872
GABRA1,0.19686355248907086,0.0,9.721715e-05,0.0,0.009900990099009901,0.00010545415518890071,0.0,0.0,0.022282798422377872
BEX1,0.1948867245950688,0.0,9.721715e-05,0.0,0.009900990099009901,7.063356789370656e-05,0.0,0.0,0.022282798422377872
ATP1A1,0.19464745639319322,0.0,9.721715e-05,0.0,0.009900990099009901,0.00011364772774560678,0.0,0.0,0.022282798422377872
RAB3A,0.1934218430544149,0.0,9.721715e-05,0.0,0.009900990099009901,7.83935379121527e-05,0.0,0.0,0.022282798422377872
NINJ2,0.19269579321261793,0.0,9.721715e-05,0.0,0.009900990099009901,9.19099968905639e-05,0.0,0.0,0.022282798422377872
TSPYL1,0.19262355697035038,0.0,9.721715e-05,0.0,0.009900990099009901,0.00010809392436120598,0.0,0.0,0.022282798422377872
NPTN,0.19181886162282913,0.0,9.721715e-05,0.0,0.009900990099009901,8.703793896083991e-05,0.0,0.0,0.022282798422377872
HIPK2,0.19130482009026256,0.0,9.721715e-05,0.0,0.009900990099009901,0.00010597498103761175,0.0,0.0,0.022282798422377872
TFF1,0.1904310888120225,0.0,9.721715e-05,0.0,0.009900990099009901,8.155634844385147e-05,0.0,0.0,0.022282798422377872
SEMA4D,0.1904011116242822,0.0,9.721715e-05,0.0,0.009900990099009901,9.983927554222855e-05,0.0,0.0,0.022282798422377872
HHIP,0.18816075468974436,0.0,9.721715e-05,0.0,0.009900990099009901,9.378125311875737e-05,0.0,0.0,0.022282798422377872
SLC1A2,0.1862923209300063,0.0,9.721715e-05,0.0,0.009900990099009901,7.838278989737044e-05,0.0,0.0,0.022282798422377872
CCL19,0.18561651220668055,0.0,9.721715e-05,0.0,0.009900990099009901,7.780569519621756e-05,0.0,0.0,0.022282798422377872
PREX1,0.18374402933564854,0.0,9.721715e-05,0.0,0.009900990099009901,8.359973267465827e-05,0.0,0.0,0.022282798422377872
TMEM98,0.18337467001190125,0.0,9.721715e-05,0.0,0.009900990099009901,8.104391160320902e-05,0.0,0.0,0.022282798422377872
GRIN1,0.1813136244730652,0.0,9.721715e-05,0.0,0.009900990099009901,0.00011603180040973801,0.0,0.0,0.022282798422377872
AMER2,0.18102269599240312,0.0,9.721715e-05,0.0,0.009900990099009901,8.842857756008143e-05,0.0,0.0,0.022282798422377872
KRT18,0.17934159193768706,0.0,9.721715e-05,0.0,0.009900990099009901,8.54098840250921e-05,0.0,0.0,0.022282798422377872
CAMK2N1,0.1792526442691101,0.0,9.721715e-05,0.0,0.009900990099009901,7.850072081864766e-05,0.0,0.0,0.022282798422377872
TSPAN7,0.17906175268461788,0.0,9.721715e-05,0.0,0.009900990099009901,8.6664933488122e-05,0.0,0.0,0.022282798422377872
SYP,0.17788312111335094,0.0,9.721715e-05,0.0,0.009900990099009901,8.657091641084634e-05,0.0,0.0,0.022282798422377872
TAGLN3,0.17686444587234323,0.0,9.721715e-05,0.0,0.009900990099009901,8.352663987044661e-05,0.0,0.0,0.022282798422377872
AC018647.1,0.17502591911086493,0.0,9.721715e-05,0.0,0.009900990099009901,6.866461762084422e-05,0.0,0.0,0.022282798422377872
SNRPN,0.17490160461793916,0.0,9.721715e-05,0.0,0.009900990099009901,6.775682712849251e-05,0.0,0.0,0.022282798422377872
CKB,0.17404002876793395,0.0,9.721715e-05,0.0,0.009900990099009901,7.525209098621999e-05,0.0,0.0,0.022282798422377872
LITAF,0.17388405042620622,0.0,9.721715e-05,0.0,0.009900990099009901,9.22612766438358e-05,0.0,0.0,0.022282798422377872
IGHG1,0.17323171102374066,0.0,9.721715e-05,0.0,0.009900990099009901,8.845701067362553e-05,0.0,0.0,0.022282798422377872
HBA2,0.17265042772684347,0.0,9.721715e-05,0.0,0.009900990099009901,7.539162902921374e-05,0.0,0.0,0.022282798422377872
NPTXR,0.1721675075895469,0.0,9.721715e-05,0.0,0.009900990099009901,6.979453086108468e-05,0.0,0.0,0.022282798422377872
GNG3,0.17180086590200003,0.0,9.721715e-05,0.0,0.009900990099009901,0.00010190864800127861,0.0,0.0,0.022282798422377872
SERPINI1,0.1707556569190356,0.0,9.721715e-05,0.0,0.009900990099009901,7.324482134781758e-05,0.0,0.0,0.022282798422377872
TSC22D1,0.17009430181026902,0.0,9.721715e-05,0.0,0.009900990099009901,9.366266281431145e-05,0.0,0.0,0.022282798422377872
ARPP19,0.16813585255171437,0.0,9.721715e-05,0.0,0.009900990099009901,9.462052134390016e-05,0.0,0.0,0.022282798422377872
ATP2B2,0.16800502156812497,0.0,9.721715e-05,0.0,0.009900990099009901,9.193347149059361e-05,0.0,0.0,0.022282798422377872
CARTPT,0.16782211096197966,0.0,9.721715e-05,0.0,0.009900990099009901,7.177336801171448e-05,0.0,0.0,0.022282798422377872
SLCO1A2,0.166738495556242,0.0,9.721715e-05,0.0,0.009900990099009901,8.739986753978888e-05,0.0,0.0,0.022282798422377872
CAMK2A,0.16529964100203748,0.0,9.721715e-05,0.0,0.009900990099009901,8.447731553005293e-05,0.0,0.0,0.022282798422377872
CHGA,0.1650603903180077,0.0,9.721715e-05,0.0,0.009900990099009901,8.689608020235042e-05,0.0,0.0,0.022282798422377872
HPCA,0.16469967350866735,0.0,9.721715e-05,0.0,0.009900990099009901,8.638343121535889e-05,0.0,0.0,0.022282798422377872
PLPP2,0.16423111790536662,0.0,9.721715e-05,0.0,0.009900990099009901,8.881089531308036e-05,0.0,0.0,0.022282798422377872
ATP5F1B,0.16415375778616978,0.0,9.721715e-05,0.0,0.009900990099009901,8.952048791410733e-05,0.0,0.0,0.022282798422377872
EIF4A2,0.16369347602634515,0.0,9.721715e-05,0.0,0.009900990099009901,7.466705353371869e-05,0.0,0.0,0.022282798422377872
TMEM59L,0.1629393415055477,0.0,9.721715e-05,0.0,0.009900990099009901,8.1507618867864e-05,0.0,0.0,0.022282798422377872
ATP1B1,0.16199759607445888,0.0,9.721715e-05,0.0,0.009900990099009901,8.214687443407792e-05,0.0,0.0,0.022282798422377872
PRKAR1B,0.16129831500609412,0.0,9.721715e-05,0.0,0.009900990099009901,0.00010090702026842049,0.0,0.0,0.022282798422377872
HSP90AB1,0.1610166947939046,0.0,9.721715e-05,0.0,0.009900990099009901,0.00010826161435489211,0.0,0.0,0.022282798422377872
SAA2,0.16046124482233226,0.0,9.721715e-05,0.0,0.009900990099009901,8.554617401487082e-05,0.0,0.0,0.022282798422377872
ATP2B1,0.16015151290572344,0.0,9.721715e-05,0.0,0.009900990099009901,6.13374720796343e-05,0.0,0.0,0.022282798422377872
KRT17,0.15994063622259955,0.0,9.721715e-05,0.0,0.009900990099009901,6.597003061548894e-05,0.0,0.0,0.022282798422377872
BEX5,0.1592268024682481,0.0,9.721715e-05,0.0,0.009900990099009901,9.339710075430716e-05,0.0,0.0,0.022282798422377872
SLC12A2,0.158906813310255,0.0,9.721715e-05,0.0,0.009900990099009901,9.356085290539273e-05,0.0,0.0,0.022282798422377872
GNAS,0.15837935530560154,0.0,9.721715e-05,0.0,0.009900990099009901,7.018432508217112e-05,0.0,0.0,0.022282798422377872
ATP5MD,0.15809018057057322,0.0,9.721715e-05,0.0,0.009900990099009901,6.951251493430413e-05,0.0,0.0,0.022282798422377872
PI4KA,0.15799737001629102,0.0,9.721715e-05,0.0,0.009900990099009901,0.00011217793194762312,0.0,0.0,0.022282798422377872
SOX10,0.157535928720522,0.0,9.721715e-05,0.0,0.009900990099009901,0.00011344799809305527,0.0,0.0,0.022282798422377872
DIRAS2,0.1564488317768706,0.0,9.721715e-05,0.0,0.009900990099009901,6.963282824234436e-05,0.0,0.0,0.022282798422377872
S1PR5,0.15641915072338536,0.0,9.721715e-05,0.0,0.009900990099009901,9.318198166523699e-05,0.0,0.0,0.022282798422377872
STMN1,0.156158893194311,0.0,9.721715e-05,0.0,0.009900990099009901,8.95449570051846e-05,0.0,0.0,0.022282798422377872
INA,0.15537076784934423,0.0,9.721715e-05,0.0,0.009900990099009901,8.118356312203472e-05,0.0,0.0,0.022282798422377872
RAB6B,0.15487072454537348,0.0,9.721715e-05,0.0,0.009900990099009901,9.786824380346858e-05,0.0,0.0,0.022282798422377872
NPY,0.1548052656932727,0.0,9.721715e-05,0.0,0.009900990099009901,6.71950856258178e-05,0.0,0.0,0.022282798422377872
CLSTN1,0.1546642029931588,0.0,9.721715e-05,0.0,0.009900990099009901,7.560708025811475e-05,0.0,0.0,0.022282798422377872
CRYM,0.15419443430292817,0.0,9.721715e-05,0.0,0.009900990099009901,9.504255442535673e-05,0.0,0.0,0.022282798422377872
MOAP1,0.15325446710934743,0.0,9.721715e-05,0.0,0.009900990099009901,5.354199604017439e-05,0.0,0.0,0.022282798422377872
YWHAZ,0.15235335946947082,0.0,9.721715e-05,0.0,0.009900990099009901,9.34714213868774e-05,0.0,0.0,0.022282798422377872
DDR1,0.15215724293458074,0.0,9.721715e-05,0.0,0.009900990099009901,8.041720590098107e-05,0.0,0.0,0.022282798422377872
GHITM,0.15178447827101996,0.0,9.721715e-05,0.0,0.009900990099009901,0.00010929280344361716,0.0,0.0,0.022282798422377872
CPLX1,0.15135470590713432,0.0,9.721715e-05,0.0,0.009900990099009901,6.826291258283218e-05,0.0,0.0,0.022282798422377872
SLC5A11,0.15098508282499615,0.0,9.721715e-05,0.0,0.009900990099009901,7.689572255402788e-05,0.0,0.0,0.022282798422377872
ERBB3,0.15050585490339552,0.0,9.721715e-05,0.0,0.009900990099009901,5.9147309770728994e-05,0.0,0.0,0.022282798422377872
CHADL,0.15043026476567728,0.0,9.721715e-05,0.0,0.009900990099009901,0.00010439844053688098,0.0,0.0,0.022282798422377872
PAIP2B,0.1487957904391925,0.0,9.721715e-05,0.0,0.009900990099009901,0.00010063271601887273,0.0,0.0,0.022282798422377872
GABBR2,0.14876074503314887,0.0,9.721715e-05,0.0,0.009900990099009901,7.416293760879609e-05,0.0,0.0,0.022282798422377872
ENO2,0.1482621531826827,0.0,9.721715e-05,0.0,0.009900990099009901,6.664500330185912e-05,0.0,0.0,0.022282798422377872
VGF,0.14819758755121798,0.0,9.721715e-05,0.0,0.009900990099009901,7.828406155434413e-05,0.0,0.0,0.022282798422377872
HEPACAM,0.14799867129083227,0.0,9.721715e-05,0.0,0.009900990099009901,0.00010678024077307611,0.0,0.0,0.022282798422377872
RNF130,0.14710659297672768,0.0,9.721715e-05,0.0,0.009900990099009901,8.953709189635117e-05,0.0,0.0,0.022282798422377872
SHTN1,0.14645646116298072,0.0,9.721715e-05,0.0,0.009900990099009901,7.528240796001919e-05,0.0,0.0,0.022282798422377872
GABRB2,0.14637431665422293,0.0,9.721715e-05,0.0,0.009900990099009901,6.563939272717923e-05,0.0,0.0,0.022282798422377872
NCDN,0.14634673852377894,0.0,9.721715e-05,0.0,0.009900990099009901,9.005053481538667e-05,0.0,0.0,0.022282798422377872
SLC48A1,0.14620614162959802,0.0,9.721715e-05,0.0,0.009900990099009901,7.104745433213538e-05,0.0,0.0,0.022282798422377872
SYN2,0.14570039264528062,0.0,9.721715e-05,0.0,0.009900990099009901,9.032143302796863e-05,0.0,0.0,0.022282798422377872
AC092958.1,0.14568337257437539,0.0,9.721715e-05,0.0,0.009900990099009901,8.608895568311298e-05,0.0,0.0,0.022282798422377872
SLC12A5,0.1456420858920209,0.0,9.721715e-05,0.0,0.009900990099009901,9.265012611828142e-05,0.0,0.0,0.022282798422377872
PTPRN,0.14563947436942518,0.0,9.721715e-05,0.0,0.009900990099009901,7.655354066836919e-05,0.0,0.0,0.022282798422377872
SPARC,0.1447368544759426,0.0,9.721715e-05,0.0,0.009900990099009901,0.00010277629542489514,0.0,0.0,0.022282798422377872
CDK18,0.14419021082954575,0.0,9.721715e-05,0.0,0.009900990099009901,0.00010025292203350039,0.0,0.0,0.022282798422377872
PIP,0.14406934658941617,0.0,9.721715e-05,0.0,0.009900990099009901,6.015041621440955e-05,0.0,0.0,0.022282798422377872
GABRD,0.1438199469800437,0.0,9.721715e-05,0.0,0.009900990099009901,8.834850820642122e-05,0.0,0.0,0.022282798422377872
FMNL2,0.1433977104465154,0.0,9.721715e-05,0.0,0.009900990099009901,7.900671098902381e-05,0.0,0.0,0.022282798422377872
PNMA2,0.1423499358039177,0.0,9.721715e-05,0.0,0.009900990099009901,6.008516895841622e-05,0.0,0.0,0.022282798422377872
FABP3,0.14189103702451766,0.0,9.721715e-05,0.0,0.009900990099009901,7.408481067565702e-05,0.0,0.0,0.022282798422377872
NAPB,0.14145513937521598,0.0,9.721715e-05,0.0,0.009900990099009901,8.447724813136613e-05,0.0,0.0,0.022282798422377872
DCLK1,0.14060523618418802,0.0,9.721715e-05,0.0,0.009900990099009901,6.89341362488951e-05,0.0,0.0,0.022282798422377872
CXCL14,0.14028968915389298,0.0,9.721715e-05,0.0,0.009900990099009901,9.074068001265838e-05,0.0,0.0,0.022282798422377872
NRN1,0.13959417525733736,0.0,9.721715e-05,0.0,0.009900990099009901,6.37517068154715e-05,0.0,0.0,0.022282798422377872
IGLC3,0.13886857094512156,0.0,9.721715e-05,0.0,0.009900990099009901,7.246475679323527e-05,0.0,0.0,0.022282798422377872
RTN3,0.1388250098303721,0.0,9.721715e-05,0.0,0.009900990099009901,8.159138499101217e-05,0.0,0.0,0.022282798422377872
CFL2,0.13880096930485264,0.0,9.721715e-05,0.0,0.009900990099009901,6.429736327056903e-05,0.0,0.0,0.022282798422377872
TUBA4A,0.13791617650562482,0.0,9.721715e-05,0.0,0.009900990099009901,6.581368667022424e-05,0.0,0.0,0.022282798422377872
OLIG2,0.1373132249017433,0.0,9.721715e-05,0.0,0.009900990099009901,9.325306371783623e-05,0.0,0.0,0.022282798422377872
PHYHIP,0.13706967889247926,0.0,9.721715e-05,0.0,0.009900990099009901,7.627848239719743e-05,0.0,0.0,0.022282798422377872
ANXA6,0.1368748977771982,0.0,9.721715e-05,0.0,0.009900990099009901,8.270190483066594e-05,0.0,0.0,0.022282798422377872
UQCRH,0.13652890371412074,0.0,9.721715e-05,0.0,0.009900990099009901,8.569286670683359e-05,0.0,0.0,0.022282798422377872
NCALD,0.13623126750904266,0.0,9.721715e-05,0.0,0.009900990099009901,7.524246705469818e-05,0.0,0.0,0.022282798422377872
ATP6V1B2,0.13617952219008614,0.0,9.721715e-05,0.0,0.009900990099009901,8.957865084929156e-05,0.0,0.0,0.022282798422377872
VSTM2A,0.13616680472632178,0.0,9.721715e-05,0.0,0.009900990099009901,6.099507297513028e-05,0.0,0.0,0.022282798422377872
MEG3,0.13571009605016768,0.0,9.721715e-05,0.0,0.009900990099009901,7.298664640652985e-05,0.0,0.0,0.022282798422377872
ATP5MC3,0.13557822958489882,0.0,9.721715e-05,0.0,0.009900990099009901,9.57769727250475e-05,0.0,0.0,0.022282798422377872
CA2,0.13502128636317062,0.0,9.721715e-05,0.0,0.009900990099009901,9.2965528409583e-05,0.0,0.0,0.022282798422377872
ATP2A2,0.1349645321690698,0.0,9.721715e-05,0.0,0.009900990099009901,9.338539807022201e-05,0.0,0.0,0.022282798422377872
LIPA,0.13496258862332897,0.0,9.721715e-05,0.0,0.009900990099009901,7.825595219999717e-05,0.0,0.0,0.022282798422377872
PREPL,0.13483058414193191,0.0,9.721715e-05,0.0,0.009900990099009901,0.00010025645974659242,0.0,0.0,0.022282798422377872
TPI1,0.13387691977632918,0.0,9.721715e-05,0.0,0.009900990099009901,6.534424345950936e-05,0.0,0.0,0.022282798422377872
RNF13,0.13370917226295,0.0,9.721715e-05,0.0,0.009900990099009901,9.302686974008986e-05,0.0,0.0,0.022282798422377872
KLC1,0.13261753195804737,0.0,9.721715e-05,0.0,0.009900990099009901,7.052328506917926e-05,0.0,0.0,0.022282798422377872
CALY,0.13244785797167602,0.0,9.721715e-05,0.0,0.009900990099009901,5.971791345606472e-05,0.0,0.0,0.022282798422377872
SV2A,0.13244518234683453,0.0,9.721715e-05,0.0,0.009900990099009901,7.799999734221288e-05,0.0,0.0,0.022282798422377872
NORAD,0.13163653495939576,0.0,9.721715e-05,0.0,0.009900990099009901,6.943380965622878e-05,0.0,0.0,0.022282798422377872
AATK,0.13082767277413265,0.0,9.721715e-05,0.0,0.009900990099009901,5.900429316468771e-05,0.0,0.0,0.022282798422377872
NDFIP1,0.13081068007067473,0.0,9.721715e-05,0.0,0.009900990099009901,8.325845561132239e-05,0.0,0.0,0.022282798422377872
NSG2,0.13070157653179904,0.0,9.721715e-05,0.0,0.009900990099009901,7.656062355695866e-05,0.0,0.0,0.022282798422377872
MTUS1,0.13052696460312135,0.0,9.721715e-05,0.0,0.009900990099009901,9.318369409050212e-05,0.0,0.0,0.022282798422377872
C11orf87,0.1304299958276591,0.0,9.721715e-05,0.0,0.009900990099009901,8.96288605902476e-05,0.0,0.0,0.022282798422377872
SPOCK3,0.13035497542176208,0.0,9.721715e-05,0.0,0.009900990099009901,7.343884994330271e-05,0.0,0.0,0.022282798422377872
RTKN,0.12910525638416107,0.0,9.721715e-05,0.0,0.009900990099009901,9.760930839785456e-05,0.0,0.0,0.022282798422377872
SPARCL1,0.12908866150125545,0.0,9.721715e-05,0.0,0.009900990099009901,6.200724516217415e-05,0.0,0.0,0.022282798422377872
DNAH17,0.1290391054563472,0.0,9.721715e-05,0.0,0.009900990099009901,8.946855914266405e-05,0.0,0.0,0.022282798422377872
DKK3,0.12881199627924456,0.0,9.721715e-05,0.0,0.009900990099009901,7.93038047429199e-05,0.0,0.0,0.022282798422377872
LDHB,0.12862944693347625,0.0,9.721715e-05,0.0,0.009900990099009901,0.00010388168611606157,0.0,0.0,0.022282798422377872
GOT1,0.1281603510480065,0.0,9.721715e-05,0.0,0.009900990099009901,7.817674000309674e-05,0.0,0.0,0.022282798422377872
JCHAIN,0.12802818979395506,0.0,9.721715e-05,0.0,0.009900990099009901,6.59186552974751e-05,0.0,0.0,0.022282798422377872
PAK1,0.1276215950688896,0.0,9.721715e-05,0.0,0.009900990099009901,7.71071542340305e-05,0.0,0.0,0.022282798422377872
PRKCB,0.12745239429314548,0.0,9.721715e-05,0.0,0.009900990099009901,8.398917459783696e-05,0.0,0.0,0.022282798422377872
PARM1,0.1268032341831719,0.0,9.721715e-05,0.0,0.009900990099009901,9.297004082324948e-05,0.0,0.0,0.022282798422377872
PIN1,0.1265203755680751,0.0,9.721715e-05,0.0,0.009900990099009901,6.656501006078494e-05,0.0,0.0,0.022282798422377872
TTC9B,0.12624815910065615,0.0,9.721715e-05,0.0,0.009900990099009901,6.980676824506934e-05,0.0,0.0,0.022282798422377872
CHGB,0.12607133048605282,0.0,9.721715e-05,0.0,0.009900990099009901,7.19214698185741e-05,0.0,0.0,0.022282798422377872
COL4A5,0.1257620905834362,0.0,9.721715e-05,0.0,0.009900990099009901,7.633175751526281e-05,0.0,0.0,0.022282798422377872
RAPGEF5,0.12489086863093907,0.0,9.721715e-05,0.0,0.009900990099009901,7.57305315220285e-05,0.0,0.0,0.022282798422377872
PLXNB1,0.12483132510842923,0.0,9.721715e-05,0.0,0.009900990099009901,8.766104946752562e-05,0.0,0.0,0.022282798422377872
MVB12B,0.12411036903628414,0.0,9.721715e-05,0.0,0.009900990099009901,7.167339250249743e-05,0.0,0.0,0.022282798422377872
RHOG,0.12408364338579846,0.0,9.721715e-05,0.0,0.009900990099009901,7.141220735138464e-05,0.0,0.0,0.022282798422377872
PCDH8,0.12369229139265946,0.0,9.721715e-05,0.0,0.009900990099009901,7.338870224588327e-05,0.0,0.0,0.022282798422377872
CHCHD10,0.12364944390914846,0.0,9.721715e-05,0.0,0.009900990099009901,6.940229653470533e-05,0.0,0.0,0.022282798422377872
HAPLN4,0.12282657677180119,0.0,9.721715e-05,0.0,0.009900990099009901,8.179218667676895e-05,0.0,0.0,0.022282798422377872
PGK1,0.12259590482450854,0.0,9.721715e-05,0.0,0.009900990099009901,6.615045764275125e-05,0.0,0.0,0.022282798422377872
AGR2,0.12231939232799277,0.0,9.721715e-05,0.0,0.009900990099009901,0.00010269574399186047,0.0,0.0,0.022282798422377872
ZCCHC24,0.12166141694338223,0.0,9.721715e-05,0.0,0.009900990099009901,7.437466362459987e-05,0.0,0.0,0.022282798422377872
RORB,0.12115809919600991,0.0,9.721715e-05,0.0,0.009900990099009901,6.695647073527319e-05,0.0,0.0,0.022282798422377872
SLC30A3,0.120705254743727,0.0,9.721715e-05,0.0,0.009900990099009901,9.88612067618678e-05,0.0,0.0,0.022282798422377872
DOCK5,0.12058621071416604,0.0,9.721715e-05,0.0,0.009900990099009901,7.629881314705034e-05,0.0,0.0,0.022282798422377872
TESPA1,0.12047654542146695,0.0,9.721715e-05,0.0,0.009900990099009901,7.522177720258112e-05,0.0,0.0,0.022282798422377872
SYT4,0.12014327449068021,0.0,9.721715e-05,0.0,0.009900990099009901,7.015381986199023e-05,0.0,0.0,0.022282798422377872
SLC24A2,0.1200454375650418,0.0,9.721715e-05,0.0,0.009900990099009901,7.891863515573777e-05,0.0,0.0,0.022282798422377872
BIN1,0.1185762251224792,0.0,9.721715e-05,0.0,0.009900990099009901,8.232348953659993e-05,0.0,0.0,0.022282798422377872
COL9A3,0.11854051813538846,0.0,9.721715e-05,0.0,0.009900990099009901,7.890749195569254e-05,0.0,0.0,0.022282798422377872
NSG1,0.11787411402854932,0.0,9.721715e-05,0.0,0.009900990099009901,6.604717976148609e-05,0.0,0.0,0.022282798422377872
NELL2,0.11781843079251247,0.0,9.721715e-05,0.0,0.009900990099009901,7.631664761501974e-05,0.0,0.0,0.022282798422377872
CUX2,0.11776682070919642,0.0,9.721715e-05,0.0,0.009900990099009901,7.098900459863425e-05,0.0,0.0,0.022282798422377872
VAMP3,0.11769177799963944,0.0,9.721715e-05,0.0,0.009900990099009901,7.76008471630391e-05,0.0,0.0,0.022282798422377872
ST18,0.11759349021592361,0.0,9.721715e-05,0.0,0.009900990099009901,7.489050302867241e-05,0.0,0.0,0.022282798422377872
SCG5,0.1175051619179036,0.0,9.721715e-05,0.0,0.009900990099009901,8.47540655882322e-05,0.0,0.0,0.022282798422377872
GPR62,0.11744790946056305,0.0,9.721715e-05,0.0,0.009900990099009901,6.272989281393959e-05,0.0,0.0,0.022282798422377872
SYNGR2,0.117353128081257,0.0,9.721715e-05,0.0,0.009900990099009901,7.383178985104156e-05,0.0,0.0,0.022282798422377872
CALML5,0.11693960509185958,0.0,9.721715e-05,0.0,0.009900990099009901,7.013294072634357e-05,0.0,0.0,0.022282798422377872
LGALS1,0.11680230554929258,0.0,9.721715e-05,0.0,0.009900990099009901,6.3558391249979e-05,0.0,0.0,0.022282798422377872
SLC22A17,0.11633320332542287,0.0,9.721715e-05,0.0,0.009900990099009901,6.311777833386433e-05,0.0,0.0,0.022282798422377872
NREP,0.11622916847937134,0.0,9.721715e-05,0.0,0.009900990099009901,6.898073443696508e-05,0.0,0.0,0.022282798422377872
G0S2,0.11617849120818484,0.0,9.721715e-05,0.0,0.009900990099009901,6.98516294179218e-05,0.0,0.0,0.022282798422377872
AQP4,0.11603621782508469,0.0,9.721715e-05,0.0,0.009900990099009901,5.0315796521352146e-05,0.0,0.0,0.022282798422377872
MAP2K1,0.11598185811069482,0.0,9.721715e-05,0.0,0.009900990099009901,7.191344335397956e-05,0.0,0.0,0.022282798422377872
RGCC,0.11560222664933455,0.0,9.721715e-05,0.0,0.009900990099009901,9.002654830639395e-05,0.0,0.0,0.022282798422377872
CALM2,0.1155804233970337,0.0,9.721715e-05,0.0,0.009900990099009901,7.640342418220749e-05,0.0,0.0,0.022282798422377872
ITPKA,0.1155185103962512,0.0,9.721715e-05,0.0,0.009900990099009901,8.471786925819554e-05,0.0,0.0,0.022282798422377872
NAP1L2,0.11504832295305217,0.0,9.721715e-05,0.0,0.009900990099009901,6.63371126945394e-05,0.0,0.0,0.022282798422377872
MAP4K4,0.11462465769645239,0.0,9.721715e-05,0.0,0.009900990099009901,7.839299683131068e-05,0.0,0.0,0.022282798422377872
CYP46A1,0.11401673342945098,0.0,9.721715e-05,0.0,0.009900990099009901,8.090142047497972e-05,0.0,0.0,0.022282798422377872
PCSK6,0.11391853324739729,0.0,9.721715e-05,0.0,0.009900990099009901,7.563471881729403e-05,0.0,0.0,0.022282798422377872
YWHAB,0.11372179362832478,0.0,9.721715e-05,0.0,0.009900990099009901,8.59578414867299e-05,0.0,0.0,0.022282798422377872
ZDHHC9,0.11370801572605921,0.0,9.721715e-05,0.0,0.009900990099009901,8.154468067746013e-05,0.0,0.0,0.022282798422377872
SERPINE2,0.11360631830183474,0.0,9.721715e-05,0.0,0.009900990099009901,7.64297593774064e-05,0.0,0.0,0.022282798422377872
LY6H,0.11317159856456725,0.0,9.721715e-05,0.0,0.009900990099009901,5.786847269323337e-05,0.0,0.0,0.022282798422377872
COL1A1,0.11313213443446793,0.0,9.721715e-05,0.0,0.009900990099009901,7.333776270756469e-05,0.0,0.0,0.022282798422377872
PLEKHG3,0.11296567443904167,0.0,9.721715e-05,0.0,0.009900990099009901,7.953842517377657e-05,0.0,0.0,0.022282798422377872
CALB1,0.11279792614411169,0.0,9.721715e-05,0.0,0.009900990099009901,6.19026824551307e-05,0.0,0.0,0.022282798422377872
CLIC4,0.11225419032781614,0.0,9.721715e-05,0.0,0.009900990099009901,8.813256531409556e-05,0.0,0.0,0.022282798422377872
GPIHBP1,0.11181576386169324,0.0,9.721715e-05,0.0,0.009900990099009901,6.0306754411450304e-05,0.0,0.0,0.022282798422377872
LRP2,0.11172400732614549,0.0,9.721715e-05,0.0,0.009900990099009901,7.875216812174855e-05,0.0,0.0,0.022282798422377872
LINGO1,0.11152673078998022,0.0,9.721715e-05,0.0,0.009900990099009901,7.037102612287819e-05,0.0,0.0,0.022282798422377872
EPHA4,0.11138904528801298,0.0,9.721715e-05,0.0,0.009900990099009901,5.335640174032537e-05,0.0,0.0,0.022282798422377872
CREG2,0.11108649475329414,0.0,9.721715e-05,0.0,0.009900990099009901,8.030036082141982e-05,0.0,0.0,0.022282798422377872
LIPE,0.11104548623790218,0.0,9.721715e-05,0.0,0.009900990099009901,8.810819905244256e-05,0.0,0.0,0.022282798422377872
OXR1,0.11078930266758452,0.0,9.721715e-05,0.0,0.009900990099009901,8.044603051561286e-05,0.0,0.0,0.022282798422377872
GRIA2,0.11046742017216292,0.0,9.721715e-05,0.0,0.009900990099009901,7.65919821003006e-05,0.0,0.0,0.022282798422377872
CAP2,0.10949424718204273,0.0,9.721715e-05,0.0,0.009900990099009901,7.241255109510238e-05,0.0,0.0,0.022282798422377872
MLLT11,0.1093124219349745,0.0,9.721715e-05,0.0,0.009900990099009901,0.00011847112981304479,0.0,0.0,0.022282798422377872
AC093330.1,0.10921456257322729,0.0,9.721715e-05,0.0,0.009900990099009901,8.442938042816811e-05,0.0,0.0,0.022282798422377872
PFKP,0.10909021615303062,0.0,9.721715e-05,0.0,0.009900990099009901,6.475717579533601e-05,0.0,0.0,0.022282798422377872
HS6ST3,0.10829272583136079,0.0,9.721715e-05,0.0,0.009900990099009901,6.991528594479774e-05,0.0,0.0,0.022282798422377872
NRXN1,0.10827562910768718,0.0,9.721715e-05,0.0,0.009900990099009901,8.244874474906901e-05,0.0,0.0,0.022282798422377872
FAM3C,0.10810631458203447,0.0,9.721715e-05,0.0,0.009900990099009901,7.888357221999385e-05,0.0,0.0,0.022282798422377872
KCNA2,0.10798805793413295,0.0,9.721715e-05,0.0,0.009900990099009901,7.895788695613087e-05,0.0,0.0,0.022282798422377872
B4GAT1,0.10798431415124989,0.0,9.721715e-05,0.0,0.009900990099009901,8.38390795543064e-05,0.0,0.0,0.022282798422377872
SLC39A10,0.10782224540208062,0.0,9.721715e-05,0.0,0.009900990099009901,6.703246599148576e-05,0.0,0.0,0.022282798422377872
AZGP1,0.10716964987089331,0.0,9.721715e-05,0.0,0.009900990099009901,7.248315626359183e-05,0.0,0.0,0.022282798422377872
NUDT4,0.1070215564554158,0.0,9.721715e-05,0.0,0.009900990099009901,5.5883715774077535e-05,0.0,0.0,0.022282798422377872
LINC00507,0.10687914707510068,0.0,9.721715e-05,0.0,0.009900990099009901,7.189145990341885e-05,0.0,0.0,0.022282798422377872
HSP90AA1,0.10670652666352157,0.0,9.721715e-05,0.0,0.009900990099009901,6.847958549435434e-05,0.0,0.0,0.022282798422377872
ATP5F1A,0.1064252229429284,0.0,9.721715e-05,0.0,0.009900990099009901,7.334918074268782e-05,0.0,0.0,0.022282798422377872
SYPL1,0.10594203030204222,0.0,9.721715e-05,0.0,0.009900990099009901,8.914101979345024e-05,0.0,0.0,0.022282798422377872
FAM222A,0.10581580531786529,0.0,9.721715e-05,0.0,0.009900990099009901,6.749286443140014e-05,0.0,0.0,0.022282798422377872
FRMPD2,0.1057930058196795,0.0,9.721715e-05,0.0,0.009900990099009901,6.454420033583895e-05,0.0,0.0,0.022282798422377872
RBFOX1,0.10576834166902037,0.0,9.721715e-05,0.0,0.009900990099009901,7.47536374815995e-05,0.0,0.0,0.022282798422377872
RASGRP3,0.1055800451297377,0.0,9.721715e-05,0.0,0.009900990099009901,6.787396371807356e-05,0.0,0.0,0.022282798422377872
FKBP1A,0.10544777828000104,0.0,9.721715e-05,0.0,0.009900990099009901,7.978638847495717e-05,0.0,0.0,0.022282798422377872
CD82,0.10528900538373283,0.0,9.721715e-05,0.0,0.009900990099009901,6.618492794052343e-05,0.0,0.0,0.022282798422377872
MYL9,0.10484206167612284,0.0,9.721715e-05,0.0,0.009900990099009901,8.237100802141104e-05,0.0,0.0,0.022282798422377872
NGEF,0.10433451493067988,0.0,9.721715e-05,0.0,0.009900990099009901,6.715324686603624e-05,0.0,0.0,0.022282798422377872
ATP6V1G2,0.1043140903228235,0.0,9.721715e-05,0.0,0.009900990099009901,7.923222773003424e-05,0.0,0.0,0.022282798422377872
NAP1L5,0.10414022104773582,0.0,9.721715e-05,0.0,0.009900990099009901,8.878118287888233e-05,0.0,0.0,0.022282798422377872
PPP3CB,0.10404598683808876,0.0,9.721715e-05,0.0,0.009900990099009901,7.066299172236606e-05,0.0,0.0,0.022282798422377872
GPX3,0.10397334917760864,0.0,9.721715e-05,0.0,0.009900990099009901,8.304047732886063e-05,0.0,0.0,0.022282798422377872
SNX10,0.10334622779386463,0.0,9.721715e-05,0.0,0.009900990099009901,7.163545293313317e-05,0.0,0.0,0.022282798422377872
RELN,0.10283156287545307,0.0,9.721715e-05,0.0,0.009900990099009901,7.90765244005065e-05,0.0,0.0,0.022282798422377872
CIDEC,0.1025377655530306,0.0,9.721715e-05,0.0,0.009900990099009901,6.206167057069808e-05,0.0,0.0,0.022282798422377872
ARPP21,0.10241314716242034,0.0,9.721715e-05,0.0,0.009900990099009901,6.331430594968126e-05,0.0,0.0,0.022282798422377872
PVALB,0.10180172173836723,0.0,9.721715e-05,0.0,0.009900990099009901,6.77817161274694e-05,0.0,0.0,0.022282798422377872
HS3ST2,0.10172417169849486,0.0,9.721715e-05,0.0,0.009900990099009901,6.518206609767697e-05,0.0,0.0,0.022282798422377872
PDP1,0.10170709652488073,0.0,9.721715e-05,0.0,0.009900990099009901,5.0947728287493516e-05,0.0,0.0,0.022282798422377872
COX7B,0.10145279356178998,0.0,9.721715e-05,0.0,0.009900990099009901,8.033263904148705e-05,0.0,0.0,0.022282798422377872
ATP5IF1,0.10124614352889062,0.0,9.721715e-05,0.0,0.009900990099009901,7.026661540085852e-05,0.0,0.0,0.022282798422377872
PPP3R1,0.10093978076119171,0.0,9.721715e-05,0.0,0.009900990099009901,5.5859324449527474e-05,0.0,0.0,0.022282798422377872
VAMP1,0.10001868609949822,0.0,9.721715e-05,0.0,0.009900990099009901,7.857205670374595e-05,0.0,0.0,0.022282798422377872
PXK,0.09989524254865713,0.0,9.721715e-05,0.0,0.009900990099009901,6.471675491320916e-05,0.0,0.0,0.022282798422377872
BEX2,0.09977860889463994,0.0,9.721715e-05,0.0,0.009900990099009901,5.0804350036458054e-05,0.0,0.0,0.022282798422377872
DLGAP1,0.0995390999305494,0.0,9.721715e-05,0.0,0.009900990099009901,5.8683210703391773e-05,0.0,0.0,0.022282798422377872
B3GALT2,0.0993264701971867,0.0,9.721715e-05,0.0,0.009900990099009901,6.478506474803172e-05,0.0,0.0,0.022282798422377872
PPIA,0.09929109211517707,0.0,9.721715e-05,0.0,0.009900990099009901,7.649942186753858e-05,0.0,0.0,0.022282798422377872
FRRS1L,0.09921943143059268,0.0,9.721715e-05,0.0,0.009900990099009901,5.400261721453617e-05,0.0,0.0,0.022282798422377872
EGR3,0.09879730006414365,0.0,9.721715e-05,0.0,0.009900990099009901,7.960306515103548e-05,0.0,0.0,0.022282798422377872
CYP2A6,0.09837930111009566,0.0,9.721715e-05,0.0,0.009900990099009901,8.493576330103452e-05,0.0,0.0,0.022282798422377872
LLGL1,0.09793959082424493,0.0,9.721715e-05,0.0,0.009900990099009901,4.640690759008659e-05,0.0,0.0,0.022282798422377872
C21orf91,0.09783756142011102,0.0,9.721715e-05,0.0,0.009900990099009901,7.201879154186458e-05,0.0,0.0,0.022282798422377872
ATP6V1H,0.0972297384848536,0.0,9.721715e-05,0.0,0.009900990099009901,7.384281576898012e-05,0.0,0.0,0.022282798422377872
TMEM130,0.0971184129795408,0.0,9.721715e-05,0.0,0.009900990099009901,6.63771989044369e-05,0.0,0.0,0.022282798422377872
PRDX2,0.09699010080066559,0.0,9.721715e-05,0.0,0.009900990099009901,6.361736000776611e-05,0.0,0.0,0.022282798422377872
SV2B,0.09691914349956236,0.0,9.721715e-05,0.0,0.009900990099009901,7.010736889705449e-05,0.0,0.0,0.022282798422377872
SST,0.09684996848672234,0.0,9.721715e-05,0.0,0.009900990099009901,5.937981424548948e-05,0.0,0.0,0.022282798422377872
PENK,0.09684156400764679,0.0,9.721715e-05,0.0,0.009900990099009901,6.199245257244388e-05,0.0,0.0,0.022282798422377872
GRIN2A,0.09668892853137177,0.0,9.721715e-05,0.0,0.009900990099009901,6.378875829269443e-05,0.0,0.0,0.022282798422377872
IGHA2,0.09667997168238193,0.0,9.721715e-05,0.0,0.009900990099009901,8.438749755962885e-05,0.0,0.0,0.022282798422377872
USP54,0.09629159999274484,0.0,9.721715e-05,0.0,0.009900990099009901,6.95846320548766e-05,0.0,0.0,0.022282798422377872
FXYD6,0.09616805071398943,0.0,9.721715e-05,0.0,0.009900990099009901,7.23232034366845e-05,0.0,0.0,0.022282798422377872
FBXW7,0.0961587911882872,0.0,9.721715e-05,0.0,0.009900990099009901,6.963510755716011e-05,0.0,0.0,0.022282798422377872
CLTC,0.09607115234851628,0.0,9.721715e-05,0.0,0.009900990099009901,7.198203579314685e-05,0.0,0.0,0.022282798422377872
APLNR,0.0959141496412246,0.0,9.721715e-05,0.0,0.009900990099009901,5.6667858883681954e-05,0.0,0.0,0.022282798422377872
EFS,0.09580604800066102,0.0,9.721715e-05,0.0,0.009900990099009901,8.295091204727054e-05,0.0,0.0,0.022282798422377872
FAM131A,0.09521216704429829,0.0,9.721715e-05,0.0,0.009900990099009901,6.51897264398611e-05,0.0,0.0,0.022282798422377872
SYT2,0.09491694695654079,0.0,9.721715e-05,0.0,0.009900990099009901,7.01577939770904e-05,0.0,0.0,0.022282798422377872
SNCA,0.09464825668368482,0.0,9.721715e-05,0.0,0.009900990099009901,6.705230922704891e-05,0.0,0.0,0.022282798422377872
SCN2A,0.09462707605695354,0.0,9.721715e-05,0.0,0.009900990099009901,6.695874898853259e-05,0.0,0.0,0.022282798422377872
MID1IP1,0.09457640041172646,0.0,9.721715e-05,0.0,0.009900990099009901,6.088352694584377e-05,0.0,0.0,0.022282798422377872
KCNC2,0.09450888304874237,0.0,9.721715e-05,0.0,0.009900990099009901,6.714708108736524e-05,0.0,0.0,0.022282798422377872
GAPDH,0.09449101576837635,0.0,9.721715e-05,0.0,0.009900990099009901,6.43167340776912e-05,0.0,0.0,0.022282798422377872
RAB3C,0.09433124439759231,0.0,9.721715e-05,0.0,0.009900990099009901,6.283636890382259e-05,0.0,0.0,0.022282798422377872
CALB2,0.09401652901525107,0.0,9.721715e-05,0.0,0.009900990099009901,6.794685572278598e-05,0.0,0.0,0.022282798422377872
PCP4L1,0.09397693999814226,0.0,9.721715e-05,0.0,0.009900990099009901,7.361842337263087e-05,0.0,0.0,0.022282798422377872
CRISP3,0.09392846355477656,0.0,9.721715e-05,0.0,0.009900990099009901,7.969024119710597e-05,0.0,0.0,0.022282798422377872
PLIN1,0.09335276158238641,0.0,9.721715e-05,0.0,0.009900990099009901,7.313048313990392e-05,0.0,0.0,0.022282798422377872
PRRG1,0.09315894993649879,0.0,9.721715e-05,0.0,0.009900990099009901,6.935645948611732e-05,0.0,0.0,0.022282798422377872
PFN2,0.0930312602803938,0.0,9.721715e-05,0.0,0.009900990099009901,6.759731625330365e-05,0.0,0.0,0.022282798422377872
MTMR10,0.09301366008069774,0.0,9.721715e-05,0.0,0.009900990099009901,5.74709872689587e-05,0.0,0.0,0.022282798422377872
FAM84A,0.09276544723517523,0.0,9.721715e-05,0.0,0.009900990099009901,5.817653544667273e-05,0.0,0.0,0.022282798422377872
ZBTB18,0.09266303997789514,0.0,9.721715e-05,0.0,0.009900990099009901,6.838741932783062e-05,0.0,0.0,0.022282798422377872
SLC25A4,0.09252438149270051,0.0,9.721715e-05,0.0,0.009900990099009901,7.379517433906575e-05,0.0,0.0,0.022282798422377872
ABCA8,0.09249312166511853,0.0,9.721715e-05,0.0,0.009900990099009901,7.756963324244058e-05,0.0,0.0,0.022282798422377872
SYNJ2,0.09247137239994092,0.0,9.721715e-05,0.0,0.009900990099009901,6.084893989871733e-05,0.0,0.0,0.022282798422377872
NRCAM,0.09219155190190963,0.0,9.721715e-05,0.0,0.009900990099009901,7.639333134482416e-05,0.0,0.0,0.022282798422377872
GABRG2,0.09169895646900683,0.0,9.721715e-05,0.0,0.009900990099009901,6.0220416306515366e-05,0.0,0.0,0.022282798422377872
ASPA,0.09139330631114778,0.0,9.721715e-05,0.0,0.009900990099009901,7.252937041106981e-05,0.0,0.0,0.022282798422377872
SLC45A3,0.09131896362866038,0.0,9.721715e-05,0.0,0.009900990099009901,6.612582780436976e-05,0.0,0.0,0.022282798422377872
CNTNAP4,0.09107322587728087,0.0,9.721715e-05,0.0,0.009900990099009901,8.369765552380262e-05,0.0,0.0,0.022282798422377872
RASGRF2,0.09100356154688106,0.0,9.721715e-05,0.0,0.009900990099009901,5.989319598809289e-05,0.0,0.0,0.022282798422377872
FAXDC2,0.09030189190755858,0.0,9.721715e-05,0.0,0.009900990099009901,6.342493960715994e-05,0.0,0.0,0.022282798422377872
SOWAHA,0.09023882580243336,0.0,9.721715e-05,0.0,0.009900990099009901,6.412232031215335e-05,0.0,0.0,0.022282798422377872
CYP27A1,0.0901993005888245,0.0,9.721715e-05,0.0,0.009900990099009901,7.162887175072511e-05,0.0,0.0,0.022282798422377872
BTBD8,0.0901518080854844,0.0,9.721715e-05,0.0,0.009900990099009901,7.59372536811521e-05,0.0,0.0,0.022282798422377872
GABARAPL1,0.09011732461344896,0.0,9.721715e-05,0.0,0.009900990099009901,8.123934399051194e-05,0.0,0.0,0.022282798422377872
WSB2,0.08991158662029342,0.0,9.721715e-05,0.0,0.009900990099009901,6.411744734871674e-05,0.0,0.0,0.022282798422377872
CLSTN2,0.08958378065371139,0.0,9.721715e-05,0.0,0.009900990099009901,5.840490193087429e-05,0.0,0.0,0.022282798422377872
CBLN4,0.08955408784905311,0.0,9.721715e-05,0.0,0.009900990099009901,6.191265712246759e-05,0.0,0.0,0.022282798422377872
ELAVL4,0.0894746373947579,0.0,9.721715e-05,0.0,0.009900990099009901,7.637011778467165e-05,0.0,0.0,0.022282798422377872
FGF12,0.0892380284584059,0.0,9.721715e-05,0.0,0.009900990099009901,4.752780077985249e-05,0.0,0.0,0.022282798422377872
CADM3,0.08890031974646774,0.0,9.721715e-05,0.0,0.009900990099009901,7.12118556781931e-05,0.0,0.0,0.022282798422377872
CAMK2B,0.08881974889803565,0.0,9.721715e-05,0.0,0.009900990099009901,6.297295909894319e-05,0.0,0.0,0.022282798422377872
PCMT1,0.08878299803145324,0.0,9.721715e-05,0.0,0.009900990099009901,8.770553565185042e-05,0.0,0.0,0.022282798422377872
YJEFN3,0.08860126231085243,0.0,9.721715e-05,0.0,0.009900990099009901,6.749349637375086e-05,0.0,0.0,0.022282798422377872
GAD1,0.08855665869077158,0.0,9.721715e-05,0.0,0.009900990099009901,4.5974154782757673e-05,0.0,0.0,0.022282798422377872
ATRNL1,0.08836182438758357,0.0,9.721715e-05,0.0,0.009900990099009901,6.45468898101314e-05,0.0,0.0,0.022282798422377872
GAB1,0.08800076249356448,0.0,9.721715e-05,0.0,0.009900990099009901,8.364993546034883e-05,0.0,0.0,0.022282798422377872
VDAC1,0.08777984189709723,0.0,9.721715e-05,0.0,0.009900990099009901,6.699855482178737e-05,0.0,0.0,0.022282798422377872
ITFG1,0.08731707509724697,0.0,9.721715e-05,0.0,0.009900990099009901,5.995021249472593e-05,0.0,0.0,0.022282798422377872
SCG2,0.08726946160456628,0.0,9.721715e-05,0.0,0.009900990099009901,6.480269817518183e-05,0.0,0.0,0.022282798422377872
CLEC3A,0.08711921083144002,0.0,9.721715e-05,0.0,0.009900990099009901,5.081577439520106e-05,0.0,0.0,0.022282798422377872
TRIM59,0.08710252231990016,0.0,9.721715e-05,0.0,0.009900990099009901,6.311478136510167e-05,0.0,0.0,0.022282798422377872
DPP6,0.0864403023069301,0.0,9.721715e-05,0.0,0.009900990099009901,6.42811486922203e-05,0.0,0.0,0.022282798422377872
PLCB1,0.08634150545279996,0.0,9.721715e-05,0.0,0.009900990099009901,7.199205365032126e-05,0.0,0.0,0.022282798422377872
TSPAN15,0.08624709087019107,0.0,9.721715e-05,0.0,0.009900990099009901,7.937926702501862e-05,0.0,0.0,0.022282798422377872
CA10,0.08563221041751626,0.0,9.721715e-05,0.0,0.009900990099009901,6.24295233216888e-05,0.0,0.0,0.022282798422377872
VSTM2L,0.08553326941461002,0.0,9.721715e-05,0.0,0.009900990099009901,6.0560894130339257e-05,0.0,0.0,0.022282798422377872
SMYD2,0.08541785403510582,0.0,9.721715e-05,0.0,0.009900990099009901,9.78967616422736e-05,0.0,0.0,0.022282798422377872
ITPR1,0.08525124136229066,0.0,9.721715e-05,0.0,0.009900990099009901,7.666490012386082e-05,0.0,0.0,0.022282798422377872
TRABD2A,0.08480335565343904,0.0,9.721715e-05,0.0,0.009900990099009901,6.381911562837349e-05,0.0,0.0,0.022282798422377872
SYNPR,0.08480079758202642,0.0,9.721715e-05,0.0,0.009900990099009901,6.865327964664615e-05,0.0,0.0,0.022282798422377872
NAP1L3,0.08424838275077337,0.0,9.721715e-05,0.0,0.009900990099009901,8.15202768567139e-05,0.0,0.0,0.022282798422377872
TRIM37,0.08416532344653246,0.0,9.721715e-05,0.0,0.009900990099009901,6.243436921360567e-05,0.0,0.0,0.022282798422377872
PJA2,0.08414856612116754,0.0,9.721715e-05,0.0,0.009900990099009901,8.146307133167909e-05,0.0,0.0,0.022282798422377872
FNBP1,0.08403080887298904,0.0,9.721715e-05,0.0,0.009900990099009901,6.847996866014251e-05,0.0,0.0,0.022282798422377872
TP53TG5,0.0840271100308409,0.0,9.721715e-05,0.0,0.009900990099009901,6.0842380188565286e-05,0.0,0.0,0.022282798422377872
CD52,0.08381863528422129,0.0,9.721715e-05,0.0,0.009900990099009901,6.0348258473631826e-05,0.0,0.0,0.022282798422377872
CAMKK1,0.08369757394366435,0.0,9.721715e-05,0.0,0.009900990099009901,5.528947958635137e-05,0.0,0.0,0.022282798422377872
SCN1A,0.08368123412999115,0.0,9.721715e-05,0.0,0.009900990099009901,9.316719055206292e-05,0.0,0.0,0.022282798422377872
SCGB2A1,0.08356782996122955,0.0,9.721715e-05,0.0,0.009900990099009901,5.393812851307969e-05,0.0,0.0,0.022282798422377872
HINT1,0.08344612949890176,0.0,9.721715e-05,0.0,0.009900990099009901,6.902577482071804e-05,0.0,0.0,0.022282798422377872
ARHGAP23,0.08270174631948618,0.0,9.721715e-05,0.0,0.009900990099009901,7.785113817802921e-05,0.0,0.0,0.022282798422377872
CACNG3,0.08239050241621153,0.0,9.721715e-05,0.0,0.009900990099009901,5.7305262328919866e-05,0.0,0.0,0.022282798422377872
LDB2,0.08227591862084459,0.0,9.721715e-05,0.0,0.009900990099009901,5.3352247580991075e-05,0.0,0.0,0.022282798422377872
KCNV1,0.08203886589356214,0.0,9.721715e-05,0.0,0.009900990099009901,5.571745653253263e-05,0.0,0.0,0.022282798422377872
MAP7,0.08190704696808235,0.0,9.721715e-05,0.0,0.009900990099009901,5.183897462854115e-05,0.0,0.0,0.022282798422377872
COL1A2,0.0818653488303294,0.0,9.721715e-05,0.0,0.009900990099009901,7.642820400707563e-05,0.0,0.0,0.022282798422377872
DOCK10,0.08183935822930376,0.0,9.721715e-05,0.0,0.009900990099009901,6.338587000219654e-05,0.0,0.0,0.022282798422377872
TMC6,0.08154841944199794,0.0,9.721715e-05,0.0,0.009900990099009901,7.718806757399243e-05,0.0,0.0,0.022282798422377872
RTN4R,0.08124685146935993,1.1102230246251565e-16,9.721715e-05,0.0,0.009900990099009901,7.877189610123194e-05,6.454785026890446e-16,0.0,0.022282798422377872
GUCY1B1,0.08113663405171911,1.1102230246251565e-16,9.721715e-05,0.0,0.009900990099009901,7.70313553364414e-05,6.454785026890446e-16,0.0,0.022282798422377872
AK5,0.08099795295256941,1.1102230246251565e-16,9.721715e-05,0.0,0.009900990099009901,6.597895859094708e-05,6.454785026890446e-16,0.0,0.022282798422377872
NECAB1,0.08065647744751454,1.1102230246251565e-16,9.721715e-05,0.0,0.009900990099009901,6.710695584700126e-05,6.454785026890446e-16,0.0,0.022282798422377872
ZNF536,0.08062278891095115,1.1102230246251565e-16,9.721715e-05,0.0,0.009900990099009901,6.560201679296283e-05,6.454785026890446e-16,0.0,0.022282798422377872
MCAM,0.08051515578316364,1.1102230246251565e-16,9.721715e-05,0.0,0.009900990099009901,5.939163283763671e-05,6.454785026890446e-16,0.0,0.022282798422377872
PLPPR1,0.08042803476702713,1.1102230246251565e-16,9.721715e-05,0.0,0.009900990099009901,6.458159951964845e-05,6.454785026890446e-16,0.0,0.022282798422377872
CPM,0.08033009218013927,1.1102230246251565e-16,9.721715e-05,0.0,0.009900990099009901,6.551460634049007e-05,6.454785026890446e-16,0.0,0.022282798422377872
CTNNA2,0.08022350930836611,1.1102230246251565e-16,9.721715e-05,0.0,0.009900990099009901,7.572400122464976e-05,6.454785026890446e-16,0.0,0.022282798422377872
SH3GL2,0.08015834129751093,2.220446049250313e-16,9.721715e-05,0.0,0.009900990099009901,6.675383621381633e-05,1.2834948261562504e-15,0.0,0.022282798422377872
HBA1,0.07998703728273342,2.220446049250313e-16,9.721715e-05,0.0,0.009900990099009901,6.279133613573893e-05,1.2834948261562504e-15,0.0,0.022282798422377872
CBLN2,0.07972257285223816,2.220446049250313e-16,9.721715e-05,0.0,0.009900990099009901,5.8346451562568344e-05,1.2834948261562504e-15,0.0,0.022282798422377872
SCN8A,0.07948544760479587,3.3306690738754696e-16,9.721715e-05,0.0,0.009900990099009901,7.249263496126481e-05,1.914177628664063e-15,0.0,0.022282798422377872
GAL3ST1,0.07920734556605934,3.3306690738754696e-16,9.721715e-05,0.0,0.009900990099009901,7.171800794216307e-05,1.914177628664063e-15,0.0,0.022282798422377872
MPPED1,0.07917475941812718,3.3306690738754696e-16,9.721715e-05,0.0,0.009900990099009901,5.862136680540747e-05,1.914177628664063e-15,0.0,0.022282798422377872
CDK5R1,0.07889660187001883,4.440892098500626e-16,9.721715e-05,0.0,0.009900990099009901,8.640656796127535e-05,2.5473568442642214e-15,0.0,0.022282798422377872
ZDHHC20,0.0788541315296421,5.551115123125783e-16,9.721715e-05,0.0,0.009900990099009901,5.5444102748647216e-05,3.178119345301021e-15,0.0,0.022282798422377872
PTK2B,0.07850656358510477,6.661338147750939e-16,9.721715e-05,0.0,0.009900990099009901,7.289100031134267e-05,3.806478941571965e-15,0.0,0.022282798422377872
CAMK2D,0.07836338884591548,7.771561172376096e-16,9.721715e-05,0.0,0.009900990099009901,6.791074329858732e-05,4.424038618050909e-15,0.0,0.022282798422377872
PCDH7,0.0783569999838571,7.771561172376096e-16,9.721715e-05,0.0,0.009900990099009901,6.446527471298471e-05,4.424038618050909e-15,0.0,0.022282798422377872
C1orf115,0.07822972862994544,8.881784197001252e-16,9.721715e-05,0.0,0.009900990099009901,7.62197856217876e-05,5.0369286561443775e-15,0.0,0.022282798422377872
INPP5F,0.07810357174773892,8.881784197001252e-16,9.721715e-05,0.0,0.009900990099009901,6.205541496962663e-05,5.0369286561443775e-15,0.0,0.022282798422377872
HSPA12A,0.07808678178906336,9.992007221626409e-16,9.721715e-05,0.0,0.009900990099009901,6.540973166363758e-05,5.6452018201279146e-15,0.0,0.022282798422377872
TUBB,0.07807478360955616,9.992007221626409e-16,9.721715e-05,0.0,0.009900990099009901,7.020872805625256e-05,5.6452018201279146e-15,0.0,0.022282798422377872
ADH1B,0.07795300135999653,1.1102230246251565e-15,9.721715e-05,0.0,0.009900990099009901,4.218185855424308e-05,6.237208003512116e-15,0.0,0.022282798422377872
TMX4,0.07791578593841082,1.1102230246251565e-15,9.721715e-05,0.0,0.009900990099009901,6.128593213093011e-05,6.237208003512116e-15,0.0,0.022282798422377872
MKL2,0.0778356246117699,1.1102230246251565e-15,9.721715e-05,0.0,0.009900990099009901,7.195350197093836e-05,6.237208003512116e-15,0.0,0.022282798422377872
CDK5R2,0.07776583476330158,1.2212453270876722e-15,9.721715e-05,0.0,0.009900990099009901,6.35668674095434e-05,6.848104637874797e-15,0.0,0.022282798422377872
IPCEF1,0.07743545453107488,1.6653345369377348e-15,9.721715e-05,0.0,0.009900990099009901,6.915211262156133e-05,9.32090225897986e-15,0.0,0.022282798422377872
KLC2,0.07724904916458303,1.887379141862766e-15,9.721715e-05,0.0,0.009900990099009901,6.18038425034481e-05,1.0544017552305957e-14,0.0,0.022282798422377872
RBP7,0.07694572567785656,2.4424906541753444e-15,9.721715e-05,0.0,0.009900990099009901,7.488141536194605e-05,1.361983636157255e-14,0.0,0.022282798422377872
RHBDD2,0.07683436300384859,2.6645352591003757e-15,9.721715e-05,0.0,0.009900990099009901,7.654210776194971e-05,1.483043743469597e-14,0.0,0.022282798422377872
FBXO7,0.07678852512181293,2.7755575615628914e-15,9.721715e-05,0.0,0.009900990099009901,6.073759156461724e-05,1.5419764230904952e-14,0.0,0.022282798422377872
APP,0.07665360490559715,2.9976021664879227e-15,9.721715e-05,0.0,0.009900990099009901,6.914149046545156e-05,1.662256284558922e-14,0.0,0.022282798422377872
PDE8A,0.07653801918490584,3.3306690738754696e-15,9.721715e-05,0.0,0.009900990099009901,8.575535553619148e-05,1.840148659599707e-14,0.0,0.022282798422377872
AC015961.1,0.0765297834039285,3.3306690738754696e-15,9.721715e-05,0.0,0.009900990099009901,7.543608596244802e-05,1.840148659599707e-14,0.0,0.022282798422377872
PRNP,0.07634946932223108,3.885780586188048e-15,9.721715e-05,0.0,0.009900990099009901,5.155898259573249e-05,2.1428937056184086e-14,0.0,0.022282798422377872
RTN4,0.07609412352610707,4.773959005888173e-15,9.721715e-05,0.0,0.009900990099009901,7.172670609059461e-05,2.6278673426907375e-14,0.0,0.022282798422377872
RBP4,0.07607325527084757,4.884981308350689e-15,9.721715e-05,0.0,0.009900990099009901,7.265700526200662e-05,2.6840556639289498e-14,0.0,0.022282798422377872
DPYSL5,0.07597169919456194,5.218048215738236e-15,9.721715e-05,0.0,0.009900990099009901,6.884642148792397e-05,2.861818034225724e-14,0.0,0.022282798422377872
RFFL,0.07564982737929607,6.772360450213455e-15,9.721715e-05,0.0,0.009900990099009901,6.210163868998302e-05,3.7074965968321835e-14,0.0,0.022282798422377872
HPN-AS1,0.0750546933762589,1.0880185641326534e-14,9.721715e-05,0.0,0.009900990099009901,5.494037198863099e-05,5.945456634604663e-14,0.0,0.022282798422377872
GABRB3,0.07488396769734784,1.2434497875801753e-14,9.721715e-05,6.661338147750939e-16,0.009900990099009901,8.591178528246317e-05,6.782453386800957e-14,3.1273888017610045e-15,0.022282798422377872
CLSTN3,0.07482963221807289,1.2878587085651816e-14,9.721715e-05,0.0,0.009900990099009901,7.087729365630443e-05,7.01193489236941e-14,0.0,0.022282798422377872
SMARCA2,0.07468385944390941,1.454392162258955e-14,9.721715e-05,0.0,0.009900990099009901,6.486601648526819e-05,7.904305229668235e-14,0.0,0.022282798422377872
GABRA5,0.07460376321317415,1.5432100042289676e-14,9.721715e-05,0.0,0.009900990099009901,6.115625510757216e-05,8.371844507571254e-14,0.0,0.022282798422377872
STX1A,0.07459542473903408,1.554312234475219e-14,9.721715e-05,0.0,0.009900990099009901,5.204282286053056e-05,8.41685325528097e-14,0.0,0.022282798422377872
REEP3,0.07395191035103907,2.5646151868841116e-14,9.721715e-05,0.0,0.009900990099009901,7.079733222642402e-05,1.3862784793968172e-13,0.0,0.022282798422377872
ISCU,0.07388466308889234,2.708944180085382e-14,9.721715e-05,0.0,0.009900990099009901,6.128752987068858e-05,1.461660528823048e-13,0.0,0.022282798422377872
ID3,0.07376982057238925,2.9531932455029164e-14,9.721715e-05,0.0,0.009900990099009901,7.382252118127895e-05,1.590588821635323e-13,0.0,0.022282798422377872
FAM19A2,0.07338681726839123,3.9745984281580604e-14,9.721715e-05,0.0,0.009900990099009901,5.3406582601230486e-05,2.136880875353796e-13,0.0,0.022282798422377872
CHL1,0.07313060831312349,4.8405723873656825e-14,9.721715e-05,0.0,0.009900990099009901,7.331544937237606e-05,2.5978027123608314e-13,0.0,0.022282798422377872
TBR1,0.07304370882492134,5.1736392947532295e-14,9.721715e-05,0.0,0.009900990099009901,6.545204511979982e-05,2.771592479332087e-13,0.0,0.022282798422377872
NLK,0.07296777731332181,5.484501741648273e-14,9.721715e-05,0.0,0.009900990099009901,7.426671552759964e-05,2.932888631897472e-13,0.0,0.022282798422377872
WASF1,0.07292014645426097,5.684341886080802e-14,9.721715e-05,0.0,0.009900990099009901,3.913970576045895e-05,3.0343462025342357e-13,0.0,0.022282798422377872
MT1G,0.07272947509431583,6.583622536027178e-14,9.721715e-05,0.0,0.009900990099009901,6.235732159170327e-05,3.508146999659242e-13,0.0,0.022282798422377872
VAT1L,0.07266138014468224,6.938893903907228e-14,9.721715e-05,0.0,0.009900990099009901,7.334725607980837e-05,3.690901012716611e-13,0.0,0.022282798422377872
ARF5,0.07245439679375552,8.115730310009894e-14,9.721715e-05,0.0,0.009900990099009901,5.303952161356531e-05,4.309237332748617e-13,0.0,0.022282798422377872
PCSK1,0.07227541104907734,9.303668946358812e-14,9.721715e-05,0.0,0.009900990099009901,4.957600782024714e-05,4.931273293123045e-13,0.0,0.022282798422377872
MICAL2,0.07218117559298687,9.992007221626409e-14,9.721715e-05,0.0,0.009900990099009901,7.364793925601514e-05,5.28677630773884e-13,0.0,0.022282798422377872
CDK14,0.07214548328414887,1.0269562977782698e-13,9.721715e-05,0.0,0.009900990099009901,5.646876124225551e-05,5.424064953054242e-13,0.0,0.022282798422377872
KRT15,0.07199600246976891,1.1501910535116622e-13,9.721715e-05,0.0,0.009900990099009901,4.7511555729667e-05,6.064276204806654e-13,0.0,0.022282798422377872
LDB3,0.07192139692165582,1.2168044349891716e-13,9.721715e-05,8.881784197001252e-16,0.009900990099009901,8.318668698240168e-05,6.404233868364061e-13,4.13747711040431e-15,0.022282798422377872
NR4A2,0.07144425190159762,1.7430501486614958e-13,9.721715e-05,0.0,0.009900990099009901,7.235311246766595e-05,9.15788169174166e-13,0.0,0.022282798422377872
SNN,0.07144205725221725,1.7463808177353712e-13,9.721715e-05,0.0,0.009900990099009901,5.46717138993156e-05,9.159339953157541e-13,0.0,0.022282798422377872
ELMOD1,0.07135953339770539,1.857403120197887e-13,9.721715e-05,0.0,0.009900990099009901,5.453286809642206e-05,9.724623665957523e-13,0.0,0.022282798422377872
NTM-AS1,0.0711727711065386,2.1371793224034263e-13,9.721715e-05,0.0,0.009900990099009901,6.154477091425961e-05,1.1169926772143344e-12,0.0,0.022282798422377872
GPRASP1,0.07114804564229983,2.177147351289932e-13,9.721715e-05,0.0,0.009900990099009901,6.129713466641526e-05,1.1359029658903992e-12,0.0,0.022282798422377872
HAGLROS,0.07084181742687357,2.7355895326763857e-13,9.721715e-05,0.0,0.009900990099009901,6.456310945155151e-05,1.4247862149356176e-12,0.0,0.022282798422377872
NRSN1,0.07068634305709072,3.071987109137808e-13,9.721715e-05,0.0,0.009900990099009901,5.518937634516294e-05,1.597220334040455e-12,0.0,0.022282798422377872
CNR1,0.07065858544619288,3.135269821541442e-13,9.721715e-05,0.0,0.009900990099009901,7.290750736704117e-05,1.6273026755405408e-12,0.0,0.022282798422377872
ACTA2,0.07053359087614293,3.44058115331336e-13,9.721715e-05,0.0,0.009900990099009901,6.0194804405071775e-05,1.7826845353955233e-12,0.0,0.022282798422377872
SSX2IP,0.07051120706512556,3.4983127505938683e-13,9.721715e-05,0.0,0.009900990099009901,5.578146353615666e-05,1.8094721123761388e-12,0.0,0.022282798422377872
SMIM32,0.07050768948180701,3.5071945347908695e-13,9.721715e-05,0.0,0.009900990099009901,5.674678918064923e-05,1.8109438217508793e-12,0.0,0.022282798422377872
C1QL2,0.07036222949856649,3.906874823655926e-13,9.721715e-05,2.220446049250313e-16,0.009900990099009901,7.422302136852725e-05,2.0138530018844976e-12,1.072679250845562e-15,0.022282798422377872
FABP7,0.07029903074371044,4.093392291792952e-13,9.721715e-05,1.4432899320127035e-15,0.009900990099009901,7.553092500832106e-05,2.106376822534967e-12,6.681897833392146e-15,0.022282798422377872
ATL1,0.07005815799667559,4.890532423473815e-13,9.721715e-05,0.0,0.009900990099009901,6.645622614919529e-05,2.5122598065790145e-12,0.0,0.022282798422377872
HTR2A,0.06990555018280145,5.472289288377397e-13,9.721715e-05,7.771561172376096e-16,0.009900990099009901,7.596573131641003e-05,2.8063021991678954e-12,3.625922786489625e-15,0.022282798422377872
USH1C,0.06953189127383114,7.198686091669515e-13,9.721715e-05,2.3314683517128287e-15,0.009900990099009901,7.938094036537761e-05,3.6853341766226186e-12,1.067848100021143e-14,0.022282798422377872
PRKCE,0.06947608622193283,7.498446308318307e-13,9.721715e-05,6.661338147750939e-16,0.009900990099009901,7.389851081811863e-05,3.8322553534846544e-12,3.1273888017610045e-15,0.022282798422377872
CUEDC1,0.06935763388491978,8.176792576364278e-13,9.721715e-05,0.0,0.009900990099009901,5.5375016180654985e-05,4.1718329471246314e-12,0.0,0.022282798422377872
VIP,0.06919434178097013,9.210410212290299e-13,9.721715e-05,0.0,0.009900990099009901,6.500797459398185e-05,4.691210634443276e-12,0.0,0.022282798422377872
VIM,0.06917493558044234,9.341416529196067e-13,9.721715e-05,0.0,0.009900990099009901,5.893253003702129e-05,4.749872811455627e-12,0.0,0.022282798422377872
MFSD4A,0.06894999574981615,1.1001199951010676e-12,9.721715e-05,0.0,0.009900990099009901,6.426310463912074e-05,5.584365457365825e-12,0.0,0.022282798422377872
NCKAP1,0.06885631254740662,1.177502539917441e-12,9.721715e-05,0.0,0.009900990099009901,6.450539831030694e-05,5.967073682014059e-12,0.0,0.022282798422377872
SLC2A13,0.06874465150391552,1.27675647831893e-12,9.721715e-05,0.0,0.009900990099009901,5.994518857062094e-05,6.459139013417858e-12,0.0,0.022282798422377872
PGM2L1,0.06869311035947602,1.3252732244950494e-12,9.721715e-05,0.0,0.009900990099009901,6.600417335467156e-05,6.69329911361136e-12,0.0,0.022282798422377872
CLEC2L,0.06859695882446462,1.4206413823103503e-12,9.721715e-05,0.0,0.009900990099009901,5.523404247108234e-05,7.16289772593454e-12,0.0,0.022282798422377872
C14orf132,0.06843297934172238,1.5991652446700755e-12,9.721715e-05,0.0,0.009900990099009901,5.9622508830679874e-05,8.04948948659434e-12,0.0,0.022282798422377872
AGR3,0.06821690739924688,1.868172283536751e-12,9.721715e-05,0.0,0.009900990099009901,6.222449184794182e-05,9.387800419782667e-12,0.0,0.022282798422377872
FOS,0.06801023307701208,2.166822277160918e-12,9.721715e-05,1.9539925233402755e-14,0.009900990099009901,7.923070052857884e-05,1.087034587204474e-11,8.775415523983273e-14,0.022282798422377872
PRKCG,0.067935317492993,2.286282274610585e-12,9.721715e-05,3.3306690738754696e-16,0.009900990099009901,7.138567340035754e-05,1.145049553227338e-11,1.5936215664475933e-15,0.022282798422377872
LINC01007,0.06785389096165981,2.4233948181517917e-12,9.721715e-05,6.661338147750939e-16,0.009900990099009901,7.034089303939018e-05,1.2116974090758958e-11,3.1273888017610045e-15,0.022282798422377872
CYB5R2,0.06772711461921294,2.6530999619467366e-12,9.721715e-05,0.0,0.009900990099009901,5.40811799432257e-05,1.3243427430682545e-11,0.0,0.022282798422377872
AMOTL2,0.06769665452515575,2.7113866707395573e-12,9.721715e-05,0.0,0.009900990099009901,6.276272309130082e-05,1.3511893708004439e-11,0.0,0.022282798422377872
CADPS2,0.06768098850025343,2.7418067816142866e-12,9.721715e-05,0.0,0.009900990099009901,4.9623194534400784e-05,1.3640829759275057e-11,0.0,0.022282798422377872
CGA,0.06765295767623315,2.797206910543082e-12,9.721715e-05,0.0,0.009900990099009901,6.544384462712021e-05,1.3893411807333187e-11,0.0,0.022282798422377872
GRIA4,0.06752580957221778,3.0623281688235693e-12,9.721715e-05,3.3306690738754696e-16,0.009900990099009901,6.709914970548288e-05,1.5185098357802824e-11,1.5936215664475933e-15,0.022282798422377872
C2orf80,0.06736519535653941,3.4326985698385215e-12,9.721715e-05,0.0,0.009900990099009901,5.5906896490520365e-05,1.6993557276428325e-11,0.0,0.022282798422377872
GLS,0.06709016580914215,4.171329948121638e-12,9.721715e-05,7.771561172376096e-16,0.009900990099009901,6.99372271351298e-05,2.0616128244423253e-11,3.625922786489625e-15,0.022282798422377872
CCND1,0.06708051711143526,4.199973702156967e-12,9.721715e-05,1.9984014443252818e-15,0.009900990099009901,7.031412325615014e-05,2.0723554451432404e-11,9.195098670208352e-15,0.022282798422377872
NELL1,0.06703153745820715,4.347855409037038e-12,9.721715e-05,1.9206858326015208e-14,0.009900990099009901,7.777115060498376e-05,2.141800694106915e-11,8.638766863275206e-14,0.022282798422377872
MAN2A1,0.06689987157351932,4.771405492931535e-12,9.721715e-05,0.0,0.009900990099009901,5.8668227540049934e-05,2.3465928653761647e-11,0.0,0.022282798422377872
PWAR6,0.0668780855972866,4.845235324069108e-12,9.721715e-05,0.0,0.009900990099009901,6.142721024436483e-05,2.3790026141092186e-11,0.0,0.022282798422377872
VPS35,0.06666686977589682,5.62205837439933e-12,9.721715e-05,5.551115123125783e-16,0.009900990099009901,7.045897259554597e-05,2.7559109678428092e-11,2.626710626084755e-15,0.022282798422377872
PSEN1,0.06592904208845783,9.418021917895203e-12,9.721715e-05,1.1102230246251565e-15,0.009900990099009901,6.923961075105091e-05,4.609146126212987e-11,5.163828021512356e-15,0.022282798422377872
PIK3R1,0.06590143195495238,9.600542583143579e-12,9.721715e-05,4.440892098500626e-16,0.009900990099009901,6.502571909695148e-05,4.690818851698817e-11,2.1147105230955362e-15,0.022282798422377872
EFHD2,0.06576590560703355,1.0548228956963612e-11,9.721715e-05,0.0,0.009900990099009901,5.717466905148342e-05,5.14547753998225e-11,0.0,0.022282798422377872
TAGLN,0.06562272047417211,1.164879304127453e-11,9.721715e-05,6.5503158452884236e-15,0.009900990099009901,7.18319986743466e-05,5.673113494127206e-11,2.968421077925267e-14,0.022282798422377872
TNC,0.06552590827277657,1.2455814157874556e-11,9.721715e-05,3.3306690738754696e-16,0.009900990099009901,6.550153656142692e-05,6.0563115840557e-11,1.5936215664475933e-15,0.022282798422377872
LAMP5,0.06509657279502276,1.6745493880421236e-11,9.721715e-05,3.4416913763379853e-15,0.009900990099009901,7.181287684523055e-05,8.128880524476329e-11,1.566779078757808e-14,0.022282798422377872
NRXN3,0.065071740209444,1.7033596755311464e-11,9.721715e-05,2.220446049250313e-16,0.009900990099009901,6.551654593679805e-05,8.255378072041097e-11,1.072679250845562e-15,0.022282798422377872
NEUROD6,0.06504091405977741,1.7398082974295903e-11,9.721715e-05,0.0,0.009900990099009901,5.627296179726197e-05,8.41842724562705e-11,0.0,0.022282798422377872
ACTN1,0.06453222850828502,2.4638180384783936e-11,9.721715e-05,5.551115123125783e-16,0.009900990099009901,6.34716166013261e-05,1.1902502601344899e-10,2.626710626084755e-15,0.022282798422377872
ADCYAP1,0.0641872891183575,3.1148084111976004e-11,9.721715e-05,3.7903014060702844e-13,0.009900990099009901,7.718931811539799e-05,1.50231916938791e-10,1.6337506060647777e-12,0.022282798422377872
FREM3,0.06393237371300851,3.701228212804608e-11,9.721715e-05,5.551115123125783e-16,0.009900990099009901,6.542462958351759e-05,1.7822928793601643e-10,2.626710626084755e-15,0.022282798422377872
FXYD4,0.06389783268682597,3.788569458151869e-11,9.721715e-05,3.3306690738754696e-16,0.009900990099009901,6.314575396745068e-05,1.8214276241114757e-10,1.5936215664475933e-15,0.022282798422377872
PDE2A,0.06385529480536851,3.898903422339117e-11,9.721715e-05,7.771561172376096e-16,0.009900990099009901,6.341016956375692e-05,1.871473642722776e-10,3.625922786489625e-15,0.022282798422377872
GNAI1,0.06384876692601163,3.916100776990561e-11,9.721715e-05,0.0,0.009900990099009901,5.0191076067678247e-05,1.8767256119763072e-10,0.0,0.022282798422377872
GPR6,0.06375079051383863,4.183464685780791e-11,9.721715e-05,0.0,0.009900990099009901,5.728797811344768e-05,2.0016577443927232e-10,0.0,0.022282798422377872
UNC13A,0.06371370730552267,4.289246735567076e-11,9.721715e-05,2.1094237467877974e-15,0.009900990099009901,6.622535644336018e-05,2.049003217627584e-10,9.67625571921008e-15,0.022282798422377872
ICOSLG,0.06370077753529882,4.3267389671086676e-11,9.721715e-05,1.887379141862766e-15,0.009900990099009901,6.423734178239213e-05,2.0636274882871227e-10,8.69759973208648e-15,0.022282798422377872
ADARB2-AS1,0.06367616836359194,4.398992281551273e-11,9.721715e-05,0.0,0.009900990099009901,4.754078631259211e-05,2.09475822931013e-10,0.0,0.022282798422377872
ISLR,0.06351147235013777,4.913802698069958e-11,9.721715e-05,0.0,0.009900990099009901,5.262509116886384e-05,2.336197796229774e-10,0.0,0.022282798422377872
CREB5,0.0634076516111686,5.26811927414883e-11,9.721715e-05,0.0,0.009900990099009901,5.743646622044849e-05,2.5006895288681156e-10,0.0,0.022282798422377872
PPP4R4,0.06314564456709137,6.277056652237434e-11,9.721715e-05,1.552757922240744e-12,0.009900990099009901,7.898540201758512e-05,2.9749083659893053e-10,6.5241929505913614e-12,0.022282798422377872
HS6ST1,0.06308284103107856,6.545652908584998e-11,9.721715e-05,2.5757174171303632e-14,0.009900990099009901,6.998636895547746e-05,3.0973121018541e-10,1.1533063061777745e-13,0.022282798422377872
KCNIP2,0.06296493868914846,7.080558361849398e-11,9.721715e-05,1.4432899320127035e-15,0.009900990099009901,6.483357103262052e-05,3.3451456827634953e-10,6.681897833392146e-15,0.022282798422377872
SLITRK4,0.06270376255063956,8.422129660345945e-11,9.721715e-05,0.0,0.009900990099009901,5.5758909881251686e-05,3.9727026699745026e-10,0.0,0.022282798422377872
CACNA1A,0.0626837525057014,8.534595252740473e-11,9.721715e-05,1.1102230246251565e-16,0.009900990099009901,5.7562178105437823e-05,4.019432615105403e-10,5.398167056524262e-16,0.022282798422377872
ADIPOQ,0.0626177489231214,8.916067884001677e-11,9.721715e-05,2.55351295663786e-14,0.009900990099009901,6.860962732544544e-05,4.1925084094051774e-10,1.1450730747254977e-13,0.022282798422377872
PSRC1,0.06232848822970382,1.0793788085550204e-10,9.721715e-05,2.6700863742235015e-13,0.009900990099009901,7.477921075689525e-05,5.0675061434508e-10,1.1592270799812597e-12,0.022282798422377872
ADGRB2,0.06227624792164851,1.1171841229895563e-10,9.721715e-05,7.09432512735475e-14,0.009900990099009901,7.049129736810068e-05,5.236800576513545e-10,3.125253360068172e-13,0.022282798422377872
EPDR1,0.06221729352013171,1.161402085614327e-10,9.721715e-05,0.0,0.009900990099009901,5.1354548777590566e-05,5.435579183842404e-10,0.0,0.022282798422377872
PDE1C,0.062183066984230574,1.1878531491760214e-10,9.721715e-05,6.661338147750939e-16,0.009900990099009901,6.119185052101549e-05,5.55071565035524e-10,3.1273888017610045e-15,0.022282798422377872
THBS2,0.06213163302298571,1.228712687151301e-10,9.721715e-05,1.3655743202889425e-13,0.009900990099009901,7.522468659464392e-05,5.732718602572167e-10,5.989361053898871e-13,0.022282798422377872
KCNIP4,0.062014111825758673,1.3272904997307933e-10,9.721715e-05,6.576617028741794e-11,0.009900990099009901,9.082955211401823e-05,6.183030278249036e-10,2.6097686621991243e-10,0.022282798422377872
CFD,0.06198630995317244,1.3517187369416206e-10,9.721715e-05,1.8207657603852567e-14,0.009900990099009901,6.789183981948693e-05,6.287063892751724e-10,8.201647569302958e-14,0.022282798422377872
CTSH,0.061899884384773354,1.4304901707618e-10,9.721715e-05,0.0,0.009900990099009901,5.338465591959283e-05,6.643143207872137e-10,0.0,0.022282798422377872
CCNE2,0.061772794083925435,1.5545276177419964e-10,9.721715e-05,2.9976021664879227e-15,0.009900990099009901,6.246183495919283e-05,7.208010592312194e-10,1.3708546493085011e-14,0.022282798422377872
KCNB1,0.0616928258330714,1.6378942646610994e-10,9.721715e-05,3.597122599785507e-13,0.009900990099009901,7.304106559927965e-05,7.582843817875461e-10,1.5549521324721212e-12,0.022282798422377872
PAQR4,0.061549355956830615,1.7985357647631872e-10,9.721715e-05,0.0,0.009900990099009901,5.247145453933517e-05,8.313724644513963e-10,0.0,0.022282798422377872
PFKM,0.061520736049455176,1.8323731421077127e-10,9.721715e-05,2.1094237467877974e-15,0.009900990099009901,6.19645185061855e-05,8.457106809727905e-10,9.67625571921008e-15,0.022282798422377872
CD44,0.060972608311141,2.6143065490202844e-10,9.721715e-05,3.833933170938053e-12,0.009900990099009901,8.014040186010231e-05,1.2047495617604998e-09,1.586455105215746e-11,0.022282798422377872
SEMA3E,0.060821610439511384,2.8816704578105146e-10,9.721715e-05,1.3211653993039363e-14,0.009900990099009901,6.565304637249576e-05,1.3259219897901142e-09,5.960144658513999e-14,0.022282798422377872
HMGCS1,0.060680322044191486,3.155895544892928e-10,9.721715e-05,1.5543122344752192e-15,0.009900990099009901,5.912645048976349e-05,1.4498754417578536e-09,7.184802316526438e-15,0.022282798422377872
ADARB2,0.060606591032504445,3.308946450175654e-10,9.721715e-05,0.0,0.009900990099009901,5.071194135498674e-05,1.5178653441172724e-09,0.0,0.022282798422377872
SSTR2,0.06049924990311716,3.5447855761816527e-10,9.721715e-05,4.3520742565306136e-14,0.009900990099009901,6.378541078546382e-05,1.6235659127549554e-09,1.934255225124717e-13,0.022282798422377872
RXFP1,0.06009548457498485,4.587852320270258e-10,9.721715e-05,1.0759171331642392e-12,0.009900990099009901,7.501708907927957e-05,2.0981031952455447e-09,4.552540760920617e-12,0.022282798422377872
NPTX1,0.060074239348830355,4.6503312312040634e-10,9.721715e-05,0.0,0.009900990099009901,4.8674091786644754e-05,2.12343891835802e-09,0.0,0.022282798422377872
SYT13,0.060058551881632775,4.696998345821157e-10,9.721715e-05,1.1441958491786863e-12,0.009900990099009901,7.328547134511664e-05,2.141488607517245e-09,4.821049926314689e-12,0.022282798422377872
SVOP,0.0596574567416415,6.058010759701915e-10,9.721715e-05,7.771561172376096e-16,0.009900990099009901,5.73490000838906e-05,2.7578197692117973e-09,3.625922786489625e-15,0.022282798422377872
ASS1,0.05934823239062205,7.362890297457625e-10,9.721715e-05,6.661338147750939e-16,0.009900990099009901,5.448282404843349e-05,3.346768317026193e-09,3.1273888017610045e-15,0.022282798422377872
SUCLA2,0.05926684745376718,7.749542119128705e-10,9.721715e-05,5.007105841059456e-13,0.009900990099009901,6.953791612206397e-05,3.5171900691960843e-09,2.1520512210857262e-12,0.022282798422377872
RASGRF1,0.05924676790305277,7.847941185801233e-10,9.721715e-05,1.1102230246251565e-16,0.009900990099009901,5.179794467176582e-05,3.556468815317779e-09,5.398167056524262e-16,0.022282798422377872
HPRT1,0.059189267713410945,8.136500362354582e-10,9.721715e-05,2.6645352591003757e-14,0.009900990099009901,6.199113676742049e-05,3.6816743721061453e-09,1.1912974332788565e-13,0.022282798422377872
HTRA3,0.058946949634687475,9.47035228016091e-10,9.721715e-05,2.916555885690286e-13,0.009900990099009901,6.452718114466009e-05,4.278773620554628e-09,1.2644028406171762e-12,0.022282798422377872
MORF4L2,0.05889970325143054,9.754181906629356e-10,9.721715e-05,4.440892098500626e-16,0.009900990099009901,5.566449006004825e-05,4.400382815020761e-09,2.1147105230955362e-15,0.022282798422377872
SLCO3A1,0.058806756026730404,1.0336947964262322e-09,9.721715e-05,1.2212453270876722e-14,0.009900990099009901,6.196396887743038e-05,4.656282866784829e-09,5.517674670576832e-14,0.022282798422377872
AP1S1,0.05868184859568989,1.1173778569073534e-09,9.721715e-05,4.629630012686903e-14,0.009900990099009901,6.265864299393809e-05,5.025687512326927e-09,2.0545695322575013e-13,0.022282798422377872
KCNC1,0.05845374219930933,1.287550843720453e-09,9.721715e-05,0.0,0.009900990099009901,4.0706282554304084e-05,5.78241396880443e-09,0.0,0.022282798422377872
B4GALNT1,0.0583847913400164,1.3437828627616e-09,9.721715e-05,3.11972669919669e-14,0.009900990099009901,5.789585146648294e-05,6.025932120007175e-09,1.3906656905780193e-13,0.022282798422377872
KIAA1755,0.05833745409838453,1.3837653245474257e-09,9.721715e-05,2.2437607327674414e-13,0.009900990099009901,6.364289922310904e-05,6.195964139764593e-09,9.769640345866943e-13,0.022282798422377872
TRHDE,0.058317869954248376,1.4006433790569872e-09,9.721715e-05,2.220446049250313e-16,0.009900990099009901,5.2134846336043564e-05,6.262190964487275e-09,1.072679250845562e-15,0.022282798422377872
FOXN2,0.0582407902576006,1.4690409999573717e-09,9.721715e-05,1.887379141862766e-15,0.009900990099009901,5.5982170118714777e-05,6.558218749809695e-09,8.69759973208648e-15,0.022282798422377872
CPS1,0.058149305911719316,1.5544483478180382e-09,9.721715e-05,3.3306690738754696e-16,0.009900990099009901,5.329474255402511e-05,6.929190257732712e-09,1.5936215664475933e-15,0.022282798422377872
CPNE2,0.058118483518972114,1.5842975820135052e-09,9.721715e-05,7.671641100159832e-14,0.009900990099009901,6.422751753391341e-05,7.051769652879104e-09,3.37462218482104e-13,0.022282798422377872
FAM19A1,0.05798949645963706,1.7153810594194852e-09,9.721715e-05,5.88418203051333e-15,0.009900990099009901,5.429517391337852e-05,7.623915819642155e-09,2.6705818595370635e-14,0.022282798422377872
PRAG1,0.05790854021921451,1.8029837622890454e-09,9.721715e-05,5.88418203051333e-15,0.009900990099009901,5.778340378936357e-05,8.001407229093397e-09,2.6705818595370635e-14,0.022282798422377872
L1CAM,0.05786790826179343,1.8485779573751415e-09,9.721715e-05,3.3306690738754696e-16,0.009900990099009901,5.115815136223013e-05,8.191630534897231e-09,1.5936215664475933e-15,0.022282798422377872
EHD3,0.0577676117035791,1.9659808225824804e-09,9.721715e-05,5.332512209577089e-12,0.009900990099009901,7.09929417155561e-05,8.699030188418054e-09,2.1974638226279213e-11,0.022282798422377872
RGS7,0.05765826696586266,2.1022449336882687e-09,9.721715e-05,0.0,0.009900990099009901,4.384795630153477e-05,9.288269221008551e-09,0.0,0.022282798422377872
DMRT2,0.05762265904930484,2.1485712098368026e-09,9.721715e-05,7.66053886991358e-15,0.009900990099009901,5.472422482954339e-05,9.478990631632954e-09,3.466307180956371e-14,0.022282798422377872
NCEH1,0.05758221627621967,2.2023931567360933e-09,9.721715e-05,5.578870698741412e-13,0.009900990099009901,6.622475320475431e-05,9.702172496634771e-09,2.3807414077132623e-12,0.022282798422377872
GLRA3,0.05750050784043087,2.3151649486408132e-09,9.721715e-05,6.217248937900877e-14,0.009900990099009901,6.0239726861168595e-05,1.0184010038009442e-08,2.7509951052658746e-13,0.022282798422377872
LINC00645,0.05730124124849547,2.6142638054338363e-09,9.721715e-05,1.3322676295501878e-15,0.009900990099009901,5.319846421484141e-05,1.1482857124892401e-08,6.187001375620068e-15,0.022282798422377872
FN1,0.05727225830747665,2.660785924923914e-09,9.721715e-05,1.1102230246251565e-16,0.009900990099009901,4.765986491990367e-05,1.167011370580664e-08,5.398167056524262e-16,0.022282798422377872
CCDC152,0.057179182814596934,2.815698230129726e-09,9.721715e-05,0.0,0.009900990099009901,4.426460384822949e-05,1.2331525095458654e-08,0.0,0.022282798422377872
PTPRN2,0.05714038833556068,2.8828264220237543e-09,9.721715e-05,3.519406988061746e-14,0.009900990099009901,5.956179516886472e-05,1.2607112632756944e-08,1.566501626733715e-13,0.022282798422377872
COL5A2,0.05713100289422748,2.89929891206242e-09,9.721715e-05,1.4954704141700859e-13,0.009900990099009901,5.985144276681571e-05,1.2660693939137205e-08,6.549505463518624e-13,0.022282798422377872
ENPP4,0.05708124025430766,2.9881795926556265e-09,9.721715e-05,6.916689443414725e-14,0.009900990099009901,6.03085980149072e-05,1.302985287495186e-08,3.051480636800614e-13,0.022282798422377872
RARB,0.05690716684854622,3.3204315963430986e-09,9.721715e-05,0.0,0.009900990099009901,4.6731766336012447e-05,1.4457612175659355e-08,0.0,0.022282798422377872
TPBG,0.056846100176216226,3.445292606762962e-09,9.721715e-05,3.2324143361961433e-12,0.009900990099009901,6.581302914720311e-05,1.4979533072882443e-08,1.3449712910663563e-11,0.022282798422377872
DBNDD1,0.05664482886391374,3.890004207640629e-09,9.721715e-05,2.054012515628756e-11,0.009900990099009901,7.331313067708888e-05,1.6888585561392023e-08,8.315840144245975e-11,0.022282798422377872
TJAP1,0.05657786756827559,4.04997002600993e-09,9.721715e-05,5.551115123125783e-16,0.009900990099009901,4.861384679643882e-05,1.755767352316444e-08,2.626710626084755e-15,0.022282798422377872
ATP6AP2,0.05632847040302815,4.703977984910068e-09,9.721715e-05,3.825384453648439e-12,0.009900990099009901,6.87888325872681e-05,2.0363541060216746e-08,1.5851040553791874e-11,0.022282798422377872
KALRN,0.056246272860473935,4.941211328990391e-09,9.721715e-05,7.55489004689025e-11,0.009900990099009901,7.235143578330664e-05,2.1359703151255294e-08,2.9900620238351914e-10,0.022282798422377872
ARL4C,0.05624268711359826,4.951820731236012e-09,9.721715e-05,3.1086244689504383e-15,0.009900990099009901,5.0183595362488805e-05,2.1374765746342497e-08,1.4194632278312503e-14,0.022282798422377872
ADGRB1,0.05609668431817251,5.403127056879953e-09,9.721715e-05,1.206368338557695e-12,0.009900990099009901,6.152149862390612e-05,2.328934076241359e-08,5.07588361244472e-12,0.022282798422377872
NKAIN2,0.05606089654374112,5.5197082460267666e-09,9.721715e-05,9.086065233532281e-13,0.009900990099009901,6.587509365176922e-05,2.3757711245452368e-08,3.855473224978337e-12,0.022282798422377872
ATP6V1D,0.05603707575060704,5.5986574265531885e-09,9.721715e-05,2.4855673075308005e-12,0.009900990099009901,6.616666850137614e-05,2.406299753532889e-08,1.0370934523772463e-11,0.022282798422377872
PTPRT,0.05582600805836425,6.3478474698897e-09,9.721715e-05,8.169731557927662e-11,0.009900990099009901,7.698779317204166e-05,2.7243980557466525e-08,3.2248940360240766e-10,0.022282798422377872
DNM2,0.05576611582029072,6.577609901192716e-09,9.721715e-05,2.545741395465484e-13,0.009900990099009901,5.8493459072181484e-05,2.8189756719397352e-08,1.106844084984993e-12,0.022282798422377872
MBOAT7,0.055653187014435015,7.033012061619104e-09,9.721715e-05,3.326006137172044e-12,0.009900990099009901,6.687344603837995e-05,3.009848243203611e-08,1.3819970099052815e-11,0.022282798422377872
LPL,0.0556355053729239,7.107034738496054e-09,9.721715e-05,8.468781231840694e-13,0.009900990099009901,6.0664402699687575e-05,3.037194332690621e-08,3.5991040176481526e-12,0.022282798422377872
CA4,0.055452638084116546,7.918364741676953e-09,9.721715e-05,1.119992987241858e-12,0.009900990099009901,6.185144343572614e-05,3.379103019207803e-08,4.7323647348247514e-12,0.022282798422377872
TGFBR3L,0.05507874339263711,9.866700900751368e-09,9.721715e-05,9.336975637097567e-14,0.009900990099009901,5.654408000819314e-05,4.204560042933822e-08,4.1011606019462226e-13,0.022282798422377872
ARHGAP26,0.05496135623264927,1.0569173425345468e-08,9.721715e-05,2.811195720653359e-12,0.009900990099009901,6.616379402939617e-05,4.4975206065299865e-08,1.1713315502722329e-11,0.022282798422377872
PRRT1,0.054947839915638,1.0653109616676204e-08,9.721715e-05,2.4308333124167802e-12,0.009900990099009901,6.0416502179398006e-05,4.526817117567792e-08,1.0156685149373733e-11,0.022282798422377872
DYNLT3,0.05487753370828477,1.1100254604379245e-08,9.721715e-05,4.440892098500626e-16,0.009900990099009901,4.561521013615667e-05,4.7101504686191986e-08,2.1147105230955362e-15,0.022282798422377872
DGKB,0.05485482774238191,1.1248516895712157e-08,9.721715e-05,1.2582046515774437e-11,0.009900990099009901,6.353094353317646e-05,4.766320718522101e-08,5.149541548065936e-11,0.022282798422377872
R3HDM1,0.05458141881413064,1.319183318138073e-08,9.721715e-05,2.5033974893062805e-10,0.009900990099009901,7.52545508679929e-05,5.581875817227389e-08,9.672700221223597e-10,0.022282798422377872
AASDHPPT,0.054547973186002074,1.3450832780925737e-08,9.721715e-05,3.75877107217093e-12,0.009900990099009901,6.317251084959965e-05,5.6834504708136914e-08,1.5596560465439542e-11,0.022282798422377872
TMEM206,0.05450778031298454,1.3768614581799454e-08,9.721715e-05,3.219646771412954e-15,0.009900990099009901,4.853769956746597e-05,5.809542017636901e-08,1.4679240599147208e-14,0.022282798422377872
RCN1,0.054464049879922885,1.412264050149048e-08,9.721715e-05,2.1616042289451798e-13,0.009900990099009901,5.715948027038995e-05,5.950550773099921e-08,9.439319777053186e-13,0.022282798422377872
SLC8A2,0.05439131468815764,1.4731130315581709e-08,9.721715e-05,7.151446101971715e-11,0.009900990099009901,7.205478615377802e-05,6.198231549333118e-08,2.834126592591168e-10,0.022282798422377872
KLHL32,0.05427244635706149,1.5780710072021975e-08,9.721715e-05,1.9839685450051547e-13,0.009900990099009901,5.589360255572202e-05,6.630550450429402e-08,8.67624728136365e-13,0.022282798422377872
SYNE3,0.054209074488231264,1.636955448969246e-08,9.721715e-05,5.161426841482353e-13,0.009900990099009901,5.8007413088000616e-05,6.868344541129704e-08,2.2120400749210083e-12,0.022282798422377872
DCAF6,0.05419869755517461,1.6467984864654284e-08,9.721715e-05,5.050404539019837e-13,0.009900990099009901,5.970448142851503e-05,6.8999936583747e-08,2.167555596145853e-12,0.022282798422377872
SFRP2,0.053887595391876084,1.9700607256645242e-08,9.721715e-05,5.140332604014475e-14,0.009900990099009901,5.3461995448949014e-05,8.242931906546127e-08,2.2778431036991766e-13,0.022282798422377872
CACNB2,0.05384794102022161,2.015445754732781e-08,9.721715e-05,1.0215162049576065e-12,0.009900990099009901,5.726518709183528e-05,8.421082540666215e-08,4.328458495583079e-12,0.022282798422377872
THRB,0.053817937326882496,2.050457537094985e-08,9.721715e-05,1.1256551246674462e-12,0.009900990099009901,5.653477037478327e-05,8.555455648518713e-08,4.7495996821411234e-12,0.022282798422377872
NMNAT2,0.05372161252883867,2.166892287824851e-08,9.721715e-05,6.64945876138745e-12,0.009900990099009901,6.374290411083867e-05,9.028717865936879e-08,2.7326542855016915e-11,0.022282798422377872
THSD7A,0.053622389444804124,2.29352494773849e-08,9.721715e-05,1.1285528067617179e-09,0.009900990099009901,7.968762180690604e-05,9.543099643849473e-08,4.253339723976324e-09,0.022282798422377872
BAIAP3,0.053555764946061304,2.3825490580442477e-08,9.721715e-05,2.387328112973819e-10,0.009900990099009901,7.073308837561333e-05,9.899788329823744e-08,9.241270114737362e-10,0.022282798422377872
ANO3,0.053269107276863174,2.8053036449371405e-08,9.721715e-05,9.675316103852083e-11,0.009900990099009901,6.750264502593229e-05,1.1640264086876101e-07,3.8041871967963626e-10,0.022282798422377872
TMOD1,0.05311127247046587,3.068219123214533e-08,9.721715e-05,2.952083022478291e-13,0.009900990099009901,5.41325834502013e-05,1.2713615151441433e-07,1.2779580183888706e-12,0.022282798422377872
VCAN,0.05308695071629787,3.110800117500645e-08,9.721715e-05,2.5496160738214257e-11,0.009900990099009901,6.716887889242043e-05,1.2872276348278532e-07,1.0253147749952114e-10,0.022282798422377872
RFTN2,0.05307285106899058,3.135746462490374e-08,9.721715e-05,1.6831203097922298e-11,0.009900990099009901,6.511371657896073e-05,1.2957630010290802e-07,6.851235996440555e-11,0.022282798422377872
PRCD,0.05294596332949749,3.369142664855218e-08,9.721715e-05,2.227107387398064e-13,0.009900990099009901,5.6252124654779306e-05,1.3902927090186594e-07,9.711224072956675e-13,0.022282798422377872
SALL1,0.05234330705203667,4.727685387617697e-08,9.721715e-05,4.711120382694389e-12,0.009900990099009901,6.069579215865079e-05,1.9482220003919082e-07,1.9440661826799405e-11,0.022282798422377872
MGAT5B,0.05226407874591349,4.941670406211074e-08,9.721715e-05,5.303535388634373e-13,0.009900990099009901,5.313678354205829e-05,2.0336092206629933e-07,2.2697013075468072e-12,0.022282798422377872
LDLRAP1,0.052082797902872936,5.467140595794007e-08,9.721715e-05,1.8895995879120164e-12,0.009900990099009901,5.7526989968926704e-05,2.2467701078605505e-07,7.928389879351118e-12,0.022282798422377872
C3orf80,0.05206077967756313,5.5345326543942974e-08,9.721715e-05,7.498446308318307e-13,0.009900990099009901,5.2001567455351336e-05,2.2713540305311755e-07,3.1953606427492787e-12,0.022282798422377872
KCTD16,0.051927329161194566,5.960522719838934e-08,9.721715e-05,8.469891454865319e-13,0.009900990099009901,5.196949672861913e-05,2.442837180261858e-07,3.5991040176481526e-12,0.022282798422377872
C2CD4C,0.05186298314379738,6.177095535075949e-08,9.721715e-05,4.733990977001667e-13,0.009900990099009901,5.170246248168545e-05,2.528142783796432e-07,2.0375857863708754e-12,0.022282798422377872
OPN3,0.051738417119887255,6.618192105456444e-08,9.721715e-05,3.518108027122935e-11,0.009900990099009901,6.109315625265602e-05,2.704983149369119e-07,1.4091220402361553e-10,0.022282798422377872
CORT,0.05137626405528996,8.08065045987405e-08,9.721715e-05,1.3705037105182782e-11,0.009900990099009901,5.8053085758634435e-05,3.2982246774996125e-07,5.6015138032082215e-11,0.022282798422377872
FEZF2,0.051229727007504756,8.757272296211482e-08,9.721715e-05,2.3676949290063476e-11,0.009900990099009901,6.012224773226185e-05,3.5695403381296803e-07,9.534341995998715e-11,0.022282798422377872
HCN1,0.051115106976052115,9.324383609676801e-08,9.721715e-05,6.455943557526211e-10,0.009900990099009901,6.930569346205484e-05,3.795542853328413e-07,2.454731390694377e-09,0.022282798422377872
RGS1,0.05082850067363228,1.0902163527504172e-07,9.721715e-05,8.074962920545659e-11,0.009900990099009901,6.410740127355447e-05,4.4317737916683626e-07,3.191684948832276e-10,0.022282798422377872
RASD2,0.05079707667752575,1.1090085871856559e-07,9.721715e-05,3.703704010149522e-13,0.009900990099009901,5.0282517313106113e-05,4.502064629982365e-07,1.5987211554602254e-12,0.022282798422377872
NRXN2,0.050428884592398165,1.3538852960959247e-07,9.721715e-05,6.282109277222503e-10,0.009900990099009901,6.838984233760249e-05,5.488724173361856e-07,2.3916659684857246e-09,0.022282798422377872
MIAT,0.050048283172945206,1.6616227582755272e-07,9.721715e-05,3.455258301698905e-11,0.009900990099009901,5.662201550690858e-05,6.727217644840191e-07,1.385798784103839e-10,0.022282798422377872
KCNH5,0.049907622563802684,1.7916273620244283e-07,9.721715e-05,5.860778529154231e-11,0.009900990099009901,6.147244516420813e-05,7.243776396325182e-07,2.3287861705248606e-10,0.022282798422377872
PCDH10,0.04979474120456041,1.9030055897761855e-07,9.721715e-05,4.716719237407574e-10,0.009900990099009901,6.563957988084932e-05,7.683737240011515e-07,1.8048670551304495e-09,0.022282798422377872
LNX1,0.04977259895281294,1.925623451803915e-07,9.721715e-05,2.03936867393395e-12,0.009900990099009901,5.137560032767653e-05,7.764610692757722e-07,8.532923321899374e-12,0.022282798422377872
CDH13,0.04972058884931493,1.9797756667383481e-07,9.721715e-05,3.963274153306884e-11,0.009900990099009901,6.173431400854404e-05,7.97225100700006e-07,1.5831987296831759e-10,0.022282798422377872
CYSRT1,0.049500689931807035,2.2254169074198416e-07,9.721715e-05,1.0687106755113973e-10,0.009900990099009901,5.979427220608944e-05,8.949397751018129e-07,4.18009390682424e-10,0.022282798422377872
TAC1,0.04929910278548608,2.476242604299017e-07,9.721715e-05,2.2945534361440423e-11,0.009900990099009901,5.093371666726645e-05,9.94474941485549e-07,9.264684129787519e-11,0.022282798422377872
MT1X,0.04929045945488664,2.487585111232704e-07,9.721715e-05,5.675497405377428e-09,0.009900990099009901,7.237269703991912e-05,9.976945633286247e-07,2.0663218708898402e-08,0.022282798422377872
FAM241B,0.04922451342767998,2.575789821435137e-07,9.721715e-05,1.45139378293635e-09,0.009900990099009901,6.898841322667157e-05,1.0316915172637398e-06,5.4359317712971905e-09,0.022282798422377872
MYO10,0.04910664320643346,2.741012351537009e-07,9.721715e-05,6.628031457012185e-14,0.009900990099009901,4.2869578574526246e-05,1.0964049406148035e-06,2.9284380516990505e-13,0.022282798422377872
TMTC4,0.04909012068639095,2.7649737555091036e-07,9.721715e-05,5.784595025204453e-12,0.009900990099009901,5.0188136272999925e-05,1.1045168131194821e-06,2.3804917799195282e-11,0.022282798422377872
WIF1,0.048978994082555107,2.931459500699063e-07,9.721715e-05,1.302814522929907e-10,0.009900990099009901,6.287866978783423e-05,1.1691073739915718e-06,5.07590073868795e-10,0.022282798422377872
NDEL1,0.04897704795558687,2.934459508718845e-07,9.721715e-05,6.458770407391512e-09,0.009900990099009901,7.278066083725015e-05,1.1691073739915718e-06,2.3458003900937696e-08,0.022282798422377872
P2RX7,0.04883795254198156,3.1567168623514164e-07,9.721715e-05,4.973411682485107e-10,0.009900990099009901,6.508560278029835e-05,1.255988141519131e-06,1.9006668850261558e-09,0.022282798422377872
TOX,0.04882609710382359,3.176393303938596e-07,9.721715e-05,2.505229357296912e-10,0.009900990099009901,6.047957221298156e-05,1.262143034677588e-06,9.672700221223597e-10,0.022282798422377872
GRM5,0.04864914520687148,3.4845082097501034e-07,9.721715e-05,7.709166638392162e-12,0.009900990099009901,5.19294715591294e-05,1.382741353075438e-06,3.159494523931214e-11,0.022282798422377872
PTN,0.04862373744487519,3.531047577665092e-07,9.721715e-05,4.3604897470572723e-11,0.009900990099009901,5.7929921840641955e-05,1.3993583531037352e-06,1.7372469111781962e-10,0.022282798422377872
TMTC2,0.048620327910008594,3.5373382123449204e-07,9.721715e-05,8.145072394327713e-10,0.009900990099009901,6.330614817442934e-05,1.4000019310072246e-06,3.0930654662003974e-09,0.022282798422377872
GPRASP2,0.04850534136673696,3.7559270904541364e-07,9.721715e-05,1.753368561452362e-10,0.009900990099009901,5.851894310411344e-05,1.4845561622348364e-06,6.804793899556386e-10,0.022282798422377872
STXBP3,0.04836104861541309,4.0486832719732746e-07,9.721715e-05,1.057592902142801e-10,0.009900990099009901,5.495463459571585e-05,1.5981644494631346e-06,4.142008755128463e-10,0.022282798422377872
ADAM23,0.04813464498973666,4.552800636492549e-07,9.721715e-05,1.944922001229088e-11,0.009900990099009901,5.181360033627812e-05,1.7947965715476541e-06,7.895488502959763e-11,0.022282798422377872
NTNG1,0.047995392072549575,4.892326178618234e-07,9.721715e-05,1.9814132556916775e-09,0.009900990099009901,6.557583533694477e-05,1.926112668747336e-06,7.365848534169805e-09,0.022282798422377872
KIF3A,0.0479682182855481,4.961365036582066e-07,9.721715e-05,4.518496687921925e-12,0.009900990099009901,5.0740825621680654e-05,1.9507333040296456e-06,1.8671473917032747e-11,0.022282798422377872
CTNNB1,0.04754869187395621,6.153936190633758e-07,9.721715e-05,5.7037152778605105e-11,0.009900990099009901,5.264822112445761e-05,2.416467090562994e-06,2.2693827365492746e-10,0.022282798422377872
CPNE6,0.04739509608811005,6.656010780314858e-07,9.721715e-05,1.987077169474105e-12,0.009900990099009901,4.8162261448607715e-05,2.610200306005827e-06,8.325742330198764e-12,0.022282798422377872
GNG2,0.04729149839434266,7.016655112490611e-07,9.721715e-05,1.005226413219873e-08,0.009900990099009901,7.011472479473889e-05,2.7480372503226933e-06,3.615922349711773e-08,0.022282798422377872
TCEAL6,0.04724598803326151,7.180960264197012e-07,9.721715e-05,8.947254048763398e-11,0.009900990099009901,5.516933975735801e-05,2.808719790429079e-06,3.522540964080078e-10,0.022282798422377872
SLC6A9,0.0471109726060502,7.690460994691506e-07,9.721715e-05,2.810018329135744e-09,0.009900990099009901,6.396026854863911e-05,3.0040863260513695e-06,1.0394642401241964e-08,0.022282798422377872
TAC3,0.04709092537559679,7.769014473968383e-07,9.721715e-05,3.306596219054825e-09,0.009900990099009901,6.729357405595291e-05,3.030824892315364e-06,1.2216488494044919e-08,0.022282798422377872
DIP2B,0.04702424823159306,8.035871208456058e-07,9.721715e-05,3.647371293880042e-11,0.009900990099009901,5.263087008408589e-05,3.1308589123854775e-06,1.4589485175520167e-10,0.022282798422377872
TM2D3,0.04693464136009836,8.40840640892182e-07,9.721715e-05,2.750860650380105e-10,0.009900990099009901,5.9211949493346895e-05,3.271753466506545e-06,1.0593815084904126e-09,0.022282798422377872
TPM2,0.04687268812741751,8.675619610487573e-07,9.721715e-05,2.0436319303485107e-11,0.009900990099009901,5.131777187128223e-05,3.3713547709148596e-06,8.284994312223692e-11,0.022282798422377872
ATP2B4,0.04681393976403977,8.936535308423643e-07,9.721715e-05,1.5397231267755274e-09,0.009900990099009901,6.537502154177554e-05,3.468254324097145e-06,5.759562818362322e-09,0.022282798422377872
PDZRN3,0.04669350330168477,9.495196627851143e-07,9.721715e-05,1.8675394564127146e-11,0.009900990099009901,4.805376273032514e-05,3.680308770484939e-06,7.591623806555751e-11,0.022282798422377872
CHST3,0.04668212290752537,9.549687970400456e-07,9.721715e-05,2.5333840136809727e-08,0.009900990099009901,7.248299965689927e-05,3.69665340789695e-06,8.951886974137714e-08,0.022282798422377872
DOCK3,0.04645128291992746,1.0722076969615912e-06,9.721715e-05,1.3752110561426889e-11,0.009900990099009901,4.875443838741185e-05,4.145132849078317e-06,5.613106351602812e-11,0.022282798422377872
CAPZA2,0.046448424879331186,1.0737424456230826e-06,9.721715e-05,2.8058566581279365e-10,0.009900990099009901,5.732463964579653e-05,4.14572372827445e-06,1.079175637741514e-09,0.022282798422377872
GRIA3,0.04623831225525405,1.192537780636549e-06,9.721715e-05,2.5642932222069703e-11,0.009900990099009901,5.499399904770225e-05,4.5984747325316795e-06,1.0298366354244861e-10,0.022282798422377872
HERC5,0.046223262471452316,1.2015145850474696e-06,9.721715e-05,2.527863474099945e-10,0.009900990099009901,5.484153526893571e-05,4.627142176049306e-06,9.747545529948374e-10,0.022282798422377872
GAD2,0.04608670394568758,1.2859879156001952e-06,9.721715e-05,1.871202082170953e-10,0.009900990099009901,5.482116064091312e-05,4.9461073676930586e-06,7.252721248724624e-10,0.022282798422377872
SLC6A1,0.04602998959684155,1.3227209701982545e-06,9.721715e-05,8.933361828056263e-09,0.009900990099009901,6.95618354653604e-05,5.080874405371016e-06,3.217297176971043e-08,0.022282798422377872
SORBS2,0.045977807553232254,1.3574064038346378e-06,9.721715e-05,1.2187395537210932e-10,0.009900990099009901,5.339842346012021e-05,5.207441446935951e-06,4.754510612696072e-10,0.022282798422377872
AFMID,0.045974679871057224,1.3595128678378643e-06,9.721715e-05,1.6644052802661236e-10,0.009900990099009901,5.099682807568038e-05,5.208861562597181e-06,6.476285137222271e-10,0.022282798422377872
MYCT1,0.04591599981074452,1.39961974798819e-06,9.721715e-05,6.117621964563114e-10,0.009900990099009901,5.852723462697556e-05,5.355687811179299e-06,2.3320032901765367e-09,0.022282798422377872
RELL2,0.045884718590686185,1.421461423345427e-06,9.721715e-05,6.788546946800977e-09,0.009900990099009901,6.347043136518359e-05,5.432336649727747e-06,2.4625926046436435e-08,0.022282798422377872
AC009063.2,0.045866735838613525,1.4341652875282662e-06,9.721715e-05,1.2040302088678345e-10,0.009900990099009901,5.14312175023937e-05,5.4739133111765885e-06,4.703243003389979e-10,0.022282798422377872
STEAP2,0.04549292658459345,1.7242811285456128e-06,9.721715e-05,2.2359558649043265e-11,0.009900990099009901,4.783335122549712e-05,6.566163595078836e-06,9.040252823063315e-11,0.022282798422377872
KCNH1,0.045492417341159636,1.7247123043073742e-06,9.721715e-05,1.3207556159855471e-09,0.009900990099009901,6.079479107153702e-05,6.566163595078836e-06,4.952833559945802e-09,0.022282798422377872
LINC00599,0.0454780599870265,1.7369112946807874e-06,9.721715e-05,3.2883170186792654e-08,0.009900990099009901,6.919193327944447e-05,6.604225455060028e-06,1.1551464936812408e-07,0.022282798422377872
TPRG1,0.04538852575927403,1.8148731004696828e-06,9.721715e-05,2.6781120654462143e-09,0.009900990099009901,6.0338572707194525e-05,6.891923166340568e-06,9.93119430944208e-09,0.022282798422377872
GAL,0.045378395815303514,1.8239021073451767e-06,9.721715e-05,1.0430067920452757e-10,0.009900990099009901,4.998649095887919e-05,6.9174542630031984e-06,4.0902227139030416e-10,0.022282798422377872
SSTR1,0.04535918038073666,1.8411476406798855e-06,9.721715e-05,3.1770742814352104e-08,0.009900990099009901,7.233900360691223e-05,6.974044093484414e-06,1.1173766523218794e-07,0.022282798422377872
CDR2L,0.045343310539613886,1.8555083229898628e-06,9.721715e-05,9.443145154719446e-10,0.009900990099009901,5.499830884840169e-05,7.019577514463542e-06,3.5814709815623687e-09,0.022282798422377872
SGTB,0.04533059393575456,1.8670930638231553e-06,9.721715e-05,1.8596709727702887e-08,0.009900990099009901,6.313543629916398e-05,7.054507797820486e-06,6.649598233981962e-08,0.022282798422377872
LINC01844,0.04521308565311399,1.9774739841160738e-06,9.721715e-05,6.868171698037884e-09,0.009900990099009901,6.297037845846125e-05,7.462165977796504e-06,2.4884680065354648e-08,0.022282798422377872
PLIN4,0.04516593220757633,2.023503116177494e-06,9.721715e-05,2.1337874578364335e-08,0.009900990099009901,6.948185758669291e-05,7.626268025794577e-06,7.575576773383787e-08,0.022282798422377872
SYT16,0.04514596717972042,2.0432999725539247e-06,9.721715e-05,3.1213009954456084e-10,0.009900990099009901,5.336756691959559e-05,7.691216960679767e-06,1.1989632504912706e-09,0.022282798422377872
SUMO2,0.0451135899643457,2.075799610534723e-06,9.721715e-05,1.1481470219010248e-09,0.009900990099009901,5.8554058165118754e-05,7.803757934341064e-06,4.316342187597837e-09,0.022282798422377872
ARHGEF9,0.04488557504533963,2.3191123207366715e-06,9.721715e-05,5.314637618880624e-13,0.009900990099009901,3.9306591163224593e-05,8.707555647321672e-06,2.2712126576412924e-12,0.022282798422377872
ENPP6,0.04475495612712594,2.470564096745953e-06,9.721715e-05,1.0484474399774513e-09,0.009900990099009901,5.8423036953910146e-05,9.264615362797324e-06,3.956405433877175e-09,0.022282798422377872
HEPN1,0.04460794940655759,2.6523435036063248e-06,9.721715e-05,8.586564792523177e-11,0.009900990099009901,4.802952661515067e-05,9.933870800023687e-06,3.384979550271949e-10,0.022282798422377872
TSPAN1,0.04460473049389088,2.656463629846506e-06,9.721715e-05,3.577554918976489e-10,0.009900990099009901,5.188744281838997e-05,9.936896370996906e-06,1.3707106969258576e-09,0.022282798422377872
MLPH,0.044532002807466844,2.7512031574028484e-06,9.721715e-05,4.0245347054934655e-09,0.009900990099009901,5.9989709995251025e-05,1.0278467586810143e-05,1.4759907232861121e-08,0.022282798422377872
PIEZO2,0.044447367804012816,2.865527149231717e-06,9.721715e-05,7.47042705473433e-09,0.009900990099009901,6.353177371603284e-05,1.0692265482207898e-05,2.6969050739113102e-08,0.022282798422377872
CTXN3,0.0444411434995382,2.87411200416976e-06,9.721715e-05,8.754950542311235e-09,0.009900990099009901,5.982625393102873e-05,1.0710976413055006e-05,3.156833128237224e-08,0.022282798422377872
GOLGA7B,0.04443493116517641,2.8827048929036536e-06,9.721715e-05,3.323814601330355e-08,0.009900990099009901,6.789127220221048e-05,1.0729670817259256e-05,1.1648882948587693e-07,0.022282798422377872
FCGR3B,0.0442097249560915,3.211353768017844e-06,9.721715e-05,3.7066540614638654e-08,0.009900990099009901,6.605955700790646e-05,1.1938118096720608e-05,1.2960328886237294e-07,0.022282798422377872
LINC01830,0.04397834243590876,3.586205486461047e-06,9.721715e-05,9.68223834441062e-10,0.009900990099009901,5.3578157975018044e-05,1.3315119380424681e-05,3.6628896637114586e-09,0.022282798422377872
NEUROD2,0.04397272211774682,3.5958117874379525e-06,9.721715e-05,9.754141938600469e-11,0.009900990099009901,4.829918535389186e-05,1.3334283513366944e-05,3.830160447094425e-10,0.022282798422377872
MOSPD2,0.04393252307996089,3.6652413534232764e-06,9.721715e-05,2.316913327859993e-11,0.009900990099009901,4.547691390378573e-05,1.3574967975641764e-05,9.342392451048358e-11,0.022282798422377872
EXTL2,0.043700529238516576,4.091663324046202e-06,9.721715e-05,6.0981257155035e-08,0.009900990099009901,6.610872020985874e-05,1.5135622653685088e-05,2.1125146820450922e-07,0.022282798422377872
ARHGAP32,0.04366201525511205,4.166894528423448e-06,9.721715e-05,1.1359573282021529e-09,0.009900990099009901,5.3081183195190655e-05,1.5394930523731953e-05,4.275874510171216e-09,0.022282798422377872
GRASP,0.04358456034249037,4.322213186913615e-06,9.721715e-05,1.8679245705754965e-08,0.009900990099009901,5.715753137830128e-05,1.5949126150972748e-05,6.671159180626773e-08,0.022282798422377872
CD22,0.04316455839618119,5.265529386955237e-06,9.721715e-05,1.0705027712054616e-06,0.009900990099009901,7.660859185681015e-05,1.940612796175149e-05,3.4532347458240694e-06,0.022282798422377872
ACTR3B,0.043138412797526705,5.330331038000402e-06,9.721715e-05,7.451773065270118e-08,0.009900990099009901,6.543919002684442e-05,1.9620850446627246e-05,2.560746757824783e-07,0.022282798422377872
AC245297.3,0.04301864227194836,5.6370401994021435e-06,9.721715e-05,3.5858007674249848e-09,0.009900990099009901,5.494810397897614e-05,2.0724412497801995e-05,1.3231737149169685e-08,0.022282798422377872
TENM2,0.04301481440976625,5.647115201901087e-06,9.721715e-05,5.480359499543397e-10,0.009900990099009901,4.850385769361082e-05,2.073604113305173e-05,2.0917402670012964e-09,0.022282798422377872
TMEM38A,0.04299343425978245,5.7037050438246695e-06,9.721715e-05,6.43190443683217e-07,0.009900990099009901,7.927017031805772e-05,2.091823365705869e-05,2.101929554520317e-06,0.022282798422377872
OSBPL1A,0.04296165697219514,5.788815690799254e-06,9.721715e-05,7.080114272639548e-12,0.009900990099009901,4.1369585569540736e-05,2.1204453079850746e-05,2.9056556522460526e-11,0.022282798422377872
KCNG1,0.04280720288014597,6.2200540156265305e-06,9.721715e-05,1.1140682187882334e-07,0.009900990099009901,6.903534329025621e-05,2.2755353546643948e-05,3.806611225927904e-07,0.022282798422377872
MFGE8,0.04280466768545967,6.22738175393156e-06,9.721715e-05,2.4853123004042743e-08,0.009900990099009901,6.140655449699391e-05,2.2755353546643948e-05,8.792378421241536e-08,0.022282798422377872
NPTX2,0.0427864068540853,6.280406830816432e-06,9.721715e-05,2.711945430444729e-07,0.009900990099009901,7.353653523273728e-05,2.2921192813198655e-05,9.090319878585683e-07,0.022282798422377872
CDS1,0.04270642648252934,6.517768683211855e-06,9.721715e-05,3.2054248144675057e-10,0.009900990099009901,4.726858879286396e-05,2.3758573571853667e-05,1.2297026142458462e-09,0.022282798422377872
FAM124A,0.04242773248741369,7.413523092858476e-06,9.721715e-05,1.8983693206298113e-07,0.009900990099009901,6.655247819778775e-05,2.6990982134193482e-05,6.427887090168661e-07,0.022282798422377872
GRIK1,0.042332232851212986,7.746616965009778e-06,9.721715e-05,4.250347568346413e-07,0.009900990099009901,6.927976019547047e-05,2.816951623639919e-05,1.401213484070246e-06,0.022282798422377872
RTN4RL1,0.0422762927070238,7.948307419458622e-06,9.721715e-05,5.83197912185085e-09,0.009900990099009901,5.5502796152660933e-05,2.8867944622731076e-05,2.120719680673036e-08,0.022282798422377872
MYLK,0.042267434520297166,7.980700881149438e-06,9.721715e-05,2.668264776906071e-07,0.009900990099009901,7.362306010944956e-05,2.8950547331860114e-05,8.953908647335809e-07,0.022282798422377872
PPP2CA,0.04221904100353514,8.159904390403483e-06,9.721715e-05,5.6753204358273024e-08,0.009900990099009901,6.262362357867222e-05,2.9564870979722763e-05,1.9728808004034655e-07,0.022282798422377872
ARHGAP20,0.0421785791097836,8.312674347754623e-06,9.721715e-05,7.160059201094526e-08,0.009900990099009901,6.573760079439833e-05,3.0082054334455813e-05,2.463323119642612e-07,0.022282798422377872
AC023310.4,0.04216333359106979,8.370940050128617e-06,9.721715e-05,4.957210308909055e-09,0.009900990099009901,5.409086050295424e-05,3.0256409819741988e-05,1.807002542737201e-08,0.022282798422377872
CSRNP3,0.04208831625092921,8.663357789595594e-06,9.721715e-05,2.069205506938232e-08,0.009900990099009901,5.759844306542076e-05,3.1247608466278706e-05,7.354995877742531e-08,0.022282798422377872
AC005921.2,0.04208764861553621,8.66600341464796e-06,9.721715e-05,2.9224104469705026e-08,0.009900990099009901,5.72467504026398e-05,3.1247608466278706e-05,1.0314389812837068e-07,0.022282798422377872
GPSM2,0.04203047215794845,8.895453751267546e-06,9.721715e-05,1.8525021516779816e-09,0.009900990099009901,5.2792914936103e-05,3.203644808379668e-05,6.9037347267502426e-09,0.022282798422377872
WDR47,0.04202472092755601,8.918851294281716e-06,9.721715e-05,1.3529223741315377e-08,0.009900990099009901,5.626243666545244e-05,3.2082198900293936e-05,4.849184136672178e-08,0.022282798422377872
FAM19A5,0.042002851543312764,9.008358306084041e-06,9.721715e-05,2.8108301042273354e-07,0.009900990099009901,6.824986827630985e-05,3.236535918353548e-05,9.400769579355637e-07,0.022282798422377872
TSPAN13,0.04197674403276792,9.116331864178484e-06,9.721715e-05,1.6651284462376736e-08,0.009900990099009901,5.4603525092158325e-05,3.2714109560449104e-05,5.961080356459453e-08,0.022282798422377872
PPP1R26-AS1,0.04190450108401604,9.421572206291806e-06,9.721715e-05,2.220446049250313e-16,0.009900990099009901,2.849326150972916e-05,3.376907600821436e-05,1.072679250845562e-15,0.022282798422377872
ADAMTS1,0.041894524898283846,9.464480771326222e-06,9.721715e-05,4.5211978494386074e-08,0.009900990099009901,6.371135786527089e-05,3.388238939615593e-05,1.5753302611284348e-07,0.022282798422377872
UNC5A,0.04183123635752634,9.741057899637084e-06,9.721715e-05,1.789862729473235e-06,0.009900990099009901,7.559044510313218e-05,3.483095792480483e-05,5.688123080953078e-06,0.022282798422377872
AC092574.1,0.04178850135528042,9.932149351410402e-06,9.721715e-05,2.6756374893466273e-14,0.009900990099009901,3.1850290993417366e-05,3.547196196932286e-05,1.1944810220297443e-13,0.022282798422377872
OCIAD1,0.04159980211455108,1.0819432260777972e-05,9.721715e-05,2.0153481439244558e-08,0.009900990099009901,5.606558392443576e-05,3.8594883213238903e-05,7.172057451688455e-08,0.022282798422377872
PLCH1,0.04154472044629413,1.1092340357010677e-05,9.721715e-05,3.296830652921301e-08,0.009900990099009901,5.711349194251038e-05,3.9521402697187685e-05,1.1567826852355443e-07,0.022282798422377872
ASTN1,0.04147988737297106,1.1421958351576222e-05,9.721715e-05,1.3045263758115766e-08,0.009900990099009901,5.4863834649099204e-05,4.064753861770897e-05,4.6813147457353224e-08,0.022282798422377872
SEZ6L,0.0414192890099072,1.1738457773913247e-05,9.721715e-05,6.031806032424925e-08,0.009900990099009901,6.114128522552452e-05,4.172437597362529e-05,2.0919558493959275e-07,0.022282798422377872
BEST1,0.04129042580664881,1.2439460734703367e-05,9.721715e-05,1.9494551195542442e-08,0.009900990099009901,5.593780217989458e-05,4.4163765922023786e-05,6.945802088673079e-08,0.022282798422377872
KCNAB1,0.041255894525957765,1.2633967531705537e-05,9.721715e-05,4.731760205878288e-09,0.009900990099009901,5.1844033886802287e-05,4.480130330392035e-05,1.7269197831672584e-08,0.022282798422377872
GRIN2B,0.04119652903364585,1.2975139235149591e-05,9.721715e-05,1.9025458652954796e-08,0.009900990099009901,5.7560931724372274e-05,4.5956809569597136e-05,6.786727224597431e-08,0.022282798422377872
EPB41L3,0.04115469067459298,1.3220827482118835e-05,9.721715e-05,1.167724250628055e-09,0.009900990099009901,4.92247385355419e-05,4.6771795337684556e-05,4.384446497977679e-09,0.022282798422377872
LPCAT4,0.04111986238858689,1.3428718424912667e-05,9.721715e-05,9.581017090809496e-10,0.009900990099009901,4.75065680329545e-05,4.745130185481508e-05,3.6291731404581424e-09,0.022282798422377872
TXLNB,0.041086767313511005,1.3629141261906064e-05,9.721715e-05,1.3969825296555882e-11,0.009900990099009901,3.796700701004275e-05,4.810285151260964e-05,5.694222267617887e-11,0.022282798422377872
ADAM10,0.04107230896803942,1.3717590438666605e-05,9.721715e-05,2.769809492875197e-09,0.009900990099009901,5.048638632053271e-05,4.83581331562865e-05,1.0258553677315544e-08,0.022282798422377872
SGK1,0.0409472672262138,1.4505639790884928e-05,9.721715e-05,4.020883515032381e-09,0.009900990099009901,5.204467307161355e-05,5.1076196446777916e-05,1.4759907232861121e-08,0.022282798422377872
GNAL,0.04082961459977031,1.5286265619085526e-05,9.721715e-05,2.2104981189929873e-07,0.009900990099009901,6.602131716146668e-05,5.3761778261731043e-05,7.459498714262049e-07,0.022282798422377872
TMEM35A,0.04075481564907539,1.5803142080494936e-05,9.721715e-05,3.860276653888661e-09,0.009900990099009901,4.990859390116917e-05,5.545135856258579e-05,1.4192193580473018e-08,0.022282798422377872
NGB,0.04075474512095334,1.580363719033695e-05,9.721715e-05,1.0143452744415526e-09,0.009900990099009901,4.583301151500076e-05,5.545135856258579e-05,3.832538820308133e-09,0.022282798422377872
PRDM8,0.04057702520046747,1.7099168721390612e-05,9.721715e-05,2.3269290161387346e-08,0.009900990099009901,5.57000633632196e-05,5.992699318244373e-05,8.251521333825301e-08,0.022282798422377872
NOS1,0.04057110684293408,1.7144001239866036e-05,9.721715e-05,1.6766565913428622e-10,0.009900990099009901,4.303802496005312e-05,6.0014006673976786e-05,6.515504888638064e-10,0.022282798422377872
TNFRSF10B,0.04051699050588316,1.7559151251900218e-05,9.721715e-05,4.91303890870487e-06,0.009900990099009901,7.863664501217456e-05,6.139563374790286e-05,1.49635702803194e-05,0.022282798422377872
MEIS1,0.04048118630579156,1.7839049513579397e-05,9.721715e-05,6.975093946870459e-09,0.009900990099009901,4.874063044949561e-05,6.230168631052176e-05,2.524159450013435e-08,0.022282798422377872
CNTNAP1,0.04039703945263456,1.8513637470962685e-05,9.721715e-05,4.125997654647051e-09,0.009900990099009901,4.6295946776072726e-05,6.458245629405587e-05,1.5095113370659944e-08,0.022282798422377872
PLK2,0.040372250467434215,1.871693908850336e-05,9.721715e-05,7.935556489702122e-08,0.009900990099009901,5.885575124389777e-05,6.521581563938453e-05,2.7207622250407274e-07,0.022282798422377872
LCP2,0.04030855907973992,1.9249053314518427e-05,9.721715e-05,1.6188028695296452e-09,0.009900990099009901,4.610875974007268e-05,6.69920648997161e-05,6.047831393012373e-09,0.022282798422377872
IQCK,0.04013024132265857,2.0816253366917614e-05,9.721715e-05,7.328405109419123e-07,0.009900990099009901,7.068766756106412e-05,7.236241031373446e-05,2.3871026415046e-06,0.022282798422377872
SLC26A4-AS1,0.040111197511024134,2.0990603227799554e-05,9.721715e-05,3.4651700342447356e-07,0.009900990099009901,6.261038664724792e-05,7.288403898541512e-05,1.1474072961075283e-06,0.022282798422377872
PDE1A,0.03974028911799675,2.4675589821998578e-05,9.721715e-05,4.943598277407091e-07,0.009900990099009901,6.741587794681287e-05,8.558008030750952e-05,1.6261836438839115e-06,0.022282798422377872
RGS12,0.03960579075200804,2.61573603120846e-05,9.721715e-05,7.02722344758655e-08,0.009900990099009901,5.640718852424628e-05,9.061441216657482e-05,2.4203984320045525e-07,0.022282798422377872
SHOC2,0.039520972777645574,2.7134742367707076e-05,9.721715e-05,1.6570196326171072e-09,0.009900990099009901,4.3544004087141584e-05,9.389184210279266e-05,6.182909076929504e-09,0.022282798422377872
ATP10B,0.03951557980087684,2.7198042984455384e-05,9.721715e-05,1.6418983173061008e-07,0.009900990099009901,6.04580862147555e-05,9.400245271125132e-05,5.584688154102384e-07,0.022282798422377872
RHO,0.03935036519888435,2.9206460822051028e-05,9.721715e-05,3.9978576005239574e-11,0.009900990099009901,3.7029390285231285e-05,0.00010082782792422679,1.5948900002090257e-10,0.022282798422377872
WSB1,0.03934128105810447,2.9320868610072104e-05,9.721715e-05,1.027899640071439e-06,0.009900990099009901,7.030256207545425e-05,0.00010110644348300727,3.3193745104567464e-06,0.022282798422377872
ANXA3,0.0392033176273648,3.111143836087571e-05,9.721715e-05,4.493773575475757e-09,0.009900990099009901,4.583474696022388e-05,0.00010715765221886007,1.6420609898206174e-08,0.022282798422377872
ZCCHC12,0.039159224858192544,3.170519843898045e-05,9.721715e-05,3.0014965957114725e-08,0.009900990099009901,5.516073929339944e-05,0.00010907751756529971,1.0581069080063945e-07,0.022282798422377872
LINC01106,0.03904443671859633,3.3301669516316856e-05,9.721715e-05,3.5853398039353834e-07,0.009900990099009901,5.755700989102531e-05,0.0001144387268601954,1.1845836356614704e-06,0.022282798422377872
AC011603.2,0.03900667160360138,3.384333061684508e-05,9.721715e-05,4.415989218742311e-08,0.009900990099009901,5.37406507281383e-05,0.00011616703873058952,1.542254674764486e-07,0.022282798422377872
KCNH8,0.03894465533484386,3.475094905380782e-05,9.721715e-05,2.027848017838174e-06,0.009900990099009901,6.94113127355855e-05,0.00011914611104162681,6.410478454704449e-06,0.022282798422377872
PNMA3,0.03882164381944332,3.6619814875682444e-05,9.721715e-05,3.4694911569266296e-06,0.009900990099009901,7.156405946103029e-05,0.0001254103249167207,1.0763674737104331e-05,0.022282798422377872
MYO1E,0.03871525799640026,3.831236551732342e-05,9.721715e-05,1.3437688350936838e-07,0.009900990099009901,5.640609271705356e-05,0.00013105712263622606,4.5758303124643035e-07,0.022282798422377872
CCDC184,0.0386763791194668,3.894916436264495e-05,9.721715e-05,4.5174618934495925e-08,0.009900990099009901,5.4363914714467915e-05,0.00013308370511154311,1.5753302611284348e-07,0.022282798422377872
FAT3,0.03863683154592487,3.960717410900205e-05,9.721715e-05,2.3773217394662538e-08,0.009900990099009901,4.903876743243888e-05,0.00013517806863140634,8.420265901297239e-08,0.022282798422377872
STAC2,0.03859184789497921,4.036840375176709e-05,9.721715e-05,7.794680600969883e-08,0.009900990099009901,5.2612591730013225e-05,0.0001375308149782413,2.675519657083484e-07,0.022282798422377872
TMEM225B,0.03859068786055336,4.03882159986102e-05,9.721715e-05,2.0188136460319583e-06,0.019801980198019802,7.091065969213475e-05,0.0001375308149782413,6.3886507785821466e-06,0.041397868009797494
JUNB,0.038554437189366436,4.101199340078576e-05,9.721715e-05,9.203841978555616e-07,0.009900990099009901,6.451481017970859e-05,0.00013949657619314885,2.9818062565514958e-06,0.022282798422377872
PRMT8,0.03851706896070063,4.166452528442388e-05,9.721715e-05,3.799325402065179e-07,0.009900990099009901,6.245704757279797e-05,0.00014155557854277648,1.253902772958805e-06,0.022282798422377872
PDZD2,0.03842762942414268,4.326640956442418e-05,9.721715e-05,2.308397287764663e-07,0.009900990099009901,5.769816151734438e-05,0.0001468317066665979,7.781114453139313e-07,0.022282798422377872
GJA1,0.03836628618454151,4.439853605686661e-05,9.721715e-05,6.157462606459774e-08,0.009900990099009901,5.037331173445312e-05,0.00015050351205717495,2.1306098984289876e-07,0.022282798422377872
SMIM5,0.03809292352495539,4.979248239866951e-05,9.721715e-05,3.134542545524255e-07,0.009900990099009901,5.945430797824489e-05,0.00016859757019865523,1.0413762609715133e-06,0.022282798422377872
CITED2,0.038054974982262575,5.058844059513401e-05,9.721715e-05,1.0811563761259357e-05,0.009900990099009901,8.231513725983018e-05,0.00017109957360248254,3.1892518469791614e-05,0.022282798422377872
MAN1A1,0.038009557400225186,5.1556848560507795e-05,9.721715e-05,3.320467339418265e-06,0.009900990099009901,6.98617812601666e-05,0.00017417854243414796,1.032269639197388e-05,0.022282798422377872
ELOVL4,0.037996984236589405,5.1828013997057276e-05,9.721715e-05,2.5890828181385217e-07,0.009900990099009901,5.5881960769743544e-05,0.00017489768502943962,8.697926600689321e-07,0.022282798422377872
UBE2E3,0.0379850981995576,5.208559739455776e-05,9.721715e-05,1.4857068857399014e-06,0.009900990099009901,6.573332262246786e-05,0.0001755694294198576,4.7567989938310604e-06,0.022282798422377872
LRRTM1,0.03785084467422536,5.508015698785229e-05,9.721715e-05,6.079691522442587e-07,0.009900990099009901,6.1416902221056e-05,0.00018545507403317272,1.9955183651218557e-06,0.022282798422377872
TMEM87A,0.03776976765910302,5.69664976917128e-05,9.721715e-05,2.1576658204569554e-07,0.009900990099009901,5.739091763614682e-05,0.00019159135994970672,7.289411555597823e-07,0.022282798422377872
GIN1,0.037707508527222565,5.8456205951462614e-05,9.721715e-05,1.165529660118736e-06,0.009900990099009901,6.617545728207146e-05,0.00019638143096795948,3.7476837945940064e-06,0.022282798422377872
FBXO5,0.037693479053713855,5.879693158750143e-05,9.721715e-05,1.5636955346121084e-06,0.009900990099009901,6.294207901093531e-05,0.00019730513955537395,4.985214244246892e-06,0.022282798422377872
NOV,0.037471592291032384,6.444112429959681e-05,9.721715e-05,3.5174924463143853e-06,0.009900990099009901,6.773046075343533e-05,0.00021600376860200047,1.0901319565023921e-05,0.022282798422377872
CACNA2D3,0.03734349628640139,6.792810765920976e-05,9.721715e-05,6.673959740410851e-08,0.009900990099009901,5.21337344297625e-05,0.0002274378604661041,2.304013719359327e-07,0.022282798422377872
PLPP1,0.03708799141918713,7.542088662626512e-05,9.721715e-05,2.8838238863571064e-07,0.009900990099009901,5.337393046429144e-05,0.0002522437679808198,9.602077313064727e-07,0.022282798422377872
TRIM21,0.03699019999017458,7.848936035181886e-05,9.721715e-05,1.1797521182188575e-08,0.009900990099009901,4.4340967824747244e-05,0.00026221389872545275,4.238630364858171e-08,0.022282798422377872
LRRTM4,0.03690109728944113,8.138715008421116e-05,9.721715e-05,9.786344190576557e-08,0.009900990099009901,5.2699670146184786e-05,0.00027159226946900275,3.3476661997411255e-07,0.022282798422377872
SIPA1L1,0.03686263115461192,8.266899658626592e-05,9.721715e-05,3.7042214851013e-09,0.009900990099009901,3.9517574263756104e-05,0.00027556332195421973,1.3635171110802331e-08,0.022282798422377872
LINC01411,0.03677465147603049,8.567259145020323e-05,9.721715e-05,1.2309908659080548e-07,0.009900990099009901,5.208221178781886e-05,0.00028525835111055457,4.2013340133380715e-07,0.022282798422377872
HOMER1,0.036764450155511705,8.602742652452644e-05,9.721715e-05,7.201492867592307e-07,0.009900990099009901,5.655650931671716e-05,0.000286122261168048,2.3483128916061875e-06,0.022282798422377872
SHISA9,0.03674784231692603,8.660805955951201e-05,9.721715e-05,4.3586922238159076e-07,0.009900990099009901,5.6610132010153367e-05,0.00028773441714123593,1.4353541900601234e-06,0.022282798422377872
TM6SF1,0.03668185816869279,8.895156720756248e-05,9.721715e-05,2.940586694366587e-06,0.009900990099009901,6.501499764744798e-05,0.0002951932540073976,9.189333419895584e-06,0.022282798422377872
STXBP5,0.03667603019727492,8.916139570092074e-05,9.721715e-05,1.0990350362005685e-06,0.009900990099009901,5.7475364702532925e-05,0.0002955626376826102,3.5414662820641303e-06,0.022282798422377872
AP3B2,0.03657718615640763,9.27918036526254e-05,9.721715e-05,1.7371842719882125e-07,0.009900990099009901,5.244720807482905e-05,0.00030708613071050517,5.90209831932575e-07,0.022282798422377872
CRH,0.036575835151383476,9.284237351814273e-05,9.721715e-05,1.8952293068252857e-09,0.009900990099009901,3.603092813159413e-05,0.00030708613071050517,7.0542033752802196e-09,0.022282798422377872
SRRM4,0.03654002490099323,9.419227968909816e-05,9.721715e-05,3.057376651849353e-08,0.009900990099009901,4.1841297171441997e-05,0.00031120797254107326,1.0765410745948427e-07,0.022282798422377872
DEPP1,0.03636829241645956,0.00010092620505341987,9.721715e-05,2.470415370159351e-06,0.009900990099009901,6.003694672265377e-05,0.0003330897856548511,7.760467131390632e-06,0.022282798422377872
TFEB,0.03631847093758498,0.00010296286158295587,9.721715e-05,1.3335256687785346e-07,0.009900990099009901,4.960646027580215e-05,0.0003394380052185358,4.546110234472277e-07,0.022282798422377872
OLMALINC,0.036276808125420286,0.00010469557422476683,9.721715e-05,6.444982791897758e-08,0.009900990099009901,4.788596259384131e-05,0.0003447713750541169,2.2275286147112066e-07,0.022282798422377872
FAXC,0.03613170077482998,0.00011094660853350202,9.721715e-05,7.431689930115226e-06,0.009900990099009901,6.620464679606894e-05,0.0003649559491233619,2.2339749288923524e-05,0.022282798422377872
SYNE1,0.03603066515208975,0.00011550419495776065,9.721715e-05,8.428877159571968e-07,0.009900990099009901,5.305078826050509e-05,0.0003795318563781839,2.739613377975721e-06,0.022282798422377872
BHLHE40,0.03589068965564496,0.00012210922450806017,9.721715e-05,7.012750946611135e-08,0.009900990099009901,4.714084880224717e-05,0.00040079614171135725,2.4181899815900465e-07,0.022282798422377872
GABRA4,0.03584819578924591,0.00012418346280829162,9.721715e-05,2.8599356549641186e-07,0.009900990099009901,5.128729460130259e-05,0.00040715889445341516,9.543722986532096e-07,0.022282798422377872
SERPINF1,0.035746995182910274,0.00012925716818334987,9.721715e-05,3.732417742208227e-06,0.009900990099009901,6.367220651384695e-05,0.0004233313368450323,1.153167170610163e-05,0.022282798422377872
CD4,0.035715855159531434,0.00013085707166471394,9.721715e-05,3.577735627757761e-07,0.009900990099009901,5.238384782641303e-05,0.00042810383314519285,1.1833745185527325e-06,0.022282798422377872
VPS4B,0.03568562130489244,0.00013242816690883785,9.721715e-05,5.1426920610886384e-08,0.009900990099009901,4.867823844516834e-05,0.0004327717872837838,1.7898000212605471e-07,0.022282798422377872
AL078601.2,0.03565148102678824,0.000134223510542264,9.721715e-05,0.00032920525083768304,0.039603960396039604,0.00010043720443906207,0.0004381616230977062,0.0008521274827550037,0.07577288341079007
CUL2,0.03558827459390642,0.0001376077338817172,9.721715e-05,2.3828368589384752e-07,0.009900990099009901,5.3729692181327656e-05,0.0004487208713534257,8.023019727065574e-07,0.022282798422377872
SLC25A12,0.035582354799667294,0.00013792875627804957,9.721715e-05,4.105361828266041e-09,0.009900990099009901,3.668043848864819e-05,0.0004492793364105849,1.503795541489392e-08,0.022282798422377872
ICA1,0.03552914942138487,0.00014084567866357034,9.721715e-05,9.962626998927249e-07,0.009900990099009901,5.6499368021111824e-05,0.000458283119295782,3.220676831549757e-06,0.022282798422377872
IGFBP2,0.03546477730790421,0.00014445207213231726,9.721715e-05,8.287596012124254e-06,0.009900990099009901,6.581843384424221e-05,0.00046950836012670834,2.477792032977246e-05,0.022282798422377872
C3,0.035438656616546604,0.00014593998895062743,9.721715e-05,1.862647182715449e-06,0.009900990099009901,5.459548193064428e-05,0.00047383113295658256,5.913165659414123e-06,0.022282798422377872
CTGF,0.035429589194745814,0.00014645984607208895,9.721715e-05,3.387633377149868e-07,0.009900990099009901,5.1106296363701986e-05,0.00047500490617974795,1.1229723902154258e-06,0.022282798422377872
ACSL6,0.03532990796421001,0.00015229031782504343,9.721715e-05,5.151599390074146e-06,0.009900990099009901,6.536624793078797e-05,0.0004933811592603999,1.5626691779800242e-05,0.022282798422377872
AC005944.1,0.03522635316991619,0.00015857706446886777,9.721715e-05,2.1447279162645216e-06,0.009900990099009901,5.8694589049864574e-05,0.000513194383394394,6.765703205881771e-06,0.022282798422377872
PRKCA,0.035187998350910014,0.00016096660301867516,9.721715e-05,9.930821200931916e-07,0.009900990099009901,5.448125769828643e-05,0.0005203661735517516,3.213857993829099e-06,0.022282798422377872
SLC29A4,0.03515927221936576,0.00016277829411825984,9.721715e-05,5.8506683719983243e-08,0.009900990099009901,4.442158862953655e-05,0.0005254182085920949,2.0314820736105295e-07,0.022282798422377872
NXPE3,0.0351576740596364,0.00016287964466354943,9.721715e-05,2.7361532819458745e-06,0.009900990099009901,5.684745742287756e-05,0.0005254182085920949,8.56832969294115e-06,0.022282798422377872
DOLPP1,0.03514800444886683,0.00016349412344507375,9.721715e-05,8.741248709309701e-07,0.009900990099009901,5.3824760546996216e-05,0.0005268339101345018,2.834999581397741e-06,0.022282798422377872
SMAD3,0.0351161790779011,0.00016553189884538355,9.721715e-05,1.913879828285836e-06,0.009900990099009901,5.899071734595762e-05,0.000532828000575269,6.069386347629501e-06,0.022282798422377872
TRMT9B,0.03508644006558455,0.00016745754400726565,9.721715e-05,6.396491810667371e-07,0.009900990099009901,4.9671650090454564e-05,0.0005380827707613,2.0926363611779842e-06,0.022282798422377872
DEXI,0.03508543324304559,0.00016752310263035142,9.721715e-05,3.1495642383028155e-07,0.009900990099009901,4.990323162212712e-05,0.0005380827707613,1.045209371118191e-06,0.022282798422377872
FOSL2,0.03507304797293056,0.00016833152895801007,9.721715e-05,2.539609855745084e-09,0.009900990099009901,3.6770836039707247e-05,0.0005401011624321179,9.429244513905017e-09,0.022282798422377872
AC016597.1,0.03504228881107816,0.0001703550954630373,9.721715e-05,1.1148725048704122e-06,0.009900990099009901,5.248845241220452e-05,0.0005460099213558887,3.5886454019433873e-06,0.022282798422377872
ISOC1,0.034963293356826186,0.00017565676329789337,9.721715e-05,1.8378389983197962e-05,0.009900990099009901,6.94970572536462e-05,0.0005624015900679616,5.296365989394226e-05,0.022282798422377872
SERTM1,0.03494546874376069,0.00017687418786804798,9.721715e-05,1.6016822337316938e-06,0.009900990099009901,5.450454110360302e-05,0.0005656956968061236,5.1008988335404266e-06,0.022282798422377872
FRY,0.03489134850517349,0.000180619139524274,9.721715e-05,1.132652552870983e-05,0.009900990099009901,6.818698390924793e-05,0.0005770579537516741,3.328068225869686e-05,0.022282798422377872
ZNF385B,0.03488515944489022,0.00018105209587071514,9.721715e-05,8.191148984648677e-07,0.009900990099009901,5.3968248168406434e-05,0.0005778258378852611,2.6652328583455567e-06,0.022282798422377872
SH3TC2,0.034861582559875495,0.0001827103248839279,9.721715e-05,2.5202500130161454e-06,0.009900990099009901,5.535775197062409e-05,0.0005824983790135853,7.908734350469076e-06,0.022282798422377872
IGSF11,0.034842330479179735,0.00018407489869354254,9.721715e-05,3.094069819242762e-07,0.009900990099009901,4.728181057332141e-05,0.0005862257920176514,1.0290697846705415e-06,0.022282798422377872
SLITRK1,0.03473406101656291,0.0001919281063746947,9.721715e-05,1.0965074626279048e-05,0.009900990099009901,6.3916867535595e-05,0.0006105878251580955,3.2313579448759476e-05,0.022282798422377872
RPRM,0.03436331468215086,0.00022125571285591672,9.721715e-05,4.155923975734943e-06,0.009900990099009901,5.99184377375745e-05,0.0007031431552624473,1.2748233054401665e-05,0.022282798422377872
SEZ6,0.03429586312141655,0.00022702188696277492,9.721715e-05,2.4571612797785747e-06,0.009900990099009901,5.087648883073558e-05,0.0007207044030564284,7.726922263454637e-06,0.022282798422377872
CYP26B1,0.03429024588876519,0.00022750835452101104,9.721715e-05,1.7205393511021683e-06,0.009900990099009901,5.34463860648396e-05,0.0007214852680370328,5.473614054407746e-06,0.022282798422377872
PRPS2,0.03423408177483729,0.00023242609340390352,9.721715e-05,7.264209345159145e-09,0.009900990099009901,3.769827742342108e-05,0.0007363023022298951,2.625617835599691e-08,0.022282798422377872
GGCT,0.034220481747502564,0.00023363173897128497,9.721715e-05,4.044486902943234e-06,0.009900990099009901,6.0617703791307906e-05,0.0007393409461116614,1.2431824496751744e-05,0.022282798422377872
SATB2,0.034211405649148575,0.0002344395806367361,9.721715e-05,1.2848638463847095e-05,0.009900990099009901,6.49258699576327e-05,0.0007411156395260361,3.764249549955204e-05,0.022282798422377872
KIAA1211L,0.034205153170728766,0.00023499761384471185,9.721715e-05,5.965326851375963e-07,0.009900990099009901,5.047826565843756e-05,0.000742097727930669,1.9601293049428134e-06,0.022282798422377872
FZD3,0.03417517116550315,0.00023769076476487516,9.721715e-05,1.8220612410413395e-05,0.009900990099009901,6.57056804496335e-05,0.0007498131380595431,5.2559458876192486e-05,0.022282798422377872
NOVA1,0.0341276092554142,0.00024202216966251466,9.721715e-05,1.539748671564034e-06,0.009900990099009901,5.540442064152144e-05,0.0007626749043986806,4.915755307775088e-06,0.022282798422377872
PAM,0.034105726256064006,0.00024403965500918723,9.721715e-05,2.984510349524072e-06,0.009900990099009901,5.278516385959576e-05,0.0007682234722945254,9.316889748774419e-06,0.022282798422377872
RFTN1,0.03410296795780551,0.00024429506418965907,9.721715e-05,9.572427968174146e-06,0.009900990099009901,6.43732074620576e-05,0.0007682234722945254,2.840483076609539e-05,0.022282798422377872
TGM2,0.03409647172611739,0.00024489757872403484,9.721715e-05,1.392828039570304e-06,0.009900990099009901,5.171663020088838e-05,0.0007693117656252402,4.464192434520205e-06,0.022282798422377872
SACS,0.0340891288506164,0.0002455802863640111,9.721715e-05,3.16049087700776e-06,0.009900990099009901,5.628518154329399e-05,0.0007706494341966875,9.856000655949355e-06,0.022282798422377872
FCHO2,0.0340671263976265,0.0002476366171937361,9.721715e-05,3.531183079275024e-08,0.009900990099009901,4.147638180444439e-05,0.0007762903360305206,1.2361200977625523e-07,0.022282798422377872
PRIMA1,0.03401955484925096,0.000252137618579229,9.721715e-05,1.3910248221060684e-06,0.009900990099009901,5.5364853955551204e-05,0.0007895750059892349,4.46318124739915e-06,0.022282798422377872
PIP4K2C,0.033997552535276164,0.0002542450692264442,9.721715e-05,1.5382747052816725e-06,0.009900990099009901,5.0863261778874664e-05,0.0007953443250045178,4.915755307775088e-06,0.022282798422377872
DOCK4,0.03397284782824052,0.00025663092819439015,9.721715e-05,1.804166994689993e-07,0.009900990099009901,4.699692122329979e-05,0.0008019716506074692,6.122738669762419e-07,0.022282798422377872
SYT17,0.03393317551573071,0.00026050599389315643,9.721715e-05,2.542394164084527e-07,0.009900990099009901,4.713827692107569e-05,0.0008132341120493956,8.550653018221504e-07,0.022282798422377872
SDC3,0.03389829689376248,0.00026395780572641137,9.721715e-05,4.036409476992908e-06,0.009900990099009901,5.970277166164841e-05,0.0008231532403110542,1.2419721467670487e-05,0.022282798422377872
ZNF23,0.03386104657280079,0.00026769137446780444,9.721715e-05,6.08633101362166e-07,0.009900990099009901,4.50150695823594e-05,0.0008339295154760263,1.9955183651218557e-06,0.022282798422377872
MEPE,0.0338281086555823,0.000271033647402108,9.721715e-05,7.65089526510998e-06,0.009900990099009901,5.9665284332285925e-05,0.0008434657076829086,2.295268579532994e-05,0.022282798422377872
MUCL1,0.033686031118554983,0.0002859009437363724,9.721715e-05,2.1080202472600895e-05,0.009900990099009901,6.44273231254682e-05,0.0008888112240508988,6.0633372404412924e-05,0.022282798422377872
CELF5,0.0336826591602196,0.0002862628476124618,9.721715e-05,8.792956907810456e-06,0.009900990099009901,5.742904518417749e-05,0.0008890150546970863,2.6169514606578738e-05,0.022282798422377872
TP53I11,0.03353770344551232,0.0003022300313488824,9.721715e-05,7.937605920216306e-06,0.009900990099009901,5.765004408536478e-05,0.0009376319483419308,2.3789028731917e-05,0.022282798422377872
OLFML2B,0.03346386693732405,0.0003106782878249392,9.721715e-05,0.00025398928728814774,0.009900990099009901,8.884029172474771e-05,0.0009628459333417539,0.0006631574080630489,0.022282798422377872
TNFRSF25,0.03345386479407743,0.00031183946881796487,9.721715e-05,1.078058125758563e-05,0.009900990099009901,5.923924476067356e-05,0.0009654472718822442,3.183242497318592e-05,0.022282798422377872
JUN,0.03332609686533692,0.00032703206475070967,9.721715e-05,3.641557161704334e-06,0.009900990099009901,5.655828188107266e-05,0.001011439375517659,1.126254792279691e-05,0.022282798422377872
KIF17,0.03328291009501374,0.00033232104389657735,9.721715e-05,6.0226428535425924e-06,0.009900990099009901,6.042458509822944e-05,0.0010267385496289722,1.8250432889523008e-05,0.022282798422377872
VLDLR,0.03317786913923901,0.00034551892262302264,9.721715e-05,1.1904715693233925e-06,0.009900990099009901,4.906237673361443e-05,0.0010664164278488353,3.823784483908113e-06,0.022282798422377872
ST8SIA5,0.03314092298919665,0.0003502756844993016,9.721715e-05,4.07542680225248e-06,0.009900990099009901,5.804865113663996e-05,0.001079986694242451,1.2514104817561351e-05,0.022282798422377872
TMEM65,0.033131456990549396,0.00035150417362261877,9.721715e-05,1.5871303037817697e-05,0.009900990099009901,6.768458482351503e-05,0.0010826617257370188,4.5959371731132324e-05,0.022282798422377872
DOC2B,0.033117596156233796,0.0003533102459222226,9.721715e-05,6.406166050632045e-06,0.009900990099009901,5.5632824215765305e-05,0.001087108448991454,1.937348604021788e-05,0.022282798422377872
ASGR1,0.03300725127329418,0.0003679988122257116,9.721715e-05,4.02885649408713e-06,0.009900990099009901,5.436042334846738e-05,0.001131143890038048,1.2409208914026067e-05,0.022282798422377872
BUB3,0.032893245560590714,0.000383768912313065,9.721715e-05,2.836454824350909e-07,0.009900990099009901,4.780478669402639e-05,0.0011784101708691862,9.475906985582101e-07,0.022282798422377872
KLF10,0.03287259540633057,0.00038669165657900795,9.721715e-05,8.092984828289573e-06,0.009900990099009901,5.382958310449336e-05,0.0011861707257024784,2.423049349787297e-05,0.022282798422377872
DAPK1,0.03284947413798655,0.0003899886676270725,9.721715e-05,3.2095078159599666e-06,0.009900990099009901,4.771793234617647e-05,0.001194018713701277,9.998466716386189e-06,0.022282798422377872
TMEM158,0.03284907289488263,0.0003900461131424171,9.721715e-05,6.378528282224849e-07,0.009900990099009901,4.4651577625714624e-05,0.001194018713701277,2.0890376470168717e-06,0.022282798422377872
DACT1,0.03283122442063819,0.00039260941900776114,9.721715e-05,1.0489249678169443e-05,0.009900990099009901,5.814623692169018e-05,0.0012006404251001868,3.100270840838259e-05,0.022282798422377872
RNF175,0.03274194950996091,0.00040566695412791454,9.721715e-05,1.3557878585701566e-05,0.009900990099009901,6.464444945067825e-05,0.0012393084138327328,3.964291984123265e-05,0.022282798422377872
KCNA1,0.032644160557793615,0.0004204315067679598,9.721715e-05,2.036873396282779e-06,0.009900990099009901,4.975519295242806e-05,0.0012831073451718001,6.432231777735092e-06,0.022282798422377872
PTPRO,0.032598582187582596,0.00042748203813280927,9.721715e-05,4.503817605416849e-06,0.009900990099009901,5.400853458028466e-05,0.0013032988967463697,1.3745119853764544e-05,0.022282798422377872
C18orf54,0.03258698141890624,0.00042929398774893546,9.721715e-05,3.5731852056630764e-05,0.009900990099009901,6.84298704393251e-05,0.001307494378930768,0.0001008424799340473,0.022282798422377872
PLEKHG5,0.03248533403650416,0.0004454778536302495,9.721715e-05,7.447724367781738e-06,0.009900990099009901,5.376092741197626e-05,0.001354594940273186,2.23655386419872e-05,0.022282798422377872
PPFIBP1,0.03248419890965781,0.0004456617353498782,9.721715e-05,0.0001009122556190345,0.009900990099009901,7.558372578425573e-05,0.001354594940273186,0.0002752152425973668,0.022282798422377872
CCDC85A,0.0324274936725591,0.00045493759534209754,9.721715e-05,2.40586648203589e-06,0.009900990099009901,5.462781141398941e-05,0.0013813894595407822,7.573556606618752e-06,0.022282798422377872
FAM84B,0.03236695110024645,0.0004650384372487659,9.721715e-05,1.8232855814037663e-07,0.009900990099009901,4.398724123325961e-05,0.0014106322666797753,6.180629089504293e-07,0.022282798422377872
AL031963.3,0.0323467521551751,0.0004684543638341365,9.721715e-05,2.6752657499629073e-05,0.009900990099009901,6.398781790208385e-05,0.0014195586782852622,7.636343720160535e-05,0.022282798422377872
ZG16B,0.03231352728853589,0.00047412376304556414,9.721715e-05,5.902868043750065e-05,0.009900990099009901,6.450682137855039e-05,0.001435288889138943,0.00016381687447965026,0.022282798422377872
PNOC,0.032283934168453855,0.00047922689982338174,9.721715e-05,1.5402699964361943e-06,0.009900990099009901,4.901838998807238e-05,0.0014492748986594205,4.915755307775088e-06,0.022282798422377872
FAM178B,0.03212064446918589,0.0005083117377480129,9.721715e-05,6.57230377010265e-07,0.009900990099009901,4.7054487934146206e-05,0.0015356850083021536,2.145474571306632e-06,0.022282798422377872
TNNT2,0.03201723542380934,0.0005275668386531818,9.721715e-05,7.014035826591325e-06,0.009900990099009901,5.74223184886888e-05,0.0015922540402007498,2.112661393551604e-05,0.022282798422377872
PLPPR4,0.03190643212246339,0.0005489461661228878,9.721715e-05,2.635989764965263e-05,0.009900990099009901,5.870091869035577e-05,0.0016551140687122246,7.545772227953998e-05,0.022282798422377872
UAP1L1,0.03188498787237003,0.0005531752319581917,9.721715e-05,9.050192220971809e-06,0.009900990099009901,5.881172003906149e-05,0.0016661904577053967,2.690840105343452e-05,0.022282798422377872
MBNL3,0.03186976311891953,0.0005561960033538815,9.721715e-05,2.86721531184142e-07,0.009900990099009901,4.171323898717534e-05,0.0016736088365713587,9.557384372804734e-07,0.022282798422377872
DLX6-AS1,0.03183905657243322,0.0005623350025061313,9.721715e-05,1.9269808149147138e-07,0.009900990099009901,4.167017120941335e-05,0.0016903857790765472,6.51740974604751e-07,0.022282798422377872
MAFB,0.031782645578868195,0.0005737764943313239,9.721715e-05,5.1304346335712125e-06,0.009900990099009901,5.061253349167014e-05,0.0017230525355295013,1.557824281448749e-05,0.022282798422377872
SHB,0.03175322191638077,0.00057982933870937,9.721715e-05,2.804513338228176e-07,0.009900990099009901,4.14320363342158e-05,0.00173948801612811,9.390111623531839e-07,0.022282798422377872
ABCC8,0.03174657104467884,0.0005812056647044317,9.721715e-05,3.58525966004386e-06,0.009900990099009901,5.221035999024551e-05,0.0017418751189943007,1.1099875108494922e-05,0.022282798422377872
ARHGAP6,0.0317431154069523,0.0005819219628621086,9.721715e-05,3.303874078097735e-06,0.009900990099009901,4.9188784554647123e-05,0.0017422813259344568,1.0281765803208718e-05,0.022282798422377872
FAM49A,0.03173223060292848,0.0005841835433094689,9.721715e-05,2.3267063200327343e-05,0.009900990099009901,5.903162751692332e-05,0.0017457368192770036,6.673153881547039e-05,0.022282798422377872
MAT2B,0.03173195975375687,0.0005842399221847039,9.721715e-05,8.344275204674734e-05,0.009900990099009901,6.65684694179722e-05,0.0017457368192770036,0.00023008111777595772,0.022282798422377872
GCFC2,0.03166075726631969,0.0005992367845812918,9.721715e-05,4.849555234720526e-06,0.009900990099009901,5.196211222356485e-05,0.0017887665211381845,1.4785229374147946e-05,0.022282798422377872
RNF111,0.03165689817544633,0.0006000596691643212,9.721715e-05,5.073449236170369e-06,0.009900990099009901,5.123893624303823e-05,0.0017894423533727274,1.5420818347022398e-05,0.022282798422377872
CASQ1,0.031604819983469326,0.0006112670231790407,9.721715e-05,1.1339786953890041e-05,0.009900990099009901,5.872674262728437e-05,0.0018210536936813526,3.3287045852906184e-05,0.022282798422377872
TOMM34,0.031532304958027835,0.0006271946473735968,9.721715e-05,3.553186716631629e-05,0.009900990099009901,6.184206672737148e-05,0.0018666507362309426,0.00010037250611953755,0.022282798422377872
PDGFRA,0.031483313003266504,0.0006381714950363104,9.721715e-05,8.770977282024361e-06,0.009900990099009901,5.231131953084781e-05,0.001897437547184273,2.613002169421359e-05,0.022282798422377872
PDHA1,0.03143244856707704,0.0006497553037810855,9.721715e-05,2.635321050381556e-06,0.009900990099009901,5.052379424625629e-05,0.0019299662488547094,8.261194515302683e-06,0.022282798422377872
SLIT2,0.031346197398549804,0.0006698425113143003,9.721715e-05,8.299817642165586e-06,0.009900990099009901,5.390468754269164e-05,0.001987663238321366,2.477792032977246e-05,0.022282798422377872
RNF19B,0.03121459879585118,0.0007015970158127383,9.721715e-05,1.854567109349503e-05,0.009900990099009901,5.8571179003442716e-05,0.0020798330508282757,5.339444652637725e-05,0.022282798422377872
PAK2,0.031198918525137332,0.0007054718017616146,9.721715e-05,8.300603310473775e-06,0.009900990099009901,4.9292497638588176e-05,0.0020892550891262033,2.477792032977246e-05,0.022282798422377872
IPO7,0.031156301579946106,0.0007161028723540186,9.721715e-05,8.714324408620744e-05,0.009900990099009901,6.440230059120356e-05,0.00211864755134325,0.00023918548239581182,0.022282798422377872
CHRNB2,0.031139839042107327,0.0007202489534355871,9.721715e-05,4.260449960713508e-06,0.009900990099009901,4.668193498961467e-05,0.002128814640696317,1.302889896242663e-05,0.022282798422377872
UBR3,0.030981930325113642,0.0007611572773730257,9.721715e-05,1.6978368180153858e-05,0.009900990099009901,5.7252094609879284e-05,0.0022475116457864935,4.9070428266340634e-05,0.022282798422377872
SAPCD2,0.030938237178562488,0.0007728487469540468,9.721715e-05,9.461866555926512e-06,0.009900990099009901,5.6500983296916524e-05,0.0022783278496741302,2.8104554126514392e-05,0.022282798422377872
ADAM22,0.030937258214372623,0.0007731125836560881,9.721715e-05,8.487801205414591e-05,0.009900990099009901,6.153322056313738e-05,0.0022783278496741302,0.00023381550969895796,0.022282798422377872
RASL10A,0.030893886418850075,0.0007848851235456866,9.721715e-05,2.3784438329954583e-06,0.009900990099009901,4.8246677788469025e-05,0.0023107510997419627,7.4950961123806455e-06,0.022282798422377872
TCERG1L,0.030671608592160053,0.0008478513110933283,9.721715e-05,1.3332817248135065e-05,0.009900990099009901,5.0007002520749056e-05,0.002493680326745083,3.9022879750639213e-05,0.022282798422377872
EBNA1BP2,0.030657768151503367,0.0008519216413710451,9.721715e-05,1.6481729039674597e-05,0.009900990099009901,5.245637977638902e-05,0.0025031977709237367,4.7680990471575496e-05,0.022282798422377872
UBXN10,0.030588622373995542,0.000872527209872076,9.721715e-05,3.337757963461918e-06,0.009900990099009901,4.494442526401876e-05,0.002561234471248755,1.0365707961061856e-05,0.022282798422377872
ADRB1,0.03054117313531222,0.0008869312383881223,9.721715e-05,3.052067075848264e-05,0.009900990099009901,5.604259901494323e-05,0.002600971373572206,8.662442031735848e-05,0.022282798422377872
KHDRBS2,0.03050625640360671,0.0008976700720257913,9.721715e-05,1.3589081770182254e-05,0.009900990099009901,5.097055952806375e-05,0.00262811886881075,3.9695467683102984e-05,0.022282798422377872
CISH,0.03050538172073438,0.0008979406135103396,9.721715e-05,1.4077184496308348e-05,0.009900990099009901,5.470839731369996e-05,0.00262811886881075,4.10015082416748e-05,0.022282798422377872
NPPA,0.03048188620593104,0.0009052359352830219,9.721715e-05,5.29511287463702e-05,0.009900990099009901,5.7494090564362855e-05,0.0026468886996579588,0.0001473593564370228,0.022282798422377872
SYNC,0.03043987400053605,0.000918416590879878,9.721715e-05,4.323281708962234e-06,0.009900990099009901,4.761705550917401e-05,0.0026828138000385923,1.3207581595607641e-05,0.022282798422377872
ALAS1,0.0304141986403943,0.0009265584028602669,9.721715e-05,2.6517283651550372e-05,0.009900990099009901,5.709473689495607e-05,0.0027039642106817126,7.583589223512975e-05,0.022282798422377872
COQ10B,0.030256570903305694,0.0009780135483317132,9.721715e-05,8.567412616566905e-06,0.009900990099009901,4.953913205076242e-05,0.0028513514528621373,2.5548944184593157e-05,0.022282798422377872
JPH1,0.030154190643101493,0.0010128256583357143,9.721715e-05,9.313727888926593e-08,0.009900990099009901,3.690363903771817e-05,0.0029499776456380026,3.189632838673491e-07,0.022282798422377872
EPB41L2,0.03004973670009605,0.0010495115072755024,9.721715e-05,2.4703444025941934e-05,0.009900990099009901,5.2405016465827654e-05,0.003053864715641617,7.078350723765597e-05,0.022282798422377872
SNX22,0.03000325243068429,0.0010662260848448568,9.721715e-05,0.0001824377566063129,0.009900990099009901,6.83571077373018e-05,0.0030994944326885373,0.00048434802638844135,0.022282798422377872
ADAMTS14,0.029932033400783747,0.0010923085972478486,9.721715e-05,7.532310757907279e-05,0.009900990099009901,5.5340110747945735e-05,0.0031697692237968957,0.00020826665690066207,0.022282798422377872
SMIM10L2A,0.0299314793164076,0.0010925137924686634,9.721715e-05,2.9217129381420293e-06,0.009900990099009901,4.4354160702776725e-05,0.0031697692237968957,9.139873633395295e-06,0.022282798422377872
CTNNA3,0.02992622902285032,0.0010944598989961474,9.721715e-05,1.4095480619147338e-05,0.009900990099009901,4.8911400481084676e-05,0.0031723475333221667,4.101497755329002e-05,0.022282798422377872
CALD1,0.02990310343548792,0.0011030696515530458,9.721715e-05,0.00013114876822672983,0.009900990099009901,6.550991876575441e-05,0.0031942171377018704,0.00035097797027670787,0.022282798422377872
NKX2-2,0.0298944770102405,0.001106297170476278,9.721715e-05,2.8138804180621868e-05,0.009900990099009901,5.6531660125201787e-05,0.003200473974376889,8.001555691172095e-05,0.022282798422377872
PTPRF,0.029838435440475576,0.0011274763675455102,9.721715e-05,4.1727889323883716e-06,0.009900990099009901,4.3784883401203066e-05,0.0032586022183396252,1.2786891519065491e-05,0.022282798422377872
MPPED2,0.029785947959876123,0.0011476486533629204,9.721715e-05,3.8445056986136095e-05,0.009900990099009901,5.7326641012424435e-05,0.0033137112224145924,0.00010809294372859258,0.022282798422377872
EIF2A,0.02975061807090302,0.0011614124171264173,9.721715e-05,1.3660628522593754e-05,0.009900990099009901,5.3917952516838935e-05,0.0033502281263262036,3.986564743947594e-05,0.022282798422377872
SLC9A7,0.029746411115138965,0.0011630613899618059,9.721715e-05,4.039551816248377e-05,0.009900990099009901,5.239352570998875e-05,0.0033517619307256654,0.0001130471590368016,0.022282798422377872
DPF1,0.029690003089673307,0.0011853793537516255,9.721715e-05,3.1338649640333394e-05,0.009900990099009901,4.972752250306661e-05,0.0034100881601349443,8.886195550189053e-05,0.022282798422377872
AKIRIN2,0.02968951545943651,0.0011855739836735824,9.721715e-05,3.875684966070381e-06,0.009900990099009901,4.495100369784213e-05,0.0034100881601349443,1.1960288906233493e-05,0.022282798422377872
FRMD4B,0.029661945631312154,0.0011966257534641311,9.721715e-05,0.00023038027260369187,0.009900990099009901,6.628269083551848e-05,0.003436004208175318,0.0006052021171725706,0.022282798422377872
IQGAP1,0.02966132704975814,0.001196874799181069,9.721715e-05,0.00024048843562907152,0.009900990099009901,7.154963893016399e-05,0.003436004208175318,0.0006306514920342784,0.022282798422377872
PHLDA2,0.029626326621906757,0.0012110437795809226,9.721715e-05,3.921371832227294e-05,0.009900990099009901,5.661238384420794e-05,0.0034733569204041755,0.00011015089416368803,0.022282798422377872
SYNGAP1,0.029599903163825197,0.0012218421240883792,9.721715e-05,1.1063274822253888e-05,0.009900990099009901,5.2786662279388956e-05,0.003500980298247505,3.257097592420183e-05,0.022282798422377872
HNRNPH1,0.029592321177363438,0.0012249568460730442,9.721715e-05,0.00013632183804968,0.009900990099009901,6.464882833778005e-05,0.0035065558570793252,0.00036384832219665483,0.022282798422377872
LRRC8B,0.02951659688253224,0.0012564658780334081,9.721715e-05,1.0426620001058318e-05,0.009900990099009901,4.748154125553658e-05,0.003593324722688488,3.084798816881159e-05,0.022282798422377872
NOL4,0.029502909887852605,0.0012622395603990588,9.721715e-05,1.0316706219204441e-05,0.009900990099009901,4.9164287282027044e-05,0.003606398743997311,3.0552930560329044e-05,0.022282798422377872
LZTS1,0.02943190498952581,0.0012925834558408233,9.721715e-05,7.236363940288371e-06,0.009900990099009901,4.609547026757893e-05,0.0036895817007825595,2.1774415066063302e-05,0.022282798422377872
MAGEE1,0.029393992558034095,0.0013090570755359687,9.721715e-05,0.000119933062337374,0.009900990099009901,6.15692296867617e-05,0.003733052496775576,0.0003238516534762574,0.022282798422377872
ADRA1D,0.029371525974608684,0.0013189095476692225,9.721715e-05,1.2352875772725369e-05,0.009900990099009901,5.48541048695184e-05,0.003757577058886674,3.622544214875474e-05,0.022282798422377872
GABRP,0.02935097565607669,0.001327980971997822,9.721715e-05,3.974987640908978e-05,0.019801980198019802,5.599301756711344e-05,0.0037798319886086012,0.00011155250629304895,0.041397868009797494
ANKRD54,0.029240896995553295,0.0013775506297702966,9.721715e-05,6.929907367725363e-06,0.009900990099009901,4.633766329061778e-05,0.0039172055822852036,2.0894193068518682e-05,0.022282798422377872
FAM174A,0.029225413894925365,0.0013846568463637965,9.721715e-05,3.147787696733406e-05,0.009900990099009901,5.554554917250703e-05,0.003933684222624422,8.90883310396247e-05,0.022282798422377872
CHST6,0.029158019506215275,0.0014159803083345635,9.721715e-05,0.0005467097031703894,0.019801980198019802,7.540011116546984e-05,0.004018865586569244,0.0013852441803303786,0.041397868009797494
TRAPPC10,0.029037979665365265,0.0014733792513477173,9.721715e-05,2.133792144154434e-05,0.019801980198019802,5.0751102818583125e-05,0.004177823964123962,6.131586621133431e-05,0.041397868009797494
NRIP1,0.029028130095857654,0.0014781819791847006,9.721715e-05,1.5680334978118715e-05,0.009900990099009901,4.849932051557002e-05,0.0041874843602966024,4.545024631338758e-05,0.022282798422377872
UBR1,0.02894991999664187,0.0015168278604388297,9.721715e-05,0.00026170047740103897,0.009900990099009901,6.217093677747834e-05,0.00429290903897782,0.000681511659898539,0.022282798422377872
ICAM5,0.028927553827027712,0.001528047863374904,9.721715e-05,3.5872435653283574e-05,0.009900990099009901,5.3501635221874824e-05,0.004320587738100576,0.0001011440854885815,0.022282798422377872
FOXJ1,0.028908757527190375,0.0015375355160806015,9.721715e-05,1.748314201699408e-05,0.0297029702970297,5.1810572434200614e-05,0.004343320666894354,5.0480679548587334e-05,0.0594059405940594
MT1H,0.02890107618474026,0.001541428202409989,9.721715e-05,0.00012136818780028591,0.019801980198019802,6.404608187030106e-05,0.004350220702944466,0.00032684431184996205,0.041397868009797494
SLC25A46,0.02888107380571597,0.0015516070477934463,9.721715e-05,0.0002179805293666126,0.009900990099009901,6.306379476165317e-05,0.004374831901673251,0.0005746411143232318,0.022282798422377872
ACTL6B,0.028844187397305713,0.0015705387321088837,9.721715e-05,6.128286173656683e-05,0.009900990099009901,5.623646635351798e-05,0.004424052766503898,0.00016991551313281006,0.022282798422377872
ZNF630,0.02882231574526172,0.0015818634077174876,9.721715e-05,0.00013507410653890162,0.009900990099009901,5.9839718502815154e-05,0.004449626024987484,0.00036083910918673626,0.022282798422377872
TRIB2,0.02882092954216166,0.0015825836562205486,9.721715e-05,6.473303067333624e-05,0.009900990099009901,5.861476237793488e-05,0.004449626024987484,0.000179150453892997,0.022282798422377872
CPNE8,0.02866856898638605,0.001663594114195921,9.721715e-05,0.0001593670259133484,0.009900990099009901,6.54027319377025e-05,0.004673017174707643,0.00042497873576892903,0.022282798422377872
MEGF8,0.02859411601392043,0.0017045390225123302,9.721715e-05,8.617558924162161e-05,0.009900990099009901,5.2757376649690674e-05,0.004783551980857803,0.00023696312348750213,0.022282798422377872
LAMB1,0.028562768332552002,0.0017220512896226614,9.721715e-05,0.00010489962804149933,0.009900990099009901,5.871939773279302e-05,0.004823673080175522,0.0002855706752490907,0.022282798422377872
TDRD9,0.028542931904418214,0.0017332172776196586,9.721715e-05,2.6579518885072595e-05,0.009900990099009901,5.081414312354088e-05,0.00485042148587591,7.594148252877885e-05,0.022282798422377872
AC092376.2,0.02852238218735447,0.0017448542339595363,9.721715e-05,4.203589673124064e-06,0.009900990099009901,4.416398212038451e-05,0.004878436814425544,1.2868131652420605e-05,0.022282798422377872
STOML1,0.028492174591115846,0.0017620893932326354,9.721715e-05,4.106166492823249e-05,0.009900990099009901,5.763480020062935e-05,0.004922037411264344,0.00011480428218517936,0.022282798422377872
LMBR1,0.028469439905243733,0.0017751628340403336,9.721715e-05,9.628846872389296e-06,0.009900990099009901,4.759688290594563e-05,0.004953942792670698,2.8544012467557202e-05,0.022282798422377872
VWA5A,0.02841777203266905,0.00180520289160635,9.721715e-05,6.259170222311372e-05,0.009900990099009901,5.292135790590101e-05,0.0050330935639582245,0.00017338421668452555,0.022282798422377872
KIF21A,0.02836752397662952,0.001834860193596466,9.721715e-05,8.990489451377037e-05,0.009900990099009901,5.7049966999234235e-05,0.005111031179934445,0.00024631477948978183,0.022282798422377872
WASL,0.028351297661359125,0.0018445314665397339,9.721715e-05,1.9806754850693054e-06,0.009900990099009901,4.0004253062515853e-05,0.005133204452336922,6.2745791501667545e-06,0.022282798422377872
SLC32A1,0.02826802262358877,0.0018948985531991314,9.721715e-05,4.022318166907457e-05,0.009900990099009901,5.346110223362666e-05,0.005268485319367372,0.00011266997666407443,0.022282798422377872
GRIN3A,0.028264552731269012,0.0018970241125563225,9.721715e-05,0.00011688789992592152,0.009900990099009901,5.963213332142168e-05,0.005269511423767563,0.0003161981062017715,0.022282798422377872
BOLA3,0.0282187861937735,0.0019252628945616301,9.721715e-05,1.114536980595382e-05,0.009900990099009901,4.2662921123592656e-05,0.0053428525140530965,3.278049942927594e-05,0.022282798422377872
UBE2O,0.02821570687571476,0.0019271765327825152,9.721715e-05,0.00013281702278877816,0.009900990099009901,5.59499734902624e-05,0.0053428525140530965,0.00035512572938175977,0.022282798422377872
FZD7,0.028213145267192194,0.0019287697575731677,9.721715e-05,6.381052710335844e-06,0.009900990099009901,4.534121863436975e-05,0.0053428525140530965,1.93170112320964e-05,0.022282798422377872
FBLN7,0.028096315568363096,0.0020027177452834888,9.721715e-05,0.00024126968788518166,0.019801980198019802,6.252008130517328e-05,0.0055425767858399136,0.0006321476538476376,0.041397868009797494
ABHD17B,0.02808164763758973,0.0020121815358594697,9.721715e-05,0.00018205681011063124,0.009900990099009901,6.0687363998465826e-05,0.0055636355830215745,0.00048376477443037527,0.022282798422377872
CD86,0.028057677303336793,0.0020277346788903916,9.721715e-05,0.001155016680069676,0.039603960396039604,7.651435765808728e-05,0.0056014770135093695,0.0028125406170527822,0.07577288341079007
KCNJ2-AS1,0.027926637315475223,0.0021147051262937477,9.721715e-05,0.0002747238419199549,0.019801980198019802,6.559394228571782e-05,0.005836352694462965,0.0007135684205713114,0.041397868009797494
SFMBT2,0.027809191034512074,0.002195513895480228,9.721715e-05,0.00018967577778028488,0.009900990099009901,5.782938109852102e-05,0.006053806697096216,0.0005022306560819547,0.022282798422377872
PSIP1,0.027787296129068568,0.002210884597756424,9.721715e-05,5.6890216974525565e-05,0.009900990099009901,5.4544492006958055e-05,0.006090591178392352,0.00015802838048479325,0.022282798422377872
MICU3,0.02768917497941008,0.0022809725944675785,9.721715e-05,4.354064345601927e-05,0.009900990099009901,4.798437486097871e-05,0.006277906223305262,0.0001216219090950259,0.022282798422377872
ALPL,0.027653554211377274,0.0023069103576891514,9.721715e-05,1.5617088016339764e-05,0.009900990099009901,4.530771326638793e-05,0.006340418858765111,4.535456345500416e-05,0.022282798422377872
FLRT3,0.027652185291470042,0.0023079124645905003,9.721715e-05,0.00010144507939247038,0.009900990099009901,5.252143349163392e-05,0.006340418858765111,0.0002764171100612272,0.022282798422377872
SLC2A4,0.0276457948027004,0.0023125957884562176,9.721715e-05,0.00022971682984407327,0.009900990099009901,6.182123140679655e-05,0.006347472429431521,0.0006039881590992285,0.022282798422377872
SUCLA2-AS1,0.027632089887898795,0.002322668582057319,9.721715e-05,0.00012112036638278756,0.009900990099009901,5.637736579128065e-05,0.006369292272552064,0.00032646999025010123,0.022282798422377872
SMPX,0.027614005550444232,0.00233602094269747,9.721715e-05,5.0761538105792425e-05,0.009900990099009901,4.67305972670398e-05,0.006400057377253342,0.00014139704207741623,0.022282798422377872
LINC00467,0.02757789323870865,0.0023628921955716198,9.721715e-05,1.4445714458077852e-05,0.009900990099009901,4.538910496072339e-05,0.006467770608316477,4.199335598278446e-05,0.022282798422377872
HRH3,0.027500059123678866,0.002421762431783492,9.721715e-05,6.887931487398191e-06,0.009900990099009901,4.090059296365755e-05,0.00662286900214264,2.0788525615889915e-05,0.022282798422377872
ELMO1,0.027466200762693595,0.0024477830792937194,9.721715e-05,3.663767826711517e-05,0.009900990099009901,4.601952059966942e-05,0.006687931910638578,0.00010320472751300048,0.022282798422377872
LRRC8D,0.02732718399295746,0.0025572909947144673,9.721715e-05,2.7406028066945254e-05,0.009900990099009901,4.692519670796081e-05,0.006980776145717381,7.807985204257908e-05,0.022282798422377872
HNRNPH2,0.02731500065671615,0.002567096130183799,9.721715e-05,6.862868277335288e-06,0.009900990099009901,4.26230298164189e-05,0.007001171264137634,2.073374101913984e-05,0.022282798422377872
SPTSSB,0.02718696692941348,0.0026722112285120225,9.721715e-05,0.0005107956765288968,0.009900990099009901,6.499031616569429e-05,0.007281229505482351,0.0012997345458750553,0.022282798422377872
HERC1,0.027150160439999356,0.002703140292661388,9.721715e-05,0.0002450247981949927,0.009900990099009901,5.881950632824804e-05,0.007358821123397608,0.00064086695255883,0.022282798422377872
CFAP44,0.02713518269001377,0.002715818582453844,9.721715e-05,3.1375060016824996e-05,0.009900990099009901,4.825790210247678e-05,0.007386632590536294,8.88811898493626e-05,0.022282798422377872
HACE1,0.027124141579922777,0.0027251989512341313,9.721715e-05,7.629859135582784e-05,0.009900990099009901,5.412731016174909e-05,0.0074054319327014435,0.00021076958938073988,0.022282798422377872
CRABP1,0.027114917626696967,0.002733057902173708,9.721715e-05,0.00011318516694125424,0.009900990099009901,5.1700230734910626e-05,0.007420066702734048,0.0003072900459943554,0.022282798422377872
ARHGEF11,0.0271046510647099,0.00274182922436228,9.721715e-05,0.00018802339945622748,0.009900990099009901,5.281010899182439e-05,0.007437149794834394,0.0004987358075762002,0.022282798422377872
PIP5K1B,0.027046608726312323,0.0027918977844136883,9.721715e-05,1.563533258575056e-05,0.009900990099009901,4.407990638288337e-05,0.007566118656947665,4.5363634194634124e-05,0.022282798422377872
R3HDM2,0.027019092598772023,0.0028159208025649862,9.721715e-05,9.67107087839203e-05,0.009900990099009901,5.229599891568473e-05,0.007621064696859468,0.0002644777815421704,0.022282798422377872
LYZ,0.02701757223167905,0.00281725358293905,9.721715e-05,9.7904307736707e-05,0.009900990099009901,4.876721489679264e-05,0.007621064696859468,0.0002674981085702377,0.022282798422377872
KLF15,0.026975830747144013,0.0028540679025614857,9.721715e-05,0.00012497562542213014,0.009900990099009901,5.480898440557888e-05,0.007711218122401533,0.00033595598231755415,0.022282798422377872
CACNA1B,0.026973967692516195,0.002855721111329368,9.721715e-05,0.00012686105633774591,0.009900990099009901,5.183271410298989e-05,0.007711218122401533,0.00034071904119358794,0.022282798422377872
CXorf40A,0.026941310702652304,0.002884840364159924,9.721715e-05,0.0007283027596141078,0.009900990099009901,6.907689181818156e-05,0.007782842709064544,0.0018162163581399197,0.022282798422377872
PLCH2,0.02691907841863979,0.002904817116923142,9.721715e-05,0.00016215366185268199,0.009900990099009901,5.767396509874015e-05,0.007829695732946474,0.00043202574205865535,0.022282798422377872
AC127070.2,0.026907901533008916,0.0029149071108012237,9.721715e-05,3.7563205699364666e-05,0.009900990099009901,4.5720950082152914e-05,0.007849839616161284,0.00010571258639596059,0.022282798422377872
SLC16A14,0.02689312909197249,0.0029282914871063825,9.721715e-05,0.00012065416153272945,0.009900990099009901,5.066538871092447e-05,0.007878811176070985,0.000325505831473191,0.022282798422377872
ZNF165,0.02683718496427856,0.0029794825434149574,9.721715e-05,4.939210744814293e-05,0.009900990099009901,4.446432805278915e-05,0.00800936167584666,0.00013771033675132787,0.022282798422377872
DUSP6,0.02680676009166186,0.0030076597414400164,9.721715e-05,0.0002624948912355318,0.009900990099009901,5.955015266117518e-05,0.008077868598316964,0.0006829875747672119,0.022282798422377872
CYGB,0.026761501282400253,0.003050019309141727,9.721715e-05,0.0002608860123534118,0.009900990099009901,5.737331171068949e-05,0.008184309416301595,0.0006799809183842185,0.022282798422377872
HSPA1B,0.026699999034889045,0.0031084429231450494,9.721715e-05,0.00010917328981507879,0.009900990099009901,5.321456839637088e-05,0.008333627139799061,0.00029693551173638836,0.022282798422377872
SV2C,0.026526270829100806,0.0032789566018111005,9.721715e-05,0.0014244604363146118,0.009900990099009901,7.663389814058372e-05,0.008782919469136875,0.003437957609769779,0.022282798422377872
SDR16C5,0.026509211432962802,0.003296145812476059,9.721715e-05,0.00040340054304488504,0.009900990099009901,6.0328443932172255e-05,0.008821086028035842,0.0010361315317933691,0.022282798422377872
AC026726.1,0.026439711837501545,0.0033670148304657532,9.721715e-05,0.0001174036336621942,0.009900990099009901,5.168884366984465e-05,0.00900271345044319,0.00031730711800593024,0.022282798422377872
FAM92A,0.0264322165160675,0.0033747390790085374,9.721715e-05,2.8256077067578822e-05,0.009900990099009901,4.673634315370861e-05,0.00901533146663011,8.027294621471257e-05,0.022282798422377872
HINT3,0.026384320750542447,0.0034244748813879733,9.721715e-05,0.0006499693063609646,0.009900990099009901,7.166015104814517e-05,0.009140057512601352,0.001631722108019158,0.022282798422377872
NR2F1,0.026357248376092313,0.0034528777358421303,9.721715e-05,0.0005030345817709225,0.009900990099009901,5.9469969737672523e-05,0.00920767396224568,0.0012810727888902952,0.022282798422377872
DGKA,0.026298037350544288,0.003515737559214971,9.721715e-05,0.0003611976691507701,0.009900990099009901,6.3331210823849e-05,0.009366973958832072,0.0009325241027988902,0.022282798422377872
FOXN3,0.026287521654108047,0.0035270081208209625,9.721715e-05,2.8128661905157948e-05,0.009900990099009901,4.4357844458485895e-05,0.009388664030579315,8.001555691172095e-05,0.022282798422377872
SGPP2,0.026260687256717444,0.0035559159831485276,9.721715e-05,0.00012180064832756354,0.009900990099009901,5.3956716493512364e-05,0.009457223359437574,0.0003277147488633997,0.022282798422377872
AC022075.1,0.02624214923335968,0.0035760104678833615,9.721715e-05,3.988902130114269e-05,0.019801980198019802,4.5013917080850195e-05,0.00950224216443763,0.00011183837747983932,0.041397868009797494
DDX3X,0.02601195251270308,0.003834163743319685,9.721715e-05,0.0009137057619186262,0.009900990099009901,7.099982567639057e-05,0.010179195778724828,0.002248660611776767,0.022282798422377872
CHD1L,0.025970321740348093,0.003882594898479641,9.721715e-05,2.3056210576744007e-05,0.009900990099009901,4.2108553044946e-05,0.01029866020816881,6.619007821074834e-05,0.022282798422377872
EGR1,0.02595257743176211,0.0039034038260402637,9.721715e-05,0.00016828765907450638,0.009900990099009901,5.580623259740527e-05,0.010344709786325786,0.00044797069851243936,0.022282798422377872
SGCD,0.025931229021177456,0.003928571706603989,9.721715e-05,0.000441773215980823,0.009900990099009901,5.891031604254931e-05,0.010402219876268286,0.0011337208280089554,0.022282798422377872
RHBDL2,0.02591646281312846,0.0039460647002846905,9.721715e-05,0.00024745592751540535,0.019801980198019802,5.046874142057261e-05,0.010439324603927753,0.0006466618314862509,0.041397868009797494
EGLN3,0.025762206314084574,0.00413302142325811,9.721715e-05,3.879120368588396e-06,0.009900990099009901,3.5641598193379576e-05,0.010924285700241699,1.1960288906233493e-05,0.022282798422377872
CPB2-AS1,0.02565078527326851,0.004272951498285771,9.721715e-05,0.0006711570165786052,0.009900990099009901,6.114027179891312e-05,0.011284202900402563,0.001680693697609195,0.022282798422377872
ARSE,0.025638401546722533,0.004288762472149821,9.721715e-05,0.00046065704561915055,0.019801980198019802,6.149642199415367e-05,0.011315995968733037,0.001177829007132618,0.041397868009797494
IRS2,0.02556650362228871,0.004381596062031479,9.721715e-05,8.495296852395473e-05,0.009900990099009901,4.727216582322564e-05,0.011550780479872087,0.00023381550969895796,0.022282798422377872
ASIC2,0.025530779134615558,0.004428387390435717,9.721715e-05,0.00040055964328389315,0.019801980198019802,5.497998473802408e-05,0.01166388250334254,0.0010297163066423987,0.041397868009797494
CCNDBP1,0.02551180338475447,0.004453422593418077,9.721715e-05,0.00011667269458326412,0.009900990099009901,4.893428471385453e-05,0.011719533140573887,0.0003159007976081159,0.022282798422377872
DMRT3,0.025491958471127642,0.004479739669838945,9.721715e-05,7.92680164334314e-05,0.019801980198019802,4.5047222208056626e-05,0.011778456625343412,0.00021877097451728997,0.041397868009797494
FAM102B,0.025412374306780373,0.004586679955402628,9.721715e-05,0.00013004074969369395,0.009900990099009901,5.172501969479245e-05,0.012049071686696923,0.0003486347176774637,0.022282798422377872
ATAD2B,0.025383245950012328,0.004626386854084341,9.721715e-05,5.6267738068993545e-05,0.009900990099009901,4.606098076098775e-05,0.01214274764851533,0.00015644412808802654,0.022282798422377872
C9orf24,0.02536074456426934,0.004657269773214123,9.721715e-05,8.693635694523305e-05,0.009900990099009901,5.277187363863732e-05,0.01221312003465242,0.00023883614545393696,0.022282798422377872
CXXC4,0.025339254927592654,0.0046869356618576274,9.721715e-05,0.000452117457632073,0.009900990099009901,6.435574134214698e-05,0.012280180773426099,0.0011582855447448497,0.022282798422377872
LINC02552,0.025334869679006382,0.004693010053850588,9.721715e-05,0.0005296987762339889,0.009900990099009901,5.7475190010429294e-05,0.012285366633116723,0.0013444131376497178,0.022282798422377872
THBS1,0.02531265144640652,0.004723894535183515,9.721715e-05,0.00024383551012452376,0.009900990099009901,5.686395191887806e-05,0.012353050732443202,0.0006383128537291198,0.022282798422377872
GPR83,0.025310352333770755,0.004727100746948265,9.721715e-05,9.54603355944883e-05,0.009900990099009901,4.600471649193787e-05,0.012353050732443202,0.0002612965390360081,0.022282798422377872
CACNA2D1,0.02526766858899919,0.004786978619349402,9.721715e-05,9.953187315303591e-05,0.009900990099009901,4.7139206637796836e-05,0.012498638692818283,0.00027169756092730455,0.022282798422377872
AC023510.2,0.025261505075679414,0.0047956806069691105,9.721715e-05,3.6964118432791793e-09,0.009900990099009901,2.0597892993651748e-05,0.01251047114861507,1.3623139471544888e-08,0.022282798422377872
EPHA5,0.02523096568916301,0.004839006209357843,9.721715e-05,0.0005228127470334742,0.009900990099009901,5.799083979500529e-05,0.01261252704437318,0.0013280594759529406,0.022282798422377872
RBMS2,0.02519594980070975,0.004889111633836318,9.721715e-05,0.0001283024384600706,0.009900990099009901,4.9295689244114394e-05,0.012732061546448745,0.0003442820352238031,0.022282798422377872
B4GALT6,0.025158809839036452,0.004942761260924189,9.721715e-05,0.00011603597390774656,0.009900990099009901,4.7840990887883006e-05,0.012860610392690864,0.00031446063389633215,0.022282798422377872
KRT5,0.025154127178170303,0.004949562585185419,9.721715e-05,0.0011661739117615477,0.019801980198019802,6.140883466129119e-05,0.012867147101868506,0.0028351067546877173,0.041397868009797494
PARD6A,0.02511414590355872,0.005007973679485578,9.721715e-05,0.00011377562345826764,0.009900990099009901,4.56399030915574e-05,0.013007723842819683,0.00030861380684882723,0.022282798422377872
TPD52L1,0.025065044388129072,0.005080548576573252,9.721715e-05,4.381063679870234e-05,0.009900990099009901,4.401221184646096e-05,0.013184814645086293,0.00012226224222893677,0.022282798422377872
C3orf14,0.024914729666271413,0.0053085780210906375,9.721715e-05,0.00022318433228407653,0.009900990099009901,5.211661806452629e-05,0.013764679397814963,0.000587327190221254,0.022282798422377872
MAP3K12,0.024874429271352274,0.0053712415338667,9.721715e-05,3.1643515014057044e-05,0.009900990099009901,3.984384075300966e-05,0.013915133507426682,8.947270974756939e-05,0.022282798422377872
RHBDD1,0.024816284827398925,0.005462809837473603,9.721715e-05,0.0008795730707501503,0.009900990099009901,6.664254220517113e-05,0.014140146257481287,0.002177161066213243,0.022282798422377872
NETO2,0.02479842990200571,0.00549120559089733,9.721715e-05,0.00021276204751263794,0.009900990099009901,4.8918678182225196e-05,0.014201393769562061,0.0005613774340702848,0.022282798422377872
ACTB,0.024755062621554434,0.005560722007148855,9.721715e-05,0.00028578095548881244,0.009900990099009901,5.329637339595711e-05,0.014368790716146912,0.0007410050704117868,0.022282798422377872
ACBD3,0.024705780878532785,0.0056406671118233165,9.721715e-05,0.00013039774805467808,0.009900990099009901,4.4997593460449047e-05,0.014555710368282472,0.0003492796822893163,0.022282798422377872
LRRK2,0.024704496802722787,0.005642763719437505,9.721715e-05,0.0006595807728648762,0.009900990099009901,6.0379191388989264e-05,0.014555710368282472,0.0016530846437716193,0.022282798422377872
FAR2,0.024700919569005927,0.005648608188733584,9.721715e-05,0.00034431093201348073,0.009900990099009901,5.3411311248001555e-05,0.014558268527663875,0.0008896923307841879,0.022282798422377872
ANO5,0.024693659058272054,0.005660486908257267,9.721715e-05,0.00030639433367096736,0.009900990099009901,5.006375818825753e-05,0.014576361137143178,0.0007937677038107962,0.022282798422377872
GLS2,0.024688914397050576,0.005668261494100046,9.721715e-05,0.0009565793419916702,0.009900990099009901,6.521345328699079e-05,0.014583863192367187,0.0023503177935913274,0.022282798422377872
KCND3,0.02464807678839783,0.005735570790555644,9.721715e-05,0.0006061935814934971,0.009900990099009901,6.134573214269703e-05,0.01474439791916618,0.001526935973535257,0.022282798422377872
PDE6B,0.024629714242394646,0.005766066800988345,9.721715e-05,0.00024018181212703826,0.009900990099009901,4.9785638861929055e-05,0.01481010308473034,0.0006303984570263471,0.022282798422377872
ARHGEF37,0.02460810312817882,0.005802142208577776,9.721715e-05,8.875748087122659e-05,0.009900990099009901,4.349472529829995e-05,0.0148900142221842,0.00024339345759934167,0.022282798422377872
PRKAG2,0.024598812457081166,0.005817712570514888,9.721715e-05,0.0005161992182994846,0.009900990099009901,5.611095453485464e-05,0.014917211719268943,0.0013123708939817404,0.022282798422377872
GVQW2,0.02459394830301338,0.005825879248500643,9.721715e-05,0.00010935764887343158,0.009900990099009901,4.3819689629343e-05,0.014925395171222827,0.00029716752411258583,0.022282798422377872
TLN2,0.024560525705867007,0.005882269726342093,9.721715e-05,0.0004609237514578979,0.009900990099009901,5.484231627764953e-05,0.015057004418964402,0.001177829007132618,0.022282798422377872
ZNF25,0.024421633390396,0.006121828217224845,9.721715e-05,0.00045313322101547815,0.009900990099009901,5.041767516647878e-05,0.015649037111888458,0.0011598973234184593,0.022282798422377872
SGCE,0.02442040219315895,0.00612398985645235,9.721715e-05,0.0009340740448856577,0.009900990099009901,5.906924633445666e-05,0.015649037111888458,0.002296903389063093,0.022282798422377872
FMNL3,0.02434878023311416,0.006250907791936933,9.721715e-05,0.0010286083263072454,0.009900990099009901,5.9968694397143504e-05,0.015959764575158127,0.002516986116575641,0.022282798422377872
CNTFR,0.024313394995956077,0.006314467717447925,9.721715e-05,0.0005940312340209086,0.009900990099009901,6.391922541150166e-05,0.016108336013897766,0.0014988172431141514,0.022282798422377872
AL031590.1,0.02427418689994197,0.006385561949606378,9.721715e-05,0.0006919100623250518,0.019801980198019802,5.43723419962308e-05,0.016275858835020505,0.0017312178373437492,0.041397868009797494
PDPK1,0.024162082038101197,0.006592759930382108,9.721715e-05,0.0014259750494663992,0.009900990099009901,6.617465456446065e-05,0.016789711197917084,0.0034388465823144672,0.022282798422377872
NARS,0.023988907009893125,0.006924521673973727,9.721715e-05,0.0006587304842093911,0.009900990099009901,5.077832792227713e-05,0.01761964802537844,0.0016523339904917836,0.022282798422377872
CLVS2,0.02395175214009514,0.0069975928431492695,9.721715e-05,0.00198932282318387,0.009900990099009901,6.799711317193011e-05,0.01779049027919306,0.004732726779977486,0.022282798422377872
RASL12,0.023937481835931713,0.007025838144659735,9.721715e-05,1.3840828933187055e-05,0.009900990099009901,3.588038093289927e-05,0.01784717564265809,4.035227094223631e-05,0.022282798422377872
NR3C2,0.02383884591799326,0.007223835094430142,9.721715e-05,0.0005656651130988566,0.009900990099009901,5.046648896649038e-05,0.018334606838655183,0.0014296506649507748,0.022282798422377872
FNTB,0.023817764153592658,0.007266786343938292,9.721715e-05,0.0011711671362767406,0.009900990099009901,5.4731328209876386e-05,0.018428029612692205,0.0028449404120082767,0.022282798422377872
GID8,0.023746973240796623,0.007412665303396793,9.721715e-05,0.0007260058111624446,0.009900990099009901,5.2134206896214204e-05,0.018782091140363496,0.0018119945370110929,0.022282798422377872
CACNA1E,0.02366415619058098,0.007586596907494636,9.721715e-05,0.00017457727614811347,0.009900990099009901,4.1114145921004094e-05,0.019206574449353506,0.00046430126635136563,0.022282798422377872
PPIP5K2,0.02364426995906624,0.007628893096423228,9.721715e-05,0.0002548436227444162,0.009900990099009901,4.923166966884946e-05,0.019284041023856613,0.0006648094506376073,0.022282798422377872
PAK5,0.023643726340958335,0.007630052231772599,9.721715e-05,0.00039307087266970964,0.009900990099009901,5.362775539192902e-05,0.019284041023856613,0.0010121996721108404,0.022282798422377872
PTGS2,0.02357723381515233,0.00777300628305333,9.721715e-05,0.00047927793132784835,0.009900990099009901,5.260898146893924e-05,0.019628803745084165,0.0012226477839996132,0.022282798422377872
DCUN1D3,0.023550963973116245,0.00783013079221262,9.721715e-05,0.0008000834018417891,0.009900990099009901,5.153526047625849e-05,0.019756427566558335,0.001990257218511913,0.022282798422377872
NAA20,0.023507976789612122,0.007924404498702797,9.721715e-05,0.0004440267121271768,0.009900990099009901,4.9897914193884324e-05,0.019977490332864195,0.0011385300310953251,0.022282798422377872
MIS18A-AS1,0.023465891834590736,0.00801766509518187,9.721715e-05,2.6974682206137857e-05,0.009900990099009901,3.658845559397611e-05,0.020195629962674735,7.692399868670492e-05,0.022282798422377872
LRRC75A,0.02342942602930322,0.008099252455960215,9.721715e-05,0.0003708488409051025,0.009900990099009901,4.9432423808804494e-05,0.020384024637483764,0.0009566178183278654,0.022282798422377872
HMGN5,0.023397122435089752,0.008172135982711715,9.721715e-05,0.0006988341724030178,0.009900990099009901,4.988433195550743e-05,0.020550216218051254,0.0017470854310075445,0.022282798422377872
ADCY8,0.02334770161406797,0.008284754708715925,9.721715e-05,0.0005806345726027118,0.009900990099009901,5.1497827768521674e-05,0.02081596660481388,0.0014662489207139186,0.022282798422377872
PTPRG,0.02326630056234288,0.008473221807676068,9.721715e-05,0.0005576864202682108,0.009900990099009901,5.003271171064963e-05,0.021271686546467116,0.001410673912988729,0.022282798422377872
TSPAN8,0.023143445737064207,0.008764791172300557,9.721715e-05,0.0013094160247253406,0.019801980198019802,5.890996943657566e-05,0.02198526213787765,0.00316284063943319,0.041397868009797494
ACVR1C,0.023109329228486998,0.008847304055876193,9.721715e-05,0.0014486173942701575,0.019801980198019802,5.9612126136453006e-05,0.022173694375629556,0.0034895804278658395,0.041397868009797494
NT5DC3,0.023097787722696553,0.008875371601403503,9.721715e-05,0.0008951697270600523,0.019801980198019802,5.6129196267376135e-05,0.022221237170010358,0.0022102956223704995,0.041397868009797494
CX3CL1,0.023095441120814818,0.008881087788947473,9.721715e-05,0.00027715357658952833,0.009900990099009901,4.4713831241735306e-05,0.022221237170010358,0.000719256686651025,0.022282798422377872
FLT1,0.022865628374931644,0.009456762190235057,9.721715e-05,0.0001883122563859363,0.009900990099009901,3.767119917641051e-05,0.023641905475587643,0.0004990607501394071,0.022282798422377872
OSTF1,0.022793660746460068,0.009643626449525766,9.721715e-05,0.0008192440746431773,0.009900990099009901,5.3939828500028836e-05,0.024088991963844546,0.002034546542988023,0.022282798422377872
CKMT2,0.022639199345776625,0.010055612542292702,9.721715e-05,0.0006262561681554812,0.009900990099009901,5.071137693363888e-05,0.02507914900981214,0.0015761480742168153,0.022282798422377872
KIAA0319L,0.022638784739737045,0.010056738752934669,9.721715e-05,0.0008340586182157272,0.009900990099009901,5.017489631836825e-05,0.02507914900981214,0.0020696243628181817,0.022282798422377872
HTR5A-AS1,0.022630151585530254,0.010080214350148275,9.721715e-05,0.00019127128480100897,0.009900990099009901,4.285213146139785e-05,0.025116813164821287,0.0005060086899497592,0.022282798422377872
XKR4,0.02262307753485662,0.010099486005272773,9.721715e-05,0.001143275900679419,0.009900990099009901,5.548849039426381e-05,0.025143948560845078,0.002786212593044888,0.022282798422377872
HDDC3,0.02257223982977927,0.010238929976891131,9.721715e-05,0.0033124201798846453,0.0297029702970297,6.360066119334965e-05,0.0254488731819995,0.00765582476090442,0.0594059405940594
FUT8,0.022554707132204744,0.01028740873483902,9.721715e-05,0.0008822141849941234,0.009900990099009901,5.070763788322355e-05,0.025548200500428032,0.0021818982316425145,0.022282798422377872
TUNAR,0.02247147016906931,0.010520303544590326,9.721715e-05,0.0012596307584546995,0.009900990099009901,5.446474701657441e-05,0.02610497157466582,0.0030456352249157584,0.022282798422377872
ZC3H15,0.022410495437652715,0.010693811960023836,9.721715e-05,0.000489215780797303,0.009900990099009901,4.601922233304399e-05,0.026501786927322822,0.0012469391184298292,0.022282798422377872
DNAJA2,0.0224090734183334,0.010697887989662647,9.721715e-05,0.0005395228412363728,0.009900990099009901,4.586358796913107e-05,0.026501786927322822,0.0013681897918082153,0.022282798422377872
PLAC9,0.022274173283907083,0.011090764887683013,9.721715e-05,0.00047483754743704587,0.009900990099009901,4.592939487010795e-05,0.02745238833584904,0.001212351184945649,0.022282798422377872
RCBTB1,0.02224349779366329,0.011181834199842311,9.721715e-05,0.00033917407284711487,0.009900990099009901,5.025909498664083e-05,0.02765498977702138,0.0008771743263287454,0.022282798422377872
MRPL3,0.022136984697894938,0.011503116662735402,9.721715e-05,0.00019990494123589553,0.009900990099009901,4.254124960597178e-05,0.02842615320280577,0.0005283831045882701,0.022282798422377872
HYOU1,0.022091551802346666,0.011642579896292582,9.721715e-05,0.0010108084108565452,0.009900990099009901,5.480072612580514e-05,0.02874711085504341,0.0024754491694446005,0.022282798422377872
LCNL1,0.021929448344910677,0.012152211196630902,9.721715e-05,0.0006010032974314017,0.009900990099009901,4.333264527972316e-05,0.029980784202214398,0.0015151343632724412,0.022282798422377872
F3,0.021906796141773422,0.012224944502189805,9.721715e-05,0.0012598777713734854,0.019801980198019802,4.781761289923813e-05,0.030135442486909955,0.0030456352249157584,0.041397868009797494
SLC1A1,0.021880060380797595,0.012311274702077046,9.721715e-05,0.0012154297652656743,0.009900990099009901,5.094334054993987e-05,0.030323336704623265,0.0029453063778651233,0.022282798422377872
BBS7,0.021852859922952217,0.012399646939130426,9.721715e-05,0.0014758922983292289,0.019801980198019802,5.787220417516355e-05,0.030515948168491618,0.003547818024829877,0.041397868009797494
HBZ,0.021796806530595243,0.01258349428696337,9.721715e-05,0.003841665927099891,0.0297029702970297,6.240894343439672e-05,0.030943018738434518,0.008804429168296159,0.0594059405940594
CERS6,0.021787953438064007,0.012612745925390745,9.721715e-05,0.0018605854857808302,0.009900990099009901,5.492383216006405e-05,0.030975914012285305,0.00444407361253383,0.022282798422377872
PPP1R14C,0.02178650954046239,0.012617522307670881,9.721715e-05,0.0017864148187550777,0.009900990099009901,5.995045744051337e-05,0.030975914012285305,0.00427713045192756,0.022282798422377872
NR4A1,0.02175702434014639,0.012715401690246653,9.721715e-05,0.0002664246981503027,0.009900990099009901,4.216297404746944e-05,0.031190682805183938,0.0006926118669418614,0.022282798422377872
SLC7A8,0.021745591473195144,0.012753530745085673,9.721715e-05,0.00022029246113486334,0.009900990099009901,4.008464898799724e-05,0.03125865378697469,0.0005802259731383583,0.022282798422377872
TRMT10B,0.021735926499356288,0.012785840927726277,9.721715e-05,0.0009101605186114803,0.009900990099009901,4.4932301458537816e-05,0.031312263496472516,0.0022417746763829564,0.022282798422377872
DIAPH2,0.02170012138363814,0.012906155938530506,9.721715e-05,0.0007514379725730436,0.009900990099009901,4.661350217357613e-05,0.031581131986616245,0.0018723537522584142,0.022282798422377872
SDC4,0.02169389289732857,0.012927185028163146,9.721715e-05,0.0008522460278703736,0.009900990099009901,4.983622721168853e-05,0.031606809359812096,0.002113006680670348,0.022282798422377872
TMEM171,0.02165305918282052,0.013065786163855897,9.721715e-05,0.001876585249751317,0.009900990099009901,5.130322834477309e-05,0.03190776896847586,0.004478723746423191,0.022282798422377872
LCAT,0.021651369394438926,0.01307154935408561,9.721715e-05,0.0006371750464012615,0.019801980198019802,4.976878120208884e-05,0.03190776896847586,0.0016022842742697272,0.041397868009797494
CABCOCO1,0.021607276887190184,0.013222709833174862,9.721715e-05,0.0015607744707053506,0.009900990099009901,5.151436422037664e-05,0.03225051178823137,0.003748857815945598,0.022282798422377872
KIAA0232,0.02159720535522817,0.013257448759107393,9.721715e-05,0.004307065642811914,0.009900990099009901,6.801198836426819e-05,0.03230897341780843,0.009788785551845258,0.022282798422377872
TMEM132B,0.021591328751231053,0.013277754858245783,9.721715e-05,0.001249858782244817,0.009900990099009901,4.816700272989744e-05,0.03233219527170239,0.003026292450955974,0.022282798422377872
SIDT2,0.02156735764913554,0.01336086349445309,9.721715e-05,0.0019651680355786683,0.009900990099009901,4.78432575690078e-05,0.032508183684800705,0.004678971513282544,0.022282798422377872
KTI12,0.021529486466305457,0.01349307970235325,9.721715e-05,0.0010965924746644262,0.019801980198019802,5.427405595904942e-05,0.03280327318238229,0.0026767920455600313,0.041397868009797494
MET,0.02139686278938086,0.013965038593877321,9.721715e-05,0.0018139067324197677,0.009900990099009901,4.862727290944266e-05,0.0339231706733862,0.004339489790477913,0.022282798422377872
OSBP2,0.021350338370809692,0.014133940556156022,9.721715e-05,0.0009626147630499293,0.009900990099009901,4.742190741839634e-05,0.034305680961543746,0.0023632113659163567,0.022282798422377872
THRSP,0.02132928582446738,0.014210946225372889,9.721715e-05,0.0008602694612267481,0.009900990099009901,4.782453352589475e-05,0.034464703861049856,0.0021311382193891365,0.022282798422377872
ETV5,0.021288398579633466,0.014361535986895158,9.721715e-05,0.0016083477542787605,0.009900990099009901,5.071379670703331e-05,0.03480178349005288,0.003860034610269025,0.022282798422377872
KIDINS220,0.02127343482980128,0.01441699066834845,9.721715e-05,0.0010006779628088935,0.009900990099009901,5.1119165258611906e-05,0.034897795592988126,0.0024526420657080728,0.022282798422377872
PROM1,0.021271433297229216,0.014424422178435092,9.721715e-05,0.0028720169097151693,0.009900990099009901,5.6269884908071054e-05,0.034897795592988126,0.006705097843693002,0.022282798422377872
IGSF3,0.02124403358541372,0.014526486906165759,9.721715e-05,0.00295418868145203,0.009900990099009901,6.237084324949467e-05,0.03511640670305985,0.00687553610888758,0.022282798422377872
TCIRG1,0.021210150805632502,0.01465356033021259,9.721715e-05,0.0022827368415581084,0.019801980198019802,5.951334436158827e-05,0.03539507326138307,0.005392291751712067,0.041397868009797494
ZFYVE27,0.021140333977832302,0.014918418572673064,9.721715e-05,0.0007228479913009567,0.009900990099009901,4.552204986942832e-05,0.036005837263088654,0.0018056152988366945,0.022282798422377872
DGCR9,0.021119089702423707,0.014999823571627102,9.721715e-05,0.0010837386901838553,0.009900990099009901,3.869805250224983e-05,0.03617320797016182,0.002647570090025705,0.022282798422377872
PTPN20,0.02110111061068856,0.015069014868978381,9.721715e-05,0.0018473410552443115,0.019801980198019802,5.24871782741084e-05,0.036310879202357545,0.004415954713731422,0.041397868009797494
GLDC,0.021080116743634792,0.015150155287024458,9.721715e-05,0.0031726652988625093,0.009900990099009901,6.398328856586321e-05,0.03647709940696098,0.00734980378114867,0.022282798422377872
MTSS1,0.021023491674881857,0.01537088294300304,9.721715e-05,0.0007747655478071991,0.009900990099009901,4.5132405469975325e-05,0.03697886834724067,0.0019288768825075496,0.022282798422377872
PTPRU,0.020999503225273865,0.015465220663714252,9.721715e-05,0.005246592754009516,0.019801980198019802,6.326078057900362e-05,0.03717601121085157,0.011807785642932143,0.041397868009797494
FGFR1OP2,0.020976244117428964,0.015557164308177995,9.721715e-05,0.0024356361422337436,0.009900990099009901,6.147916342828844e-05,0.037367088010035215,0.00572641726230504,0.022282798422377872
AC020909.2,0.020932137165138216,0.015732808579236535,9.721715e-05,0.0011132442809679288,0.009900990099009901,4.534175110765725e-05,0.037758740590167685,0.0027152299535803145,0.022282798422377872
LRMP,0.020834131176929383,0.01612918975558686,9.721715e-05,0.0034173222647129187,0.009900990099009901,5.542481248461779e-05,0.038679112123709496,0.007881939357264747,0.022282798422377872
RIPOR2,0.020827088813005507,0.016157998974173693,9.721715e-05,0.004410259845864184,0.0297029702970297,5.6453508890199894e-05,0.03871724993811588,0.010008153961870311,0.0594059405940594
NFATC3,0.0208162487522702,0.016202430141515123,9.721715e-05,0.004212437157285254,0.009900990099009901,6.0384318279393404e-05,0.03879272978814475,0.009580979129534315,0.022282798422377872
CEACAM6,0.020796171663621205,0.016284998466767675,9.721715e-05,0.0008831408723505296,0.009900990099009901,4.525487284923077e-05,0.03895932647552076,0.002182390953090271,0.022282798422377872
CINP,0.020785289943115702,0.016329900659640795,9.721715e-05,0.0009077899376472853,0.009900990099009901,4.8829466993640606e-05,0.039035619106711064,0.002237773059114097,0.022282798422377872
AL133325.3,0.020754720996418174,0.016456607679853574,9.721715e-05,0.0031555353284730137,0.0297029702970297,5.890691616291909e-05,0.03930718394869484,0.00731576969506881,0.0594059405940594
AHNAK2,0.02073306639778562,0.016546873575125853,9.721715e-05,0.0022616028433993796,0.009900990099009901,5.600921494796156e-05,0.03949134504803307,0.005346578826003262,0.022282798422377872
NKG7,0.02072386288534059,0.01658536600311189,9.721715e-05,0.008597139572174672,0.04950495049504951,6.733601103186055e-05,0.039551747225227085,0.01870041378937474,0.09105754229622841
FRMD4A,0.0206311152644942,0.016977566209797512,9.721715e-05,0.0014493390710402787,0.009900990099009901,4.527356720224621e-05,0.040454883740581836,0.0034895804278658395,0.022282798422377872
SAMM50,0.02059077797986626,0.017150598219263347,9.721715e-05,0.002847808492168147,0.019801980198019802,6.0607948168659226e-05,0.04083475766491273,0.006653758159271371,0.041397868009797494
WIPF3,0.02057937106051785,0.017199802168414213,9.721715e-05,0.0014556535896920186,0.019801980198019802,4.6845477876399005e-05,0.040919434183380364,0.003501973351303974,0.041397868009797494
SEMA3G,0.02057493394230412,0.017218974313574553,9.721715e-05,0.001208994765888427,0.019801980198019802,4.9459560494163033e-05,0.04093258553147675,0.002932383596261014,0.041397868009797494
RNF138,0.020558130826528655,0.01729174372526443,9.721715e-05,0.0012091195028582913,0.009900990099009901,4.3294991435955376e-05,0.04105081320468452,0.002932383596261014,0.022282798422377872
ATP4A,0.02055713237993657,0.017296075963573743,9.721715e-05,8.502851419622814e-07,0.009900990099009901,1.941664896648825e-05,0.04105081320468452,2.7606660453320827e-06,0.022282798422377872
CHMP4C,0.02054185071785704,0.0173624985445634,9.721715e-05,0.0008038398048477724,0.009900990099009901,4.27769513382146e-05,0.041175885876434934,0.0019979448339215553,0.022282798422377872
MRGBP,0.02048666137368102,0.017604199162481238,9.721715e-05,0.004468750912573816,0.019801980198019802,5.906431848657804e-05,0.04171611175943422,0.010117926594506752,0.041397868009797494
PGBD5,0.020390297964293418,0.01803310719401008,9.721715e-05,0.005312609268177004,0.0297029702970297,6.640418506811864e-05,0.04269875420839008,0.011929511829738781,0.0594059405940594
PIK3R5,0.02037022925795486,0.018123544118376134,9.721715e-05,0.0022397695888843883,0.04950495049504951,5.152959159259287e-05,0.042879047598681705,0.005307510874133622,0.09105754229622841
KCNJ11,0.02035207578110412,0.01820568304517911,9.721715e-05,0.0023825138095172615,0.009900990099009901,5.638512613283137e-05,0.04303943982311847,0.00561472225337925,0.022282798422377872
C9orf3,0.020198067474590544,0.018915371890715016,9.721715e-05,0.0019173325118851947,0.009900990099009901,5.381678775134227e-05,0.0446819808442087,0.0045687033643014964,0.022282798422377872
FJX1,0.020126392302311356,0.01925360263670206,9.721715e-05,0.002600401257076168,0.009900990099009901,4.7798717925159445e-05,0.045445167513852226,0.006099455645995703,0.022282798422377872
CWF19L2,0.020046217305248568,0.019638020848548488,9.721715e-05,0.0005572649254460549,0.009900990099009901,3.947019027827846e-05,0.046316086906953984,0.001410673912988729,0.022282798422377872
AP000802.1,0.020017972617797194,0.01977499018322526,9.721715e-05,0.002226625354164624,0.039603960396039604,4.5988229550052754e-05,0.0465805915492072,0.005280534436754049,0.07577288341079007
MAPK11,0.020016690975270205,0.019781224544563325,9.721715e-05,0.0009639692576882686,0.009900990099009901,4.531205906807333e-05,0.0465805915492072,0.002364601613299105,0.022282798422377872
TM9SF4,0.019989898372307722,0.01991193568838101,9.721715e-05,0.002399399696806692,0.009900990099009901,4.489162945365809e-05,0.04685161338442591,0.0056500777789796515,0.022282798422377872
LINC02192,0.019975815632087043,0.019980933497328768,9.721715e-05,0.005148699647669952,0.009900990099009901,7.121649410381814e-05,0.046977116373030016,0.011596170377635027,0.022282798422377872
RFT1,0.019969714191201828,0.020010890174974705,9.721715e-05,0.0036453925366795037,0.009900990099009901,5.491259222155394e-05,0.04701070518788106,0.008380212727998859,0.022282798422377872
SLC41A3,0.019952970915966175,0.020093291619741493,9.721715e-05,0.0021185526441650504,0.009900990099009901,4.8281241951394054e-05,0.04716735122005045,0.005032191553836224,0.022282798422377872
CC2D2A,0.019932714152945757,0.020193369113462256,9.721715e-05,0.0027844534702249346,0.009900990099009901,5.3324967133543e-05,0.04736521293228051,0.006520968314344109,0.022282798422377872
RCOR3,0.019918290082500595,0.020264887842702306,9.721715e-05,0.002594707217794312,0.009900990099009901,4.5401724912189346e-05,0.04749583088133353,0.006090862013601672,0.022282798422377872
ADGRF5,0.019789434541498327,0.02091337143337546,9.721715e-05,0.004981761800147422,0.019801980198019802,5.485837849627637e-05,0.048977450663642765,0.01125397997021255,0.041397868009797494
ZNF74,0.019734655859044763,0.021194327242827438,9.721715e-05,0.003180261543558438,0.019801980198019802,5.4935982207775794e-05,0.04959670961660087,0.007361716536014903,0.041397868009797494
ADPGK-AS1,0.01966770231802935,0.021542056696659317,9.721715e-05,0.00020778880982319503,0.0297029702970297,3.4851089136235165e-05,0.05033190816976476,0.0005487380541105502,0.0594059405940594
SLC29A1,0.01959888840387049,0.021904460480918764,9.721715e-05,0.0037852625376958438,0.019801980198019802,6.123333775930944e-05,0.05113881824339011,0.008681794811229,0.041397868009797494
LGI2,0.019557311831142104,0.022125905603770923,9.721715e-05,0.003150371071849678,0.019801980198019802,4.9341687306195546e-05,0.051615642932591584,0.00730944564234264,0.041397868009797494
TMEM74B,0.019485665146891037,0.02251194339021212,9.721715e-05,0.00541125339503068,0.019801980198019802,5.944959035611495e-05,0.05247539251797697,0.01212379401425843,0.041397868009797494
PI4K2A,0.01946674080914235,0.022614852203385993,9.721715e-05,0.004185892737260555,0.019801980198019802,5.426386987183408e-05,0.05267434519422203,0.009527828688756953,0.041397868009797494
MYH11,0.019463009352036653,0.022635190262113136,9.721715e-05,0.01019743871699863,0.039603960396039604,7.472925124364558e-05,0.05268081519498791,0.021851654393568492,0.07577288341079007
COL20A1,0.01937555395925452,0.023116293616028072,9.721715e-05,0.003974448417394583,0.009900990099009901,5.399235612391611e-05,0.05375882236285598,0.00907408314473649,0.022282798422377872
EXOC6B,0.019354586447119584,0.02323290965441216,9.721715e-05,0.006667274763264341,0.0297029702970297,6.191323812926751e-05,0.05398817115665103,0.014750607883328189,0.0594059405940594
AC068620.2,0.01929285111237758,0.023579145315736683,9.721715e-05,0.00108344306919117,0.039603960396039604,4.1559579228336396e-05,0.05475033742044122,0.002647570090025705,0.07577288341079007
CHIC1,0.01925656671371755,0.023784659938784203,9.721715e-05,0.005001149879589772,0.009900990099009901,4.913480742939077e-05,0.055184825844046874,0.01128927738056382,0.022282798422377872
REST,0.019251991789838635,0.02381067887177213,9.721715e-05,0.0020950346229255956,0.009900990099009901,4.409244976714411e-05,0.055202501248312504,0.004980272479220909,0.022282798422377872
ASPHD2,0.019191048370755366,0.024159570401077635,9.721715e-05,0.003877727522387575,0.019801980198019802,5.386286298820223e-05,0.055968116759253214,0.008880292036002081,0.041397868009797494
CDC42EP2,0.019167368972690876,0.024296284794864453,9.721715e-05,0.0023633022285521887,0.009900990099009901,4.907832947132918e-05,0.05624139998811216,0.005573826010736294,0.022282798422377872
PAK6,0.019158969639571647,0.024344934664709994,9.721715e-05,0.0035033641151174244,0.009900990099009901,5.373302781358687e-05,0.05631056591683113,0.008059886767908185,0.022282798422377872
MYH7B,0.01914238833005212,0.024441215582454046,9.721715e-05,0.003371681267525739,0.009900990099009901,5.1558320822817196e-05,0.05648503203822825,0.007786792765648358,0.022282798422377872
TLL1,0.01913950012258979,0.024458018872552834,9.721715e-05,0.0006456114698546456,0.009900990099009901,3.736930807467555e-05,0.05648503203822825,0.0016221393714940843,0.022282798422377872
AC069224.1,0.019134032185066197,0.02448985732113651,9.721715e-05,0.0043636432665451474,0.0297029702970297,5.247177447273373e-05,0.05651505535646887,0.009909863587914793,0.0594059405940594
CCDC125,0.01909526537806669,0.024716585926173762,9.721715e-05,0.0034181343679338116,0.0297029702970297,4.8738691293661346e-05,0.056994433342445264,0.007881939357264747,0.0594059405940594
TLNRD1,0.019091665157809377,0.024737730975731287,9.721715e-05,0.0028823835134192954,0.009900990099009901,4.661601746278614e-05,0.0569993801284131,0.0067240672941352156,0.022282798422377872
AC116565.1,0.019068892120074652,0.02487183493675904,9.721715e-05,0.0025221138055313563,0.009900990099009901,4.8390472874955436e-05,0.05726439356122572,0.005925091164130046,0.022282798422377872
GSG1,0.01900666726067547,0.02524137157407247,9.721715e-05,0.008602190343112381,0.039603960396039604,6.285445999565316e-05,0.05802614154959188,0.01870041378937474,0.07577288341079007
SHROOM3,0.01900133915035415,0.025273226507540603,9.721715e-05,0.003450789031570145,0.019801980198019802,4.585499499387042e-05,0.05805488477995544,0.00795112680085287,0.041397868009797494
ERICH3,0.018996842535201376,0.02530013642032991,9.721715e-05,0.0053337390735377355,0.019801980198019802,6.671148611602614e-05,0.05807223355852313,0.011968000912949294,0.041397868009797494
KCTD3,0.018957548706105404,0.025536312632439606,9.721715e-05,0.01349321961862504,0.019801980198019802,6.010851477042736e-05,0.05856952438632937,0.02830745374536722,0.041397868009797494
DRD1,0.01888672320293683,0.02596667329184532,9.721715e-05,0.0039021887433523528,0.009900990099009901,5.050385723631745e-05,0.05951109234189149,0.008922687675348368,0.022282798422377872
CD83,0.018847237840197994,0.026209223230457712,9.721715e-05,0.0034594026322390947,0.019801980198019802,5.523469855220497e-05,0.06002112190181156,0.007964856405769213,0.041397868009797494
DPP10-AS1,0.01884192241868299,0.026242018909119924,9.721715e-05,0.006374474292399235,0.009900990099009901,5.084304220175387e-05,0.060050386519725225,0.014186515487535389,0.022282798422377872
MEMO1,0.018832655041995088,0.026299279853196356,9.721715e-05,0.005450845027723417,0.0297029702970297,5.311146880661856e-05,0.060135548444808735,0.01220338439042556,0.0594059405940594
DNAJB4,0.01881770713334443,0.026391859551705754,9.721715e-05,0.0016601867910246426,0.009900990099009901,3.958288243587531e-05,0.06030127848828429,0.003981263287828879,0.022282798422377872
CYP2S1,0.018809726721001598,0.026441397567902203,9.721715e-05,0.009563052722732723,0.0297029702970297,6.30349171268557e-05,0.060368487597950236,0.02063968213539437,0.0594059405940594
SMAD6,0.01879191424581076,0.026552247952653207,9.721715e-05,0.005032447346695723,0.019801980198019802,5.111902500460201e-05,0.06057547061441796,0.011351384992546744,0.041397868009797494
COPG1,0.01871115508748819,0.02705970936306812,9.721715e-05,0.003894404103002902,0.019801980198019802,4.925059555201194e-05,0.06168626754498811,0.008911679869571858,0.041397868009797494
CH25H,0.018680698703954352,0.027253176399798518,9.721715e-05,0.006548169206715082,0.0297029702970297,5.6979200468687194e-05,0.06208012847334514,0.01451922218783832,0.0594059405940594
VASN,0.018671641475462734,0.027310932421447442,9.721715e-05,0.011827855774904528,0.019801980198019802,5.675665896651736e-05,0.06216448957840844,0.025032047954813962,0.041397868009797494
CFAP206,0.018658388878472775,0.027395625363233145,9.721715e-05,0.0022569288731959514,0.0297029702970297,4.5411606736547834e-05,0.06230998945390405,0.005339737081693891,0.0594059405940594
TNS1,0.018588384109031728,0.027846644591564385,9.721715e-05,0.006504700029118848,0.019801980198019802,5.5184743700664276e-05,0.06328782861719179,0.014444189553927865,0.041397868009797494
ZNF559,0.018450126733264943,0.028755575577727677,9.721715e-05,0.0044744716045597155,0.0297029702970297,5.358149628876325e-05,0.06528920703681722,0.010123238924343247,0.0594059405940594
DHFR2,0.018436755689301733,0.02884477293908283,9.721715e-05,0.00327417529081353,0.019801980198019802,4.753777963665707e-05,0.06540764838794293,0.007573265900108397,0.041397868009797494
SCHIP1,0.018422495701268318,0.028940153717909034,9.721715e-05,0.009761992422994026,0.039603960396039604,5.859895575700156e-05,0.06557436643030748,0.021023673559929703,0.07577288341079007
NLGN3,0.018391407891410565,0.029148999605123627,9.721715e-05,0.005606654451916437,0.009900990099009901,5.442093521902009e-05,0.06599773495499689,0.012533504736027802,0.022282798422377872
ZNF385D,0.01837559278708409,0.029255724017019147,9.721715e-05,0.0045380001717397755,0.019801980198019802,5.3289711930077225e-05,0.0661894208529845,0.010259231737166034,0.041397868009797494
IGF2R,0.018332104754535474,0.029550866813420007,9.721715e-05,0.0019114308260295143,0.009900990099009901,4.370983581986805e-05,0.06680678254729466,0.004558261111358142,0.022282798422377872
GFRA2,0.018319402403955846,0.02963753952034276,9.721715e-05,0.0024038034959926735,0.009900990099009901,4.284405633053993e-05,0.0669522730128225,0.0056560082258651145,0.022282798422377872
PTHLH,0.0181867544822229,0.03055531180017179,9.721715e-05,0.002757697155941985,0.009900990099009901,4.1023759528498394e-05,0.06897361580174219,0.006463352709239027,0.022282798422377872
TSPAN14,0.018168527744477532,0.030683240341721874,9.721715e-05,0.0003969229859616119,0.009900990099009901,3.0640138733237495e-05,0.0692103165602749,0.0010212426740007167,0.022282798422377872
RALB,0.018124506863045613,0.03099404092619873,9.721715e-05,0.010760597643711622,0.019801980198019802,6.39789485311642e-05,0.06985884506280705,0.022968719195336846,0.041397868009797494
USP40,0.01802536218514776,0.03170358008269847,9.721715e-05,0.0064434227176699554,0.009900990099009901,5.644397825595433e-05,0.07140445964571727,0.014318717150377679,0.022282798422377872
GABPB1-AS1,0.018020797731280017,0.031736566613657646,9.721715e-05,0.01051538485025838,0.039603960396039604,6.030223102924031e-05,0.07142513116352057,0.022484785852298746,0.07577288341079007
CRYZ,0.0179270995987338,0.03241999661247652,9.721715e-05,0.0036543474152895827,0.009900990099009901,5.252202482809715e-05,0.07285392497185735,0.008394366191323697,0.022282798422377872
PIM1,0.017885913500712544,0.03272422469073799,9.721715e-05,0.012394905964516534,0.019801980198019802,5.1979526526088474e-05,0.0734275797099581,0.026126152982758784,0.041397868009797494
TXNL4B,0.017850345573719933,0.032988843816469826,9.721715e-05,0.008042621263206984,0.019801980198019802,5.474215825292189e-05,0.0739660175257171,0.01754753730154251,0.041397868009797494
AC027031.2,0.017841807600853472,0.03305262660440755,9.721715e-05,0.005272014622602517,0.009900990099009901,4.701246123653421e-05,0.07405368171263828,0.011847223871016891,0.022282798422377872
DIP2A,0.017836567662440145,0.0330918217734576,9.721715e-05,0.008683769515732909,0.019801980198019802,5.3337911447264716e-05,0.07408616814953194,0.01885044033805986,0.041397868009797494
MGAT5,0.01781195796706896,0.03327641691583505,9.721715e-05,0.0030061876535802945,0.009900990099009901,4.553254963894379e-05,0.07444388571775179,0.006991134078093708,0.022282798422377872
MRPL48,0.01780494838721585,0.03332915006226733,9.721715e-05,0.0070937877039427555,0.019801980198019802,5.1383365311613966e-05,0.07450629671147689,0.015659575505392397,0.041397868009797494
TESK2,0.017798510695116877,0.033377641497357,9.721715e-05,0.020710665494240055,0.039603960396039604,7.427024252508804e-05,0.0745591396069032,0.04195273226382185,0.07577288341079007
MUM1L1,0.017746311300189808,0.0337729785292229,9.721715e-05,0.005873146249250505,0.009900990099009901,4.917543863584281e-05,0.07538611278844397,0.013119462954394277,0.022282798422377872
LRFN4,0.017737051870583814,0.033843506414513946,9.721715e-05,0.004452595979434815,0.009900990099009901,5.239493692396516e-05,0.07544415704505927,0.010096589522527925,0.022282798422377872
LINC00894,0.017736294776027842,0.03384927846088326,9.721715e-05,0.022085970928464538,0.0594059405940594,6.829242811518727e-05,0.07544415704505927,0.044468397842546054,0.10608203677510607
WDR7,0.01770904379350021,0.034057578195323956,9.721715e-05,0.01040199979894163,0.019801980198019802,5.838787397202824e-05,0.07582957505897486,0.022258202137535585,0.041397868009797494
HSDL1,0.017707063543148233,0.03407275572649937,9.721715e-05,0.015014722139709114,0.039603960396039604,6.715986649323986e-05,0.07582957505897486,0.031129347905409357,0.07577288341079007
TIPRL,0.017668435804999074,0.034369930136120885,9.721715e-05,0.006104550711483969,0.009900990099009901,4.379079195082853e-05,0.07643424048062465,0.013616098241228185,0.022282798422377872
PCDHB2,0.017660088662116956,0.03443442619180681,9.721715e-05,0.009173355832929997,0.019801980198019802,5.680049528138698e-05,0.07652094709290402,0.01982713796742795,0.041397868009797494
NUP43,0.01761516250173419,0.03478326824714839,9.721715e-05,0.00280431103249168,0.019801980198019802,4.173451882540982e-05,0.07723893763245387,0.006562350310042932,0.041397868009797494
C10orf105,0.01756462619199082,0.03517913429552577,9.721715e-05,0.003963444745906486,0.019801980198019802,4.6304489566404e-05,0.07806020923563411,0.009055852427813753,0.041397868009797494
STARD9,0.01751748757201541,0.03555170980485911,9.721715e-05,0.01161681925834046,0.019801980198019802,4.933704894215032e-05,0.07882862484447696,0.024611905208348436,0.041397868009797494
RAD51AP2,0.01750181866095129,0.03567626819947556,9.721715e-05,0.007471984052896841,0.04950495049504951,4.9396443382266014e-05,0.07904638448923684,0.016409921053214146,0.09105754229622841
ABCG1,0.017427804344326874,0.03626948135356545,9.721715e-05,0.004458954500207835,0.009900990099009901,4.2315265221246634e-05,0.08030143473114121,0.010103371224035878,0.022282798422377872
CTNND1,0.01740422592330627,0.036460145935459876,9.721715e-05,0.005961003763538697,0.0297029702970297,4.310981976529526e-05,0.08066403968022096,0.01330581197218459,0.0594059405940594
PLCL1,0.017383783302391854,0.03662611628780199,9.721715e-05,0.00799739186701598,0.009900990099009901,5.063972038782731e-05,0.08097151721695356,0.017461554294794714,0.022282798422377872
EFEMP1,0.017326079469945917,0.03709794133788513,9.721715e-05,0.0063084772375662235,0.019801980198019802,5.0215361793219325e-05,0.08195421503214684,0.01406049904360971,0.041397868009797494
SERPINB9,0.017311767325061178,0.03721573264260147,9.721715e-05,0.010860314157772555,0.0297029702970297,5.0710796425025234e-05,0.08215393519338074,0.023156320165826343,0.0594059405940594
HCCS,0.017303389884527367,0.037284822027046416,9.721715e-05,0.0008983502289978684,0.009900990099009901,3.170803424079804e-05,0.08224593094201416,0.0022163245781197413,0.022282798422377872
EMX2,0.01727427671938933,0.037525735741645416,9.721715e-05,0.024634718150090995,0.04950495049504951,6.795340543102736e-05,0.08271653727034257,0.049236611892253826,0.09105754229622841
SSBP2,0.017202036925884234,0.03812901921775369,9.721715e-05,0.012582284955995338,0.009900990099009901,5.13277890066532e-05,0.0839846238276513,0.026455213263186304,0.022282798422377872
CACNA1G,0.01718087954668327,0.03830719722638831,9.721715e-05,0.007867329277746693,0.009900990099009901,5.064915515181762e-05,0.0843151809825128,0.017202615038804724,0.022282798422377872
SLC16A4,0.017162228690720652,0.03846482886290403,9.721715e-05,0.007307332710280279,0.019801980198019802,5.0789434008966696e-05,0.08460006348146049,0.016107272689816925,0.041397868009797494
MARK1,0.017094966224869723,0.03903770855448019,9.721715e-05,0.007440167047475521,0.019801980198019802,4.952217172622589e-05,0.08579716165819821,0.016364003770107452,0.041397868009797494
NOS2,0.017051457014471673,0.039411966205251,9.721715e-05,0.0031473626898295137,0.009900990099009901,4.021831468015139e-05,0.08655629474066838,0.007308449849403407,0.022282798422377872
GLIS3,0.017037393874381603,0.039533556953955995,9.721715e-05,0.008883199663847985,0.039603960396039604,5.510442322982996e-05,0.08675981774825749,0.01926941358752274,0.07577288341079007
RBFA,0.01701603869609856,0.039718778376382935,9.721715e-05,0.011898127697110294,0.019801980198019802,6.051766485781701e-05,0.08710258415873451,0.025154604010804008,0.041397868009797494
FAHD1,0.016992101097819894,0.03992723616996752,9.721715e-05,0.0159299414639269,0.039603960396039604,5.6509574744271514e-05,0.08749576954704351,0.0328904503728704,0.07577288341079007
SRGN,0.01697636759706376,0.040064733187464285,9.721715e-05,0.008614970441148784,0.0297029702970297,5.5089951744320074e-05,0.08773299238130866,0.01871463528127904,0.0594059405940594
BCLAF3,0.01696119860178835,0.04019766095003774,9.721715e-05,0.007470369814555733,0.0297029702970297,4.50645173691099e-05,0.08789576009483471,0.016409921053214146,0.0594059405940594
ANKRD33B,0.016784859041157577,0.04176938814935449,9.721715e-05,0.005356169106594089,0.019801980198019802,4.369949049253544e-05,0.09126225885981544,0.012009347772632486,0.041397868009797494
EZR,0.016781686503546334,0.041798114557795474,9.721715e-05,0.009266259313772007,0.009900990099009901,4.972120870083245e-05,0.09126225885981544,0.02001351903622464,0.022282798422377872
IDH3A,0.016746084067269372,0.04212158271566391,9.721715e-05,0.006622082714187183,0.009900990099009901,4.294833687686744e-05,0.09190163501599398,0.01467226598416658,0.022282798422377872
AC131097.2,0.01671515695283957,0.042404214540854746,9.721715e-05,0.02699592055573674,0.0594059405940594,6.939789716453299e-05,0.09234576486769294,0.05352793236431608,0.10608203677510607
GPBP1L1,0.01671370860359261,0.04241748799589362,9.721715e-05,0.0036758837601376104,0.019801980198019802,4.309588910049095e-05,0.09234576486769294,0.00843737664912994,0.041397868009797494
SPON2,0.016693276801029173,0.04260509441741178,9.721715e-05,0.014798197730024998,0.04950495049504951,6.004026874167124e-05,0.09268693491822723,0.030744178109470218,0.09105754229622841
ZNHIT6,0.01666194469255711,0.042894091025755365,9.721715e-05,0.005270845089881515,0.009900990099009901,4.491548723333854e-05,0.0932480239690334,0.011847223871016891,0.022282798422377872
NIPAL2,0.0166373305995022,0.04312223230684742,9.721715e-05,0.008897854380922277,0.019801980198019802,4.8804486313231705e-05,0.09367610204239121,0.019287256606045397,0.041397868009797494
LETM2,0.016618145156507006,0.04330073581441418,9.721715e-05,0.004128038369120679,0.009900990099009901,4.012663228896305e-05,0.09392784341521514,0.009410421814104892,0.022282798422377872
BTBD6,0.016591696762511897,0.04354779235123707,9.721715e-05,0.01652050139953798,0.0297029702970297,5.664046320868343e-05,0.09439550365152544,0.03399280123361724,0.0594059405940594
LEFTY1,0.016552743050010487,0.04391373252964459,9.721715e-05,0.013563799135017929,0.039603960396039604,5.584741518774413e-05,0.09511999825915796,0.0284356375996183,0.07577288341079007
AC074387.1,0.016528167220045895,0.04414587675973325,9.721715e-05,0.007751538946907166,0.039603960396039604,4.436358147879592e-05,0.09555384580028842,0.016986571833982105,0.07577288341079007
DNAI1,0.016515649558206856,0.04426449881154082,9.721715e-05,0.013903235220261712,0.06930693069306931,5.269076175250691e-05,0.09574152590816327,0.02902554325733134,0.11997737569486898
EPB41L4A-DT,0.016500943269825735,0.04440418917952704,9.721715e-05,0.002845324686564732,0.039603960396039604,3.562893908494302e-05,0.09597447229004404,0.006653136445591735,0.07577288341079007
MBD2,0.01649379690319881,0.04447219838362737,9.721715e-05,0.024511461241757737,0.039603960396039604,6.079602364507947e-05,0.09605226432748892,0.049055626234338366,0.07577288341079007
PEX5,0.016487180180103162,0.0445352419752727,9.721715e-05,0.013455305954866992,0.0297029702970297,5.826609481559153e-05,0.09611922728476123,0.028247668204759255,0.0594059405940594
CRHBP,0.016449495382837773,0.04489567355193025,9.721715e-05,0.011301271473579844,0.019801980198019802,5.306689729517952e-05,0.09682747710696675,0.023994206950275678,0.041397868009797494
FOXP1,0.016434713455599288,0.0450376931399995,9.721715e-05,0.009997094839495402,0.0297029702970297,5.479717406724437e-05,0.09706399383620581,0.02145299321780129,0.0594059405940594
WDR20,0.016422141673109424,0.04515876275483932,9.721715e-05,0.010764673062881203,0.009900990099009901,5.793875870656233e-05,0.09724864265380787,0.022968719195336846,0.022282798422377872
VSTM2B,0.016419088758507658,0.04518820261980272,9.721715e-05,0.01613752640381283,0.009900990099009901,5.793841052029487e-05,0.09724864265380787,0.03325039781005391,0.022282798422377872
MCTP1,0.016341073337832534,0.04594577429836599,9.721715e-05,0.007229033418110542,0.009900990099009901,4.759757834915079e-05,0.09879822980676761,0.015946397245832078,0.022282798422377872
WNT7B,0.016338175461899036,0.04597410960341586,9.721715e-05,0.022042382736799482,0.0594059405940594,5.886428283211828e-05,0.09879822980676761,0.04441044204862219,0.10608203677510607
FAM110C,0.01628916297892254,0.04645548166931668,9.721715e-05,0.002205361243512005,0.009900990099009901,3.358698075743581e-05,0.099761234794524,0.005234243457702544,0.022282798422377872
FAM169A,0.01618429971596416,0.04749897507556322,9.721715e-05,0.006513615354505675,0.009900990099009901,4.729909452268696e-05,0.10179107828747572,0.01445328850851851,0.022282798422377872
ZNF384,0.01617052759961202,0.04763740553962892,9.721715e-05,0.029429639684242948,0.039603960396039604,6.707397977500466e-05,0.10200729237607904,0.05770517585145676,0.07577288341079007
FXR1,0.016140435166126222,0.047941004092427075,9.721715e-05,0.007815523706062422,0.019801980198019802,4.891207622594786e-05,0.10258417423486535,0.01711428548772793,0.041397868009797494
PLD1,0.016110347546383418,0.048246100542535864,9.721715e-05,0.019762831627654576,0.0297029702970297,5.7973032655894856e-05,0.103163436655458,0.04011400195058439,0.0594059405940594
AL157700.1,0.016106640495493103,0.048283798266506195,9.721715e-05,0.005573403094895735,0.019801980198019802,4.234204940300768e-05,0.10317050911646622,0.01246846329954303,0.041397868009797494
FGF9,0.016094808400124866,0.04840427880405296,9.721715e-05,0.026813639257401434,0.039603960396039604,5.76994222520393e-05,0.10335433196594938,0.053201665193256815,0.07577288341079007
FGFBP3,0.016031166293573856,0.049056446051454095,9.721715e-05,0.005080426368537672,0.009900990099009901,4.105719875296959e-05,0.10467235999599024,0.01145099857671902,0.022282798422377872
CCDC96,0.015989126189133764,0.04949108491829324,9.721715e-05,0.014999113449715828,0.039603960396039604,4.569460117047231e-05,0.10552470131832248,0.031118492634265204,0.07577288341079007
SRSF12,0.01594161359326382,0.04998599607180754,9.721715e-05,0.011332013041719935,0.019801980198019802,5.137729766063909e-05,0.1065042529939081,0.02404246048455432,0.041397868009797494
MYO1C,0.01589317765020939,0.050494579553763685,9.721715e-05,0.01393713146952924,0.0594059405940594,5.6192229305179655e-05,0.10743527564630571,0.029055868247802447,0.10608203677510607
CLK1,0.015832846117867495,0.05113382434288272,9.721715e-05,0.018842102232682678,0.009900990099009901,5.2815424692851065e-05,0.10871826578926162,0.038479446356737945,0.022282798422377872
HBS1L,0.015822781891193054,0.051241084227217404,9.721715e-05,0.009154347881514036,0.009900990099009901,4.249727004486796e-05,0.10886915912298314,0.019800319859078666,0.022282798422377872
AMDHD1,0.015790762005801044,0.0515835285068994,9.721715e-05,0.01944208038095141,0.039603960396039604,6.0605034690870714e-05,0.10951916880445733,0.039564870326271345,0.07577288341079007
PMEPA1,0.01578681314576786,0.05162588627769438,9.721715e-05,0.009809242658064155,0.019801980198019802,5.374708703979119e-05,0.1095315833331564,0.021110278317211236,0.041397868009797494
MSL2,0.01567766231582161,0.052807685399290705,9.721715e-05,0.009863229119172479,0.0297029702970297,4.5560284590991294e-05,0.11188068940527693,0.021199764415095933,0.0594059405940594
BGN,0.015610483421357685,0.05354564989084121,9.721715e-05,0.019621327064883065,0.039603960396039604,5.966445261211398e-05,0.11336411409493552,0.03985374488466432,0.07577288341079007
TMEM203,0.015551684634476601,0.054198242272866404,9.721715e-05,0.0077051517724321394,0.009900990099009901,4.832749129321793e-05,0.11464492922014868,0.01689726265884241,0.022282798422377872
RNF44,0.01554906731008139,0.054227436944493834,9.721715e-05,0.025980704217086315,0.039603960396039604,5.4324560109779775e-05,0.11464492922014868,0.0516172931465291,0.07577288341079007
USP15,0.015545677519956636,0.054265266497537046,9.721715e-05,0.00966746163459331,0.019801980198019802,4.7141550556353784e-05,0.11464492922014868,0.02085002509258083,0.041397868009797494
CCT8,0.015514698811377648,0.05461195238950445,9.721715e-05,0.012752045964791625,0.009900990099009901,4.914588106984169e-05,0.11529616971746189,0.026790012531074842,0.022282798422377872
LRFN1,0.015482807758400685,0.05497067553984003,9.721715e-05,0.006425981357929267,0.009900990099009901,4.3368953876143365e-05,0.11597188932455703,0.014290544161443885,0.022282798422377872
AL139393.1,0.015476153550846899,0.055045758964156644,9.721715e-05,0.011052971159232428,0.0594059405940594,4.627121076149744e-05,0.11604868369112434,0.023533650445491328,0.10608203677510607
NPM3,0.015425803969137415,0.05561651274418067,9.721715e-05,0.014488564078472321,0.0297029702970297,5.341756475193558e-05,0.11716961954532444,0.030142643713881388,0.0594059405940594
MATN2,0.015417347775707494,0.055712827133897025,9.721715e-05,0.028510874106377093,0.0891089108910891,5.7923597633504304e-05,0.11729016238715163,0.05619751794949493,0.1467215876362609
TAMM41,0.0153739404345014,0.056209301857431115,9.721715e-05,0.023188633734722353,0.039603960396039604,6.342135540378788e-05,0.11812744489071422,0.04662593914488408,0.07577288341079007
ZFP36,0.01537225373684659,0.05622866376797997,9.721715e-05,0.015944181816709646,0.019801980198019802,4.7066344187458455e-05,0.11812744489071422,0.03289721145125787,0.041397868009797494
SLC25A17,0.015290714985418731,0.05717094911821463,9.721715e-05,0.01831350073090754,0.0297029702970297,5.62107786156903e-05,0.11993905409415656,0.03745092174009722,0.0594059405940594
AC093323.1,0.01527733335231159,0.0573267715887662,9.721715e-05,0.012048941533966628,0.0297029702970297,4.485428781552371e-05,0.12018191108756017,0.025455510283028088,0.0594059405940594
GALNT14,0.015231839942744902,0.0578590201502821,9.721715e-05,0.00901268432091551,0.0297029702970297,4.498553087895092e-05,0.1212130310410938,0.01950797472059634,0.0594059405940594
GLRX2,0.015227439798618998,0.057910704843341154,9.721715e-05,0.018347035752402374,0.0297029702970297,5.356980112045732e-05,0.12123664656665978,0.037493942273301856,0.0594059405940594
ABCC12,0.01518441438219414,0.058418001599368385,9.721715e-05,0.025863733699005742,0.039603960396039604,6.0187535495985125e-05,0.12201542828392899,0.051453051125342986,0.07577288341079007
LYVE1,0.015182099837399042,0.058445390148001986,9.721715e-05,0.012130218352541355,0.009900990099009901,4.785204529391788e-05,0.12201542828392899,0.025609187232669996,0.022282798422377872
ADRA2A,0.01517798733840949,0.05849407918286753,9.721715e-05,0.01246025486321356,0.019801980198019802,5.342519724030623e-05,0.12203215406717843,0.026232115501502232,0.041397868009797494
ZNF253,0.015168349202023982,0.05860831258552979,9.721715e-05,0.011153601882751607,0.0297029702970297,4.749011354754335e-05,0.12218550226309198,0.023731067835641717,0.0594059405940594
PCDH18,0.015152944532377923,0.058791255837132184,9.721715e-05,0.017673660124269852,0.0297029702970297,4.783349015616876e-05,0.12248178299402539,0.036241271615044125,0.0594059405940594
FRZB,0.015132803190086749,0.059031126709072734,9.721715e-05,0.01590787268353966,0.0297029702970297,5.057130085354335e-05,0.12289616941514102,0.032890157167897296,0.0594059405940594
FKBP1B,0.015102422182374758,0.05939439725392204,9.721715e-05,0.008334702926948045,0.019801980198019802,4.176286488374886e-05,0.12356670718569078,0.018158394176357395,0.041397868009797494
HES4,0.015087464432353433,0.05957389212270803,9.721715e-05,0.010292469029483775,0.039603960396039604,4.5437060103260157e-05,0.12385424557735557,0.02203954824300594,0.07577288341079007
ZBTB3,0.015027510888061597,0.06029761218824592,9.721715e-05,0.008097389076981987,0.009900990099009901,3.916247036137425e-05,0.12520699103385333,0.017654191301559565,0.022282798422377872
TWSG1,0.015026651660780375,0.060308034014639356,9.721715e-05,0.019452727910416745,0.039603960396039604,5.274122078703248e-05,0.12520699103385333,0.039564870326271345,0.07577288341079007
LSR,0.015013972316369402,0.06046198956004023,9.721715e-05,0.021891590978343367,0.04950495049504951,5.835256180486594e-05,0.1254398123652287,0.04413627213375679,0.09105754229622841
MCTS1,0.014988558435181194,0.06077149658127545,9.721715e-05,0.0190686424743145,0.009900990099009901,4.7276463488579154e-05,0.1259948097745863,0.038905508474919456,0.022282798422377872
CFH,0.014980366449540762,0.060871527625732114,9.721715e-05,0.006836286913465384,0.039603960396039604,4.348682476287169e-05,0.12611504342347812,0.015113383006924209,0.07577288341079007
STON2,0.014944088479908173,0.06131606041728077,9.721715e-05,0.04666016864229772,0.04950495049504951,5.7791817062712786e-05,0.1269483652531693,0.0869444136191883,0.09105754229622841
NRBP1,0.01493017080112597,0.06148727258607334,9.721715e-05,0.0074972569774671705,0.009900990099009901,4.4116675646420955e-05,0.127127372679683,0.016453380345575357,0.022282798422377872
MRPL1,0.014910717301534893,0.06172721061547337,9.721715e-05,0.009864957041157973,0.009900990099009901,4.281902652985775e-05,0.12753555912287887,0.021199764415095933,0.022282798422377872
TLCD2,0.014887406585078705,0.06201568530585444,9.721715e-05,0.015764399487507963,0.0594059405940594,4.818699198891035e-05,0.12804339705269327,0.032615998939671646,0.10608203677510607
RCAN3,0.014866562588517597,0.062274523756080113,9.721715e-05,0.019378245876127576,0.04950495049504951,4.804664093567979e-05,0.1284893887677031,0.039493707627977395,0.09105754229622841
AC004158.1,0.014860127491646868,0.06235460407112303,9.721715e-05,0.0096871665224465,0.019801980198019802,4.338108731903555e-05,0.1285661939610784,0.020877514056996765,0.041397868009797494
GALNT10,0.014845940803163066,0.06253143121880178,9.721715e-05,0.01367165527273051,0.009900990099009901,4.3597206374783314e-05,0.128833926954544,0.02864173590655833,0.022282798422377872
LRCH4,0.014842823075633737,0.0625703438575902,9.721715e-05,0.019076667655535506,0.0297029702970297,4.9585365252183764e-05,0.128833926954544,0.038905508474919456,0.0594059405940594
TACR2,0.014806798120591906,0.06302134493011757,9.721715e-05,0.02597937065689271,0.0594059405940594,5.510301329883343e-05,0.12961368333979115,0.0516172931465291,0.10608203677510607
ZFP69B,0.01480567431125258,0.06303545466425176,9.721715e-05,0.010538960563396316,0.04950495049504951,4.7041929948586296e-05,0.12961368333979115,0.02251914650298358,0.09105754229622841
AC008780.1,0.0147881433255065,0.06325587970600166,9.721715e-05,0.03437644753879465,0.0594059405940594,5.705767015125124e-05,0.1299564958520692,0.06649216158374208,0.10608203677510607
DLX5,0.014653963849757149,0.06496290692878115,9.721715e-05,0.04661543996117157,0.07920792079207921,6.389119889290791e-05,0.13330281859531015,0.0869150527554473,0.1337971635001338
MYL3,0.01464971800983352,0.06501750035844245,9.721715e-05,0.037570917211881216,0.06930693069306931,6.607348227186853e-05,0.13332365076919162,0.07197493718751191,0.11997737569486898
MCC,0.014628732299606716,0.06528785982607188,9.721715e-05,0.03814991241909571,0.07920792079207921,7.146213761748317e-05,0.13378659800424567,0.07289792181992812,0.1337971635001338
TNFRSF1B,0.014615834173678337,0.06545445898126867,9.721715e-05,0.025452320085662117,0.0594059405940594,5.80903817925577e-05,0.13398471427928635,0.050668188624410325,0.10608203677510607
BICD1,0.014574835338422245,0.0659862122837398,9.721715e-05,0.013918585947372497,0.0297029702970297,4.4933488083807445e-05,0.13494112941460082,0.0290373837566881,0.0594059405940594
KCNK12,0.014566433686594873,0.06609559349983196,9.721715e-05,0.029991164504103662,0.04950495049504951,6.288771290796981e-05,0.13507273875987458,0.05872943440751369,0.09105754229622841
HNRNPL,0.014504559119408624,0.0669054706298563,9.721715e-05,0.01715384612435311,0.019801980198019802,4.331438800712098e-05,0.1364489543776811,0.03519941065188737,0.041397868009797494
LHX6,0.014459964473428925,0.06749391539471328,9.721715e-05,0.020873903034508534,0.039603960396039604,5.505659943168509e-05,0.13754154457441534,0.04225486444232497,0.07577288341079007
KLHL3,0.014457020820304353,0.06753289838603793,9.721715e-05,0.05302429927857977,0.0594059405940594,7.139557102259113e-05,0.13754154457441534,0.09711410124282008,0.10608203677510607
AC100793.4,0.014450857735319013,0.06761457286974737,9.721715e-05,0.013758365449022092,0.04950495049504951,4.6402819230079154e-05,0.1376144630998929,0.028763133342903327,0.09105754229622841
NCBP2,0.014435726777354642,0.06781541514921974,9.721715e-05,0.007372227126339004,0.009900990099009901,3.667147446074753e-05,0.13792965793061643,0.01623838574083481,0.022282798422377872
AL805961.2,0.014408346092235859,0.06818002632897291,9.721715e-05,0.04412894303622028,0.0891089108910891,6.73887043237368e-05,0.13855568037471772,0.08279351413925005,0.1467215876362609
MTHFSD,0.014405682224740474,0.06821557997115268,9.721715e-05,0.032319247123857586,0.06930693069306931,5.596994603880691e-05,0.13855568037471772,0.0627558196579759,0.11997737569486898
NSUN6,0.01438065759138588,0.06855027333983965,9.721715e-05,0.01373290060090937,0.04950495049504951,5.0047700628750204e-05,0.13914128553418062,0.028749966366174537,0.09105754229622841
PLXDC1,0.014340418465121732,0.06909110789170625,9.721715e-05,0.02066753849197389,0.0297029702970297,5.391890550221939e-05,0.14004954302372888,0.04189365910535248,0.0594059405940594
NANOS1,0.014289466679780191,0.0697806368253523,9.721715e-05,0.012329722390953979,0.0297029702970297,4.076695345851556e-05,0.1412563498488913,0.026012072554755232,0.0594059405940594
SAMD12,0.014281136037123271,0.06989387721830675,9.721715e-05,0.016248953660322862,0.0297029702970297,4.265176735621462e-05,0.14136468198660596,0.03345700822303952,0.0594059405940594
MGAT4A,0.014275136523290594,0.06997551758336995,9.721715e-05,0.031194596330700763,0.04950495049504951,6.12288155326429e-05,0.14136468198660596,0.06084124854002646,0.09105754229622841
LPAR6,0.01422147523182973,0.07070899771770045,9.721715e-05,0.036671181446731205,0.0594059405940594,5.265426340041047e-05,0.14275033186615166,0.07038614481138426,0.10608203677510607
ACHE,0.014206456742739394,0.07091533544566253,9.721715e-05,0.016577465384614465,0.009900990099009901,4.704755808414716e-05,0.14307061623200243,0.03408663204512913,0.022282798422377872
AFAP1,0.014196143195986275,0.07105730003685007,9.721715e-05,0.028579721182214746,0.04950495049504951,5.8847129422868975e-05,0.14326068555816546,0.05629623345150639,0.09105754229622841
GPR17,0.014181548503410116,0.07125856685347709,9.721715e-05,0.027369500587004603,0.06930693069306931,5.064491303004454e-05,0.14353899244858553,0.05416128084499592,0.11997737569486898
C1QC,0.014179197219758964,0.07129103291613081,9.721715e-05,0.01258386310885562,0.019801980198019802,4.351864776833331e-05,0.14353899244858553,0.026455213263186304,0.041397868009797494
RIT2,0.014102210014480292,0.07236034152569049,9.721715e-05,0.03944685632529654,0.0594059405940594,5.831255306294819e-05,0.1455655505199594,0.07523240240043842,0.10608203677510607
HYAL3,0.014099757928391111,0.07239460045859314,9.721715e-05,0.01140209068429221,0.019801980198019802,4.078935938879494e-05,0.1455655505199594,0.02417404385362306,0.041397868009797494
RSBN1,0.014081887870818982,0.07264464454489028,9.721715e-05,0.024806447880993288,0.0297029702970297,5.267520738681468e-05,0.14597048468497711,0.049546833317563155,0.0594059405940594
ARMC8,0.014034386368322887,0.07331251778427206,9.721715e-05,0.02252873176037562,0.009900990099009901,5.140136135531514e-05,0.14721389113307642,0.04532944016172157,0.022282798422377872
FOXO6,0.014000129140352495,0.07379708381030248,9.721715e-05,0.03274895491444563,0.07920792079207921,5.0663293432930114e-05,0.1480815296729211,0.06350799272355324,0.1337971635001338
JAG1,0.013996869192366526,0.07384332279689665,9.721715e-05,0.04921873454944481,0.04950495049504951,6.59362878328661e-05,0.1480815296729211,0.09120210231521583,0.09105754229622841
LRRC61,0.013984555172912373,0.07401818421122841,9.721715e-05,0.02901178401727378,0.039603960396039604,5.8359716016473924e-05,0.1483330344914397,0.05696030893443805,0.07577288341079007
PAXIP1-AS1,0.013972375750609573,0.074191445333883,9.721715e-05,0.01941579876290045,0.04950495049504951,4.0848410580361416e-05,0.1485621565677727,0.03954337833584613,0.09105754229622841
C19orf73,0.013969559151631707,0.07423155756503041,9.721715e-05,0.015928432785180524,0.009900990099009901,4.405191810125911e-05,0.1485621565677727,0.0328904503728704,0.022282798422377872
CRLF3,0.01396093253058485,0.07435451552804295,9.721715e-05,0.007383882857475155,0.009900990099009901,3.899272907246393e-05,0.1487090310560859,0.0162521266121977,0.022282798422377872
SOX9,0.013929884190663079,0.07479834468482127,9.721715e-05,0.0250564370686972,0.04950495049504951,5.327574084417123e-05,0.1494970246865182,0.050012848440513374,0.09105754229622841
AC027601.4,0.013925365091776354,0.07486311236583221,9.721715e-05,0.03064315032161713,0.06930693069306931,5.147960837555592e-05,0.14952685559087656,0.059810963542518795,0.11997737569486898
SHISA8,0.013898395917868045,0.0752505241663115,9.721715e-05,0.029915949724105495,0.06930693069306931,5.8023496307541434e-05,0.15008779753096332,0.05862041095513814,0.11997737569486898
CSGALNACT1,0.01389566382654541,0.07528985572364888,9.721715e-05,0.032795536235760814,0.039603960396039604,5.4256102621347005e-05,0.15008779753096332,0.06355724076697832,0.07577288341079007
KIAA1551,0.01389537288402951,0.07529404509469995,9.721715e-05,0.028217238302875147,0.06930693069306931,5.3684809068416975e-05,0.15008779753096332,0.05572858124333473,0.11997737569486898
PRPF38B,0.013874356041200681,0.07559714339968249,9.721715e-05,0.03011168670587261,0.019801980198019802,5.690822157775378e-05,0.15059191912287348,0.05892697985493661,0.041397868009797494
ROBO1,0.013858094860348918,0.07583229425197735,9.721715e-05,0.016632883636119367,0.0297029702970297,4.062072927995478e-05,0.15096010799995493,0.034153765166569545,0.0594059405940594
CNNM1,0.013843819257459243,0.07603919074810306,9.721715e-05,0.025289610924673633,0.0297029702970297,5.176762808032572e-05,0.15127159963150474,0.05037771100532596,0.0594059405940594
KLK7,0.013840054464405326,0.07609382548960231,9.721715e-05,0.0402394985219483,0.06930693069306931,5.9201812887494314e-05,0.15127997115229086,0.07650094776035798,0.11997737569486898
LRRC63,0.013792396666268157,0.07678802211275604,9.721715e-05,0.06895543083853772,0.1188118811881188,7.073581099237102e-05,0.1525589843299789,0.12197304983231909,0.18391932072464212
MTFMT,0.013775320433531128,0.07703792757169758,9.721715e-05,0.021208059475991692,0.0297029702970297,4.870023912559512e-05,0.1529541910755081,0.0429023455347101,0.0594059405940594
FILIP1,0.013700422902145001,0.07814133581920923,9.721715e-05,0.03256969636887541,0.0594059405940594,6.193049081049508e-05,0.1550423329746215,0.06320122193184104,0.10608203677510607
ITGA1,0.013686607536587297,0.07834617022474422,9.721715e-05,0.04120345572125106,0.0594059405940594,5.774476635352114e-05,0.15525083833666817,0.07813550389617774,0.10608203677510607
AC022596.2,0.013686354675221796,0.07834992308057187,9.721715e-05,0.007911639588374486,0.019801980198019802,3.798600297608085e-05,0.15525083833666817,0.017286903689092102,0.041397868009797494
ZNF860,0.013681892858945324,0.07841616579678745,9.721715e-05,0.007865281593897766,0.0297029702970297,3.265971161274655e-05,0.15527953623126228,0.017202615038804724,0.0594059405940594
AC092069.1,0.013560420842746787,0.08023596671209954,9.721715e-05,0.02893857197655547,0.04950495049504951,5.240935281756278e-05,0.15836287176091732,0.05685377598537421,0.09105754229622841
TNRC6C,0.013480141985538653,0.08145604557821962,9.721715e-05,0.04631451801176345,0.04950495049504951,7.171490910507129e-05,0.1606628117913602,0.08653468949798958,0.09105754229622841
TNRC18,0.013469934147070938,0.08161218177190732,9.721715e-05,0.03709997396952336,0.04950495049504951,5.086563775438706e-05,0.16086501006289222,0.07111816096394255,0.09105754229622841
PPP2R2D,0.013456663015005886,0.08181551048802504,9.721715e-05,0.03772200137564352,0.06930693069306931,5.687548741364031e-05,0.16115990247148726,0.07217219650952206,0.11997737569486898
EHBP1,0.013428850853587722,0.08224286234838796,9.721715e-05,0.03808324714944655,0.0297029702970297,5.71257779056266e-05,0.16189539832359834,0.07281691615572955,0.0594059405940594
THYN1,0.0134147268852585,0.08246052890682098,9.721715e-05,0.03495943612964947,0.0594059405940594,4.887199302847837e-05,0.1622174339150577,0.06748925893754723,0.10608203677510607
RHBDF2,0.013401118546854811,0.08267065899674719,9.721715e-05,0.04017848537681834,0.04950495049504951,5.3859194453841545e-05,0.16252423131732735,0.07643339006370009,0.09105754229622841
STS,0.013388748723592058,0.08286201424556716,9.721715e-05,0.043814829734709515,0.06930693069306931,5.3010634259534476e-05,0.16279374115042664,0.0824925751100485,0.11997737569486898
C2orf69,0.013355064819353368,0.0833847771508488,9.721715e-05,0.028856172849448747,0.039603960396039604,3.8699252931406136e-05,0.1637135677045461,0.056729042299047336,0.07577288341079007
DYRK3,0.013328379100115346,0.08380068748725855,9.721715e-05,0.10426991515334083,0.07920792079207921,8.52592177110989e-05,0.16431507350442853,0.17112130495624864,0.1337971635001338
LGI1,0.013304601704681231,0.08417258114283599,9.721715e-05,0.04908563953330658,0.0594059405940594,6.727321939166917e-05,0.16493647513292486,0.09101169258338673,0.10608203677510607
CCDC144A,0.013237810263978324,0.08522386851377284,9.721715e-05,0.006849544352858783,0.0297029702970297,3.905575928726418e-05,0.1665848848890637,0.01513154128024768,0.0594059405940594
EFCAB10,0.013237047379615065,0.0852359327682376,9.721715e-05,0.027241581697311834,0.0594059405940594,5.070105855604667e-05,0.1665848848890637,0.05394372613329076,0.10608203677510607
DENND6A,0.013190739814030242,0.08597063912771707,9.721715e-05,0.02405777038027146,0.039603960396039604,4.5451199545354276e-05,0.16791140454632242,0.04821196468992276,0.07577288341079007
ASB8,0.013183615491208433,0.08608409153012353,9.721715e-05,0.02836184503459982,0.04950495049504951,3.750931963567188e-05,0.16800099555700262,0.05596977115313614,0.09105754229622841
RBM25,0.013180828091507177,0.08612851038889002,9.721715e-05,0.016613254523301757,0.039603960396039604,4.036906281562251e-05,0.16800099555700262,0.03413682436294881,0.07577288341079007
AL138963.3,0.013162319695123822,0.08642388760331776,9.721715e-05,0.040295266279690156,0.10891089108910891,5.7637838597444724e-05,0.16846761716046346,0.0765584539829452,0.17097471128588526
ADA,0.013133132521327773,0.08689122643690728,9.721715e-05,0.016101098871954767,0.019801980198019802,4.173871246658615e-05,0.16926862292904016,0.03319814200403045,0.041397868009797494
ABHD1,0.013095142334723971,0.08750234195752937,9.721715e-05,0.05351639761874516,0.07920792079207921,5.405413685401376e-05,0.17034849180570286,0.09765765988822109,0.1337971635001338
CDH24,0.013034282645276039,0.08848801610320045,9.721715e-05,0.024564721503236964,0.0297029702970297,4.415962864759535e-05,0.17215567335253004,0.04912944300647393,0.0594059405940594
MYO9A,0.013014665566044347,0.08880748768587887,9.721715e-05,0.044821056001338566,0.039603960396039604,6.47269403874068e-05,0.17266523853378912,0.08398698813492549,0.07577288341079007
ZNF709,0.013005835854581923,0.08895156284916905,9.721715e-05,0.01567918133721291,0.04950495049504951,4.206375703498583e-05,0.17283334750486212,0.03246207316193149,0.09105754229622841
AP001816.1,0.012895231766149177,0.09077106467120055,9.721715e-05,0.046444631526482816,0.039603960396039604,5.375809188745394e-05,0.17614048771901789,0.0866504319523933,0.07577288341079007
KLHL14,0.012873487598543728,0.09113199475569655,9.721715e-05,0.011280479737528215,0.0297029702970297,3.6409789291371014e-05,0.17672655738014845,0.023967024938091108,0.0594059405940594
ZNF594,0.012828076161564223,0.09188920692007119,9.721715e-05,0.05603838151101992,0.0891089108910891,5.9734872715644354e-05,0.17807985837223098,0.10164156259556212,0.1467215876362609
POLR3F,0.012808178299173118,0.09222245778984794,9.721715e-05,0.04866517814262805,0.04950495049504951,4.826563626126302e-05,0.17861031205264288,0.09034771713724862,0.09105754229622841
MTA3,0.012804073869012304,0.09229131025028048,9.721715e-05,0.02871466489525709,0.04950495049504951,4.210979499505512e-05,0.1786283424198977,0.056487865367718874,0.09105754229622841
TCTN1,0.012793565541499326,0.09246776247574129,9.721715e-05,0.043262655444819886,0.04950495049504951,6.56031306933627e-05,0.17885447287377423,0.08162765178267903,0.09105754229622841
AL022341.2,0.012769952067599477,0.09286518225280593,9.721715e-05,0.021671940833235537,0.06930693069306931,4.673041329647442e-05,0.17950743992166096,0.04375223586790485,0.11997737569486898
AC003956.1,0.01274600379413705,0.09326952524848764,9.721715e-05,0.0971429575317484,0.06930693069306931,8.916211449355838e-05,0.18017293995200442,0.16226551926238597,0.11997737569486898
ADTRP,0.012723419791789663,0.0936520242368758,9.721715e-05,0.03457707669713961,0.06930693069306931,5.067543452734425e-05,0.1807954135847023,0.06683713279086265,0.11997737569486898
KCNJ2,0.012709144391640238,0.09389439944352951,9.721715e-05,0.04704362839440346,0.039603960396039604,6.572312066244647e-05,0.18108466336962495,0.08759543753846921,0.07577288341079007
ACTR6,0.012707486455192476,0.09392257873437881,9.721715e-05,0.07124906891547023,0.06930693069306931,6.710531939994401e-05,0.18108466336962495,0.12543850161174336,0.11997737569486898
TNNI3K,0.01267460240250703,0.09448278624355644,9.721715e-05,0.04155065271115399,0.04950495049504951,5.1446610381738475e-05,0.18204775769471374,0.0786447685384618,0.09105754229622841
AL161772.1,0.012655782904557458,0.09480449861198492,9.721715e-05,0.0531999950248524,0.06930693069306931,6.212215751698462e-05,0.18255038243642796,0.097257760557317,0.11997737569486898
STYX,0.012650050590962669,0.09490265059405378,9.721715e-05,0.030541929131565615,0.04950495049504951,5.199336142032205e-05,0.18262216278522214,0.05965220533508909,0.09105754229622841
SMKR1,0.012641929047736339,0.09504184049412223,9.721715e-05,0.014401435399454265,0.04950495049504951,3.825743142415495e-05,0.1827727701810043,0.029982169464512695,0.09105754229622841
AC116407.2,0.012616248471331148,0.09548295276006735,9.721715e-05,0.04209330136591183,0.06930693069306931,4.685337908167345e-05,0.18350343259462015,0.07957145815862349,0.11997737569486898
AF001548.2,0.012603579108306638,0.09570112719357038,9.721715e-05,0.02633131208438244,0.039603960396039604,4.937929815223843e-05,0.18366371769297,0.052279243053042566,0.07577288341079007
NOB1,0.01260278385293434,0.0957148342172488,9.721715e-05,0.046372345339276255,0.06930693069306931,4.8254334792169555e-05,0.18366371769297,0.08656940635832532,0.11997737569486898
RANBP1,0.012554709228311502,0.09654613362520803,9.721715e-05,0.02004736873434554,0.039603960396039604,4.2938047524838714e-05,0.185072460623402,0.04066403394390576,0.07577288341079007
MED23,0.012506534163306462,0.09738447843092679,9.721715e-05,0.023385736798167245,0.0297029702970297,4.0189753316484656e-05,0.1865603035075226,0.046927899929432595,0.0594059405940594
SMIM24,0.01249977675588764,0.09750249692608903,9.721715e-05,0.04866730363126459,0.06930693069306931,5.01916501571989e-05,0.1866671925834506,0.09034771713724862,0.11997737569486898
RAMP3,0.012473112833745085,0.09796920742350035,9.721715e-05,0.031925092045483106,0.0594059405940594,4.9973987519775565e-05,0.18732162031262017,0.06211107401844962,0.10608203677510607
CLCA4,0.01245685132462704,0.09825464235871673,9.721715e-05,0.0415994872386799,0.0594059405940594,4.545979096954838e-05,0.18774772425232497,0.07868755467593928,0.10608203677510607
CEMIP,0.012409426551042569,0.09909055752278428,9.721715e-05,0.04150578212200362,0.0891089108910891,5.408635650754567e-05,0.18901944440147153,0.07860943583712807,0.1467215876362609
NEXMIF,0.012409048984183348,0.09909723337066045,9.721715e-05,0.036630117853729605,0.039603960396039604,4.571445596892283e-05,0.18901944440147153,0.07035233902764969,0.07577288341079007
ANKRD42,0.012408372495500393,0.09910919534783824,9.721715e-05,0.0667513735250499,0.0891089108910891,6.114853375718037e-05,0.18901944440147153,0.1183534991578899,0.1467215876362609
RET,0.012390616548650348,0.0994235417090723,9.721715e-05,0.050352553876927275,0.07920792079207921,5.7415619176630756e-05,0.18949849118628775,0.09285808569959715,0.1337971635001338
AP003392.3,0.012305032820446054,0.10094891759037394,9.721715e-05,0.053817889225249216,0.0594059405940594,4.864006585575079e-05,0.1920397924991261,0.0981481262466551,0.10608203677510607
CAVIN2,0.012298036939803423,0.10107435678136878,9.721715e-05,0.03571809884356014,0.04950495049504951,4.4375695410476566e-05,0.1921565718276973,0.06873271105239283,0.09105754229622841
ARMC9,0.012264655656106639,0.10167446227002741,9.721715e-05,0.05577314797598387,0.07920792079207921,4.490409777608101e-05,0.19317503914508058,0.1013443028031203,0.1337971635001338
AC010654.1,0.0122345050632753,0.10221871468734878,9.721715e-05,0.023383218936885886,0.04950495049504951,4.078566245030722e-05,0.19396340547884017,0.046927899929432595,0.09105754229622841
GJB6,0.012228807873641466,0.1023217930337641,9.721715e-05,0.025125992824424404,0.04950495049504951,4.955978764824647e-05,0.19403626997553242,0.05011528114360858,0.09105754229622841
CASC2,0.012203332444527872,0.10278364076122104,9.721715e-05,0.049077430974301395,0.06930693069306931,4.781070483280686e-05,0.19478895911791733,0.09101169258338673,0.11997737569486898
SPHKAP,0.012180375129414415,0.10320113325304214,9.721715e-05,0.028703402675706147,0.039603960396039604,4.231171873894611e-05,0.19533337524235106,0.056487865367718874,0.07577288341079007
LINC00636,0.012136494978844113,0.10400254358272454,9.721715e-05,0.051923707781030504,0.07920792079207921,4.813732105061423e-05,0.19672612279203885,0.09533116483665331,0.1337971635001338
ARHGAP44,0.012056502476730855,0.10547508980667764,9.721715e-05,0.04985646960660206,0.0594059405940594,5.2108387005168766e-05,0.1993858030371978,0.09209938966736834,0.10608203677510607
LRTOMT,0.012043052492545303,0.10572415818717062,9.721715e-05,0.07549150601195853,0.09900990099009901,7.107855672411575e-05,0.19947954374937854,0.13121350987014807,0.15943623347842031
SLF2,0.012031163709077279,0.10594466986105577,9.721715e-05,0.045225363366687144,0.06930693069306931,5.374113080653726e-05,0.1997491713319788,0.08469169169791599,0.11997737569486898
NIFK-AS1,0.012028171197227443,0.10600022692017008,9.721715e-05,0.08909347944838597,0.09900990099009901,6.483991536990187e-05,0.1997491713319788,0.1513479265827621,0.15943623347842031
BTG1,0.011994432065707163,0.10662806318177775,9.721715e-05,0.06356579159447662,0.06930693069306931,5.909387450190896e-05,0.20068016909995814,0.11372611117862726,0.11997737569486898
DPY19L1,0.01186644570843203,0.10903410030479399,9.721715e-05,0.041449549278091746,0.04950495049504951,4.7278960725597896e-05,0.20495131636239472,0.07855252547964324,0.09105754229622841
HMCN2,0.011862721857918342,0.10910468509576521,9.721715e-05,0.021544219475122528,0.0594059405940594,3.846568876334754e-05,0.20495557626004735,0.043523675707318236,0.10608203677510607
KLF6,0.011857262215623332,0.10920823080536879,9.721715e-05,0.03837913722237629,0.04950495049504951,5.259019083156625e-05,0.2049874516202259,0.07328924994724945,0.09105754229622841
GREM2,0.011840863871146263,0.10951966068572627,9.721715e-05,0.044173472310704454,0.07920792079207921,5.1415320393421085e-05,0.2052211005978631,0.08282526058257085,0.1337971635001338
SOX21,0.011821417832098014,0.10988979694587098,9.721715e-05,0.014964149394574688,0.039603960396039604,3.551149291581515e-05,0.20565776097168617,0.031067438189428417,0.07577288341079007
GNPDA2,0.011742118294050365,0.1114084794639929,9.721715e-05,0.058183613877316964,0.039603960396039604,3.977440031834963e-05,0.20836997405983712,0.1052779503208389,0.07577288341079007
ARL4A,0.011699510662941186,0.1122306440581895,9.721715e-05,0.06248940477770304,0.04950495049504951,5.4849517707844614e-05,0.2097769047816626,0.11198818060520258,0.09105754229622841
LINC00987,0.011685669202316316,0.1124986622283044,9.721715e-05,0.025141166040376972,0.0594059405940594,4.2405604448738117e-05,0.2101469406506309,0.05011528114360858,0.10608203677510607
GNG13,0.011667829344725511,0.11284477707223384,9.721715e-05,0.05124058972907952,0.06930693069306931,5.391974772349531e-05,0.21046623855911606,0.09425001176409477,0.11997737569486898
TMTC1,0.011665214312664922,0.1128955756771648,9.721715e-05,0.029383904903981573,0.0297029702970297,3.724906999067131e-05,0.21046623855911606,0.057653181629787255,0.0594059405940594
PARPBP,0.011662402519721131,0.11295021469339228,9.721715e-05,0.032178395056273734,0.07920792079207921,3.784040356615581e-05,0.21046623855911606,0.06252278832177538,0.1337971635001338
CEP104,0.01162260508545481,0.11372558693699575,9.721715e-05,0.049287417963234326,0.09900990099009901,5.188775089750175e-05,0.21177949150278536,0.09121668962967487,0.15943623347842031
STAT3,0.011594342812473369,0.1142785189465334,9.721715e-05,0.043780351822684804,0.0594059405940594,4.850121223265706e-05,0.21254529252300078,0.0824925751100485,0.10608203677510607
RRAD,0.011569717748005741,0.11476184986205051,9.721715e-05,0.049986236991136024,0.06930693069306931,4.975360134190761e-05,0.21331198859117195,0.09228228367594343,0.11997737569486898
PTPRJ,0.011561150872940275,0.11493033757748816,9.721715e-05,0.036012334567343096,0.0594059405940594,4.8217499486954445e-05,0.21338229127949393,0.06925448955258287,0.10608203677510607
FAM218A,0.01156056190023629,0.11494192756922073,9.721715e-05,0.012401213949149503,0.04950495049504951,3.140818850207217e-05,0.21338229127949393,0.026126152982758784,0.09105754229622841
CDHR1,0.011490696761112916,0.1163226587614874,9.721715e-05,0.035401978513131316,0.0594059405940594,5.239134613320804e-05,0.21581198285990238,0.06821190464957864,0.10608203677510607
AC011445.2,0.011477564289869825,0.11658350166555376,9.721715e-05,0.023906535340023738,0.04950495049504951,4.682699637432373e-05,0.21614410142242824,0.04794091311502087,0.09105754229622841
ERBB4,0.011457803701125579,0.11697677637547432,9.721715e-05,0.061900899385453956,0.09900990099009901,5.321116722556322e-05,0.21662365995458208,0.11099981957941535,0.15943623347842031
CD109,0.011412781142009035,0.11787632301492801,9.721715e-05,0.04385855243350911,0.0594059405940594,4.1712357060182165e-05,0.2180719279003402,0.0824925751100485,0.10608203677510607
BANP,0.01141138866708382,0.1179042223514506,9.721715e-05,0.04927353759726083,0.0594059405940594,4.802826519897992e-05,0.2180719279003402,0.09121668962967487,0.10608203677510607
AC011139.1,0.01136680274579794,0.1188000072545472,9.721715e-05,0.06934484855798395,0.0891089108910891,4.8383167095090986e-05,0.21959335906570646,0.12237326216114815,0.1467215876362609
UST,0.01131449030614782,0.11985714333796982,9.721715e-05,0.05531116175337314,0.07920792079207921,5.119613869673081e-05,0.22127472616240584,0.10062673454221918,0.1337971635001338
RC3H1,0.011225346402252988,0.12167382035629526,9.721715e-05,0.09778679553740566,0.12871287128712872,5.8679247559483945e-05,0.22407701723074633,0.16288749950706105,0.19492105697192638
AC233266.2,0.011182724165285644,0.12254922908004573,9.721715e-05,0.047730474513406174,0.039603960396039604,4.464947106588901e-05,0.22555072836818232,0.08871835411413787,0.07577288341079007
GPR19,0.01117367548787182,0.12273564512513857,9.721715e-05,0.07291234867633878,0.07920792079207921,5.970069438217473e-05,0.22575532518419114,0.12776696613844413,0.1337971635001338
NPPC,0.011163244873460664,0.12295077776652319,9.721715e-05,0.04608382623801455,0.0594059405940594,4.3719336580136964e-05,0.2259358224508451,0.08619169495888009,0.10608203677510607
POLR1E,0.011161615901674238,0.12298439935407668,9.721715e-05,0.07615249275358493,0.09900990099009901,5.0368824477067676e-05,0.2259358224508451,0.13220918880830718,0.15943623347842031
ANKRD27,0.01115574462353055,0.12310563461033719,9.721715e-05,0.06697893356218787,0.0594059405940594,5.056054915121528e-05,0.22602013698348322,0.1186868285213016,0.10608203677510607
KLHL23,0.011144676311910042,0.12333441048371274,9.721715e-05,0.06940217168102825,0.0594059405940594,5.629435855275387e-05,0.22630167061231693,0.12240241919052602,0.10608203677510607
KCNC4,0.011096992137130352,0.12432342128092289,9.721715e-05,0.04406382036758005,0.0297029702970297,4.374525563861064e-05,0.22797693388922288,0.08277486606308088,0.0594059405940594
AC106881.1,0.011091789678223489,0.12443165939755363,9.721715e-05,0.0304536591796003,0.039603960396039604,4.064568407638174e-05,0.22803602821787472,0.0595185521425413,0.07577288341079007
PLK5,0.011078980544547716,0.12469843657300483,9.721715e-05,0.033122327926238815,0.0594059405940594,4.262112266059758e-05,0.2283854149688733,0.06414911799788021,0.10608203677510607
AL020994.2,0.011070219569333373,0.12488113237658882,9.721715e-05,0.0721484824578188,0.09900990099009901,5.302770066445078e-05,0.22858047414872878,0.12676919485392996,0.15943623347842031
RAMMET,0.011064521326841124,0.1250000602273691,9.721715e-05,0.04063562260666653,0.04950495049504951,4.20820680690116e-05,0.2286586467573825,0.07715624545569595,0.09105754229622841
AC017048.3,0.011007368177907303,0.12619727895292132,9.721715e-05,0.13762549173107308,0.09900990099009901,8.246718166847991e-05,0.23056750113201216,0.21359362400063076,0.15943623347842031
ITPRIPL1,0.010976782038523897,0.12684125660234957,9.721715e-05,0.21161625846009113,0.10891089108910891,0.0001491775126822652,0.23160302483691342,0.28752209029903686,0.17097471128588526
CLMP,0.010963034723341172,0.1271314442173761,9.721715e-05,0.05567822673557665,0.06930693069306931,4.1283211861646923e-05,0.23199168652805854,0.10123313951923027,0.11997737569486898
CALHM1,0.010949961246603693,0.12740783623909202,9.721715e-05,0.046324903777923754,0.07920792079207921,4.660081942505621e-05,0.23235471654545656,0.08653468949798958,0.1337971635001338
ID4,0.0109207305824255,0.12802732534417138,9.721715e-05,0.11282388436775226,0.07920792079207921,5.775085058087742e-05,0.233342634284638,0.18216988864545575,0.1337971635001338
PROX1,0.010915574872357761,0.12813680766903013,9.721715e-05,0.08105068776993096,0.10891089108910891,6.0557307328842344e-05,0.23340037826781443,0.1396622994312423,0.17097471128588526
LBH,0.01089434654609514,0.12858827955675256,9.721715e-05,0.05514978834486284,0.0594059405940594,4.1481186425746786e-05,0.23408060598923403,0.10039403218118235,0.10608203677510607
NHLRC1,0.010878816737510327,0.12891925703657958,9.721715e-05,0.07982395859542724,0.1188118811881188,6.077991186325202e-05,0.23430676149907792,0.13802413589987417,0.18391932072464212
STK3,0.010877524652051234,0.1289468210783259,9.721715e-05,0.037713680848739495,0.0594059405940594,4.301573328958711e-05,0.23430676149907792,0.07217219650952206,0.10608203677510607
LRRC4C,0.010846839660810974,0.1296026249170794,9.721715e-05,0.060933450022403024,0.07920792079207921,5.275916277152958e-05,0.2353558563869481,0.10952687241893892,0.1337971635001338
SNTB2,0.01082555674487904,0.13005884105243815,9.721715e-05,0.09300071337051352,0.12871287128712872,5.9272653511813645e-05,0.23580177159964935,0.15656685752611704,0.19492105697192638
CA13,0.010820724535568423,0.13016257792300645,9.721715e-05,0.03937385058110676,0.06930693069306931,4.390605183381349e-05,0.23580177159964935,0.07514093622348618,0.11997737569486898
PIGZ,0.010789639151141459,0.13083128137112066,9.721715e-05,0.06908490403370748,0.07920792079207921,5.231980418135425e-05,0.23687015335749062,0.12209807353710105,0.1337971635001338
NEDD4L,0.010763514684181935,0.131395099660097,9.721715e-05,0.07988404900666557,0.07920792079207921,5.289576940732615e-05,0.2377474662124795,0.1380484717857124,0.1337971635001338
ZNF570,0.010739261927547516,0.1319200222821707,9.721715e-05,0.09663906927966703,0.10891089108910891,5.8689967336863247e-05,0.23840967882320005,0.1616037947820519,0.17097471128588526
UBAP2L,0.01066927960053224,0.13344280970970146,9.721715e-05,0.06281944019238983,0.07920792079207921,4.7827920752490414e-05,0.2410165136237835,0.11251243019532507,0.1337971635001338
SUDS3,0.010623572901163158,0.13444387174899086,9.721715e-05,0.031211560501033575,0.019801980198019802,3.902068351593691e-05,0.24224121035854207,0.06084124854002646,0.041397868009797494
HECW1,0.010617360841268637,0.13458032441513024,9.721715e-05,0.08585183868041413,0.09900990099009901,5.1604721275860635e-05,0.2423415205554566,0.14683894871222486,0.15943623347842031
GLE1,0.010570634205744217,0.13560975743032722,9.721715e-05,0.052788951304953646,0.06930693069306931,4.6876425133726315e-05,0.24389054110083203,0.0968012554491815,0.11997737569486898
COLQ,0.010567253892035527,0.13568443769909622,9.721715e-05,0.08638196239846618,0.1188118811881188,5.18675765846346e-05,0.24389054110083203,0.14749339054945848,0.18391932072464212
CARM1,0.010561961572691037,0.13580141591225225,9.721715e-05,0.042864196346872,0.039603960396039604,4.0649689816443316e-05,0.24395463936332742,0.08092673948433984,0.07577288341079007
PRKG1,0.010516885908808267,0.1368005402506145,9.721715e-05,0.06910750962199919,0.0891089108910891,5.388954988617537e-05,0.24560240619499907,0.12209807353710105,0.1467215876362609
SPIN3,0.01050986911686997,0.13695652173684536,9.721715e-05,0.11236211646410654,0.1485148514851485,5.7526773515850484e-05,0.24573538589146895,0.18156960337093614,0.21808348235704625
FGF18,0.010454481950916208,0.1381920300806504,9.721715e-05,0.03483441274146959,0.04950495049504951,3.65437041275898e-05,0.24752250234561018,0.06729120297772619,0.09105754229622841
NDUFB2-AS1,0.010450436345354875,0.13828257131041422,9.721715e-05,0.06404400529878129,0.09900990099009901,4.5428978172435926e-05,0.24752250234561018,0.11450060542094391,0.15943623347842031
YBX3,0.010370070037852805,0.140089563312374,9.721715e-05,0.11543535217115997,0.13861386138613863,7.170497804592762e-05,0.2504580988898224,0.1857865110050858,0.2057603088364255
AL035413.1,0.010316696702438566,0.1412984601128201,9.721715e-05,0.06141259370029528,0.10891089108910891,4.6521740441354264e-05,0.2521685784285903,0.11019006046703698,0.17097471128588526
CDH8,0.010299881269679555,0.14168078735695366,9.721715e-05,0.09812633434664386,0.12871287128712872,7.276896068444399e-05,0.2527005719802979,0.16327177095947398,0.19492105697192638
DAB1,0.010280092524401941,0.1421316146805478,9.721715e-05,0.0861087091724837,0.0891089108910891,4.681456551142045e-05,0.25320358909836305,0.14711055097804732,0.1467215876362609
PEAK1,0.010254771606787942,0.14270989055252037,9.721715e-05,0.10843480378113113,0.1188118811881188,6.138306478962205e-05,0.25390205102280644,0.17650809079945384,0.18391932072464212
NEK4,0.010251811941429056,0.14277758669182483,9.721715e-05,0.08903771608816591,0.10891089108910891,4.8518942864966954e-05,0.25390205102280644,0.15133889420084856,0.17097471128588526
TMEM86A,0.010246970220815011,0.1428883776943799,9.721715e-05,0.07459463472292704,0.10891089108910891,5.050105823446999e-05,0.25394463015127877,0.13018260859149572,0.17097471128588526
OSBPL6,0.010243368727946811,0.14297082677516992,9.721715e-05,0.10582553916202597,0.13861386138613863,6.177331785866721e-05,0.25394463015127877,0.1728234172488176,0.2057603088364255
MOXD1,0.010230662979282993,0.14326195657791208,9.721715e-05,0.08426833022534064,0.09900990099009901,4.2094781934740875e-05,0.2543111655229208,0.1445425904379771,0.15943623347842031
ARSK,0.010222095245197092,0.1434584969448467,9.721715e-05,0.055915740778454515,0.06930693069306931,4.3444815611915285e-05,0.2544525687684979,0.1014804732821316,0.11997737569486898
PLEKHA5,0.010203663967827932,0.14388191978382592,9.721715e-05,0.05581076629571713,0.07920792079207921,4.596103695829468e-05,0.2545966565729541,0.10135127051280352,0.1337971635001338
TMEM169,0.010201888012424633,0.1439227633980501,9.721715e-05,0.059805687285122366,0.04950495049504951,4.506382760105918e-05,0.2545966565729541,0.10769331443899585,0.09105754229622841
AC016717.2,0.010201487456123013,0.14393197651591005,9.721715e-05,0.039610346662209306,0.039603960396039604,3.5943170961943696e-05,0.2545966565729541,0.07549621346037352,0.07577288341079007
PRKDC,0.010185664748109197,0.14429622979781742,9.721715e-05,0.09870393516421061,0.09900990099009901,5.5772902504801104e-05,0.25509056534676033,0.1640508617687711,0.15943623347842031
PTGER3,0.010165848496072452,0.1447532938181404,9.721715e-05,0.06613110595725091,0.0891089108910891,4.2392354976633825e-05,0.2557478689366438,0.11753158641691513,0.1467215876362609
DCN,0.010152295200717587,0.14506646295174808,9.721715e-05,0.09867695991220282,0.1188118811881188,6.342441020252293e-05,0.25614045382779455,0.1640508617687711,0.18391932072464212
INTS6L,0.010148845025508318,0.14514625716908358,9.721715e-05,0.06545779053907586,0.0891089108910891,4.711515496270198e-05,0.25614045382779455,0.11647293690227019,0.1467215876362609
HNRNPA1L2,0.010141289617875656,0.14532109864215426,9.721715e-05,0.06488711908735811,0.0594059405940594,4.881014804309241e-05,0.25629823393678003,0.11580092639028812,0.10608203677510607
TMEM107,0.010105397917008247,0.14615361169326624,9.721715e-05,0.0824400952388995,0.10891089108910891,5.028522082589271e-05,0.25761506173901216,0.14173082276028567,0.17097471128588526
SLMAP,0.010099980561399009,0.14627954571690782,9.721715e-05,0.074059116950562,0.0891089108910891,4.4673846177321846e-05,0.25768563543788814,0.1294739806828007,0.1467215876362609
AFAP1L2,0.010087356884470149,0.1465732834430714,9.721715e-05,0.1033863803326065,0.06930693069306931,5.823119514712594e-05,0.25793381953629146,0.1700433887049449,0.11997737569486898
SDCBP2-AS1,0.010084227559304151,0.14664616025107158,9.721715e-05,0.05266271641398734,0.06930693069306931,4.5420213493135716e-05,0.25793381953629146,0.0966288374568575,0.11997737569486898
PARD6B,0.010082845005913922,0.1466783653763044,9.721715e-05,0.07426448704289901,0.10891089108910891,4.9258661001261696e-05,0.25793381953629146,0.12975740310349274,0.17097471128588526
ABRAXAS1,0.010033280827054729,0.1478360457488519,9.721715e-05,0.089804837665179,0.10891089108910891,5.536739475011327e-05,0.25951324590202207,0.15221158926301526,0.17097471128588526
CENPQ,0.0100080781404811,0.14842704991049105,9.721715e-05,0.10779624064506943,0.13861386138613863,5.515303939478358e-05,0.26003976123661543,0.17556390984538994,0.2057603088364255
CNIH3,0.01000570831174155,0.14848270366610739,9.721715e-05,0.09953956467507052,0.12871287128712872,5.1831933612209866e-05,0.26003976123661543,0.16480060376667305,0.19492105697192638
HACD1,0.009990294333347048,0.14884503060104004,9.721715e-05,0.07384814511165372,0.0891089108910891,4.405205262088759e-05,0.26040186320464326,0.1291804287667412,0.1467215876362609
AL161421.1,0.009985221699977353,0.14896439898810931,9.721715e-05,0.05338985755640979,0.09900990099009901,4.1975085289765997e-05,0.26040186320464326,0.09748604544688337,0.15943623347842031
WDFY4,0.009894374116052474,0.15111303872505366,9.721715e-05,0.10111894661111576,0.12871287128712872,6.008070055361356e-05,0.2638760862486385,0.1670467179699049,0.19492105697192638
FBLN1,0.00987136718907562,0.15166043257119877,9.721715e-05,0.061086491857770486,0.07920792079207921,4.2930550284843196e-05,0.2645240102986025,0.10973621291815058,0.1337971635001338
ITCH,0.009831221824969302,0.15261874634734718,9.721715e-05,0.08971086910466775,0.0891089108910891,6.022032803240627e-05,0.26588631767830523,0.15213827434369884,0.1467215876362609
EPB41,0.009815680106884038,0.15299082050701873,9.721715e-05,0.08950878560684539,0.09900990099009901,4.360622446305715e-05,0.2663798383755404,0.15196737794031476,0.15943623347842031
BCL2L13,0.009776883094412875,0.15392225676883386,9.721715e-05,0.10099040634478484,0.0891089108910891,5.7764618262049404e-05,0.2675357881265942,0.16692629147898322,0.1467215876362609
TMEM131L,0.009768450437619846,0.15412520289877218,9.721715e-05,0.10555698315438611,0.13861386138613863,5.002573635021091e-05,0.26773341557401076,0.17247873064442173,0.2057603088364255
SCML2,0.009742203122053728,0.1547580213074502,9.721715e-05,0.068124539392586,0.09900990099009901,4.273053121469186e-05,0.26852172580818423,0.12064558333988076,0.15943623347842031
USP27X,0.00970732713318834,0.15560152783247672,9.721715e-05,0.06357289614885264,0.07920792079207921,5.283744479189667e-05,0.2698292390158556,0.11372611117862726,0.1337971635001338
RASAL2-AS1,0.009700190358528272,0.1557745100886503,9.721715e-05,0.17090671275159686,0.18811881188118812,8.572175858717112e-05,0.26997315439974057,0.24913514978366888,0.26007209015832455
AC008397.2,0.009664769182360939,0.15663492985024519,9.721715e-05,0.1165251480330578,0.09900990099009901,5.092553241315235e-05,0.27115106148340196,0.18712689442702818,0.15943623347842031
BBC3,0.00963966253247871,0.15724668933462327,9.721715e-05,0.08178821796384272,0.10891089108910891,4.43445998132248e-05,0.27188279411940547,0.14069074191027992,0.17097471128588526
DENND5B,0.009634931766378408,0.15736213688288403,9.721715e-05,0.10542077579295794,0.12871287128712872,5.1884917739354766e-05,0.27188279411940547,0.17235004216832361,0.19492105697192638
ZSCAN29,0.009632555887885747,0.15742013779513575,9.721715e-05,0.09882819051553193,0.1485148514851485,4.959306250684577e-05,0.27188279411940547,0.16407557916247692,0.21808348235704625
MTFR1,0.009606683940934396,0.1580526437741373,9.721715e-05,0.08354919561260876,0.0891089108910891,5.415703620415853e-05,0.27250455823127123,0.1434731464440906,0.1467215876362609
RGS5,0.00957477473437387,0.15883504052682962,9.721715e-05,0.09909136549011,0.0891089108910891,6.771754403312592e-05,0.273539105384896,0.16425364537706852,0.1467215876362609
PLPP7,0.00956509007673441,0.15907300448117634,9.721715e-05,0.07518573170028608,0.07920792079207921,5.839050087424735e-05,0.2737917460949679,0.13083363984968577,0.1337971635001338
SLC38A6,0.00952124561836702,0.1601532374940705,9.721715e-05,0.08959815349897593,0.0891089108910891,4.949253446074063e-05,0.27501986976657783,0.15203306589192747,0.1467215876362609
OBSCN-AS1,0.009513357378379595,0.1603480945725475,9.721715e-05,0.08037911573612888,0.10891089108910891,4.1096002187497465e-05,0.2751174381282799,0.1385846823036705,0.17097471128588526
RAB8A,0.009507811927930897,0.1604851722414966,9.721715e-05,0.10907567169251331,0.12871287128712872,4.8049531404643095e-05,0.2751174381282799,0.1774365309518821,0.19492105697192638
PRRT4,0.009497054843808335,0.1607512942114646,9.721715e-05,0.10216910164387061,0.1485148514851485,6.038711156963662e-05,0.27541626649594164,0.16850319127631216,0.21808348235704625
NKIRAS1,0.00943815558740793,0.1622135216262861,9.721715e-05,0.11678433008983657,0.13861386138613863,5.564943177306325e-05,0.2776044294802386,0.18735454025107473,0.2057603088364255
STK11,0.009431544268900803,0.16237819250991925,9.721715e-05,0.060207076789742686,0.06930693069306931,3.7237062992458366e-05,0.2777278093100101,0.10828610933406957,0.11997737569486898
ALS2,0.009420714330453503,0.1626481733421523,9.721715e-05,0.1062436361390271,0.10891089108910891,5.806045166174229e-05,0.27803106554214074,0.17341181089068622,0.17097471128588526
AC003684.1,0.009414251110424808,0.1628094347868273,9.721715e-05,0.09209790254875716,0.10891089108910891,5.422885680211625e-05,0.27805034204693324,0.15553455290937154,0.17097471128588526
SLC10A7,0.009412833579099276,0.16284481699215392,9.721715e-05,0.10723913100974525,0.07920792079207921,5.315736456248123e-05,0.27805034204693324,0.1747514356486886,0.1337971635001338
TMEM60,0.009347894509082915,0.16447108537229194,9.721715e-05,0.09407724350004165,0.10891089108910891,4.3631689430385864e-05,0.2803484409754976,0.15802448516244397,0.17097471128588526
COL9A1,0.009340791572095662,0.1646496006503182,9.721715e-05,0.11804506404093362,0.1782178217821782,5.1980599289513624e-05,0.2804405235321659,0.1891747821168808,0.2498380679189414
ARSJ,0.009338307260362255,0.16471206748789213,9.721715e-05,0.10495494243829073,0.16831683168316833,4.4026207628586695e-05,0.2804405235321659,0.17177568320505848,0.23919966605850543
PRDM2,0.009309186999235192,0.16544542719388855,9.721715e-05,0.0836688408009203,0.06930693069306931,5.160583392690006e-05,0.2813697741392663,0.14359640869723164,0.11997737569486898
PGAM5,0.009267836763353177,0.1664904080053301,9.721715e-05,0.09212830017331775,0.13861386138613863,5.073395964709475e-05,0.28279743101646926,0.15553455290937154,0.2057603088364255
AGAP9,0.009261448649628785,0.16665222411701253,9.721715e-05,0.05307868512826264,0.06930693069306931,4.1357505434673604e-05,0.28279743101646926,0.0971380792950854,0.11997737569486898
TECTA,0.009260948753114253,0.1666648911825509,9.721715e-05,0.10271803704461013,0.1485148514851485,5.817774805043322e-05,0.28279743101646926,0.16912958898673458,0.21808348235704625
NUDCD1,0.009200172955157024,0.16820954089376694,9.721715e-05,0.08601665468401054,0.10891089108910891,5.3394635608634536e-05,0.28445807366476933,0.14703701655386417,0.17097471128588526
PGAP2,0.00918928445295566,0.16848724779650048,9.721715e-05,0.09758587465299828,0.12871287128712872,4.9969744853764424e-05,0.284767179374367,0.16276760454691064,0.19492105697192638
RASSF3,0.00912836114664163,0.17004650751757944,9.721715e-05,0.0726805883334759,0.09900990099009901,4.3582987415612854e-05,0.2865952373891788,0.12750720942465413,0.15943623347842031
AL354712.1,0.009110225280677812,0.17051245423384986,9.721715e-05,0.11501320344536348,0.12871287128712872,4.977556526221994e-05,0.28678584978267024,0.18520644677192186,0.19492105697192638
CDH7,0.009110043775443558,0.17051712159496968,9.721715e-05,0.12310323697614833,0.12871287128712872,6.062092626880448e-05,0.28678584978267024,0.19581638967573964,0.19492105697192638
DNAJB1,0.00910913697876673,0.17054044086708642,9.721715e-05,0.15866337613320447,0.16831683168316833,5.317760801500535e-05,0.28678584978267024,0.2366932513175601,0.23919966605850543
ZNF585B,0.009106170467029894,0.17061674223923473,9.721715e-05,0.10705767193636129,0.12871287128712872,6.004644054188166e-05,0.28678584978267024,0.1745505520701543,0.19492105697192638
EEF1AKMT3,0.009105360441802744,0.1706375806206888,9.721715e-05,0.1303954125254061,0.16831683168316833,4.6605976423055574e-05,0.28678584978267024,0.20491683477015102,0.23919966605850543
IK,0.009099113376987574,0.17079834481734568,9.721715e-05,0.12764887288552973,0.12871287128712872,5.112360352421021e-05,0.28680955991827317,0.20155085192452063,0.19492105697192638
AADAT,0.009097382905587936,0.1708428945246514,9.721715e-05,0.12550115103666282,0.15841584158415842,5.654219808148545e-05,0.28680955991827317,0.19899759678117782,0.2284843869002285
MSN,0.009075134853713284,0.17141631640402055,9.721715e-05,0.05876650894006208,0.06930693069306931,3.8693891449930065e-05,0.28761126913426266,0.1062561720586004,0.11997737569486898
PRPF39,0.009066681985161518,0.17163450296772398,9.721715e-05,0.09587286701552533,0.09900990099009901,5.4660548537663366e-05,0.2878163828413482,0.16068078270758435,0.15943623347842031
FAM198B-AS1,0.009050688747108402,0.17204780774301298,9.721715e-05,0.13925171110236523,0.12871287128712872,6.330854475450568e-05,0.2882387455048363,0.21567120976101994,0.19492105697192638
AVL9,0.009049500857641253,0.17207853106638726,9.721715e-05,0.0745531871497096,0.09900990099009901,4.995078210019669e-05,0.2882387455048363,0.13018260859149572,0.15943623347842031
PRDM11,0.00896843743581059,0.17418340885319483,9.721715e-05,0.06618125633062089,0.06930693069306931,3.740576047526099e-05,0.29062860209098135,0.11755107696380265,0.11997737569486898
AC005498.2,0.008959370331657762,0.1744198569102563,9.721715e-05,0.07701788073308913,0.1188118811881188,4.915120748429574e-05,0.29069976151709387,0.1336342638515138,0.18391932072464212
AC093503.2,0.008934845311390367,0.17506043090485102,9.721715e-05,0.11423331657131208,0.12871287128712872,5.900953967900538e-05,0.2916053818515008,0.18424728479243885,0.19492105697192638
LRRC2,0.008922926558000826,0.17537227746299133,9.721715e-05,0.11230128853814925,0.13861386138613863,5.9108300678646996e-05,0.2919627260760122,0.18156960337093614,0.2057603088364255
BDKRB2,0.008882258063476358,0.17643899160955512,9.721715e-05,0.027220068563238886,0.07920792079207921,2.7746669663195232e-05,0.2932504015671276,0.053936727668240855,0.1337971635001338
CLDN15,0.008873495055188982,0.17666937728692322,9.721715e-05,0.09760630685996408,0.09900990099009901,4.361040358702276e-05,0.2934707263902379,0.16276760454691064,0.15943623347842031
EPPK1,0.00886121953159202,0.17699242916910962,9.721715e-05,0.05898221107298851,0.0891089108910891,4.062673660603322e-05,0.29384465274340277,0.1063381209248591,0.1467215876362609
SAP25,0.008852948838957844,0.17721029724230686,9.721715e-05,0.10525110803408166,0.13861386138613863,4.646833203991319e-05,0.2940436348047127,0.17216647988126774,0.2057603088364255
B3GNT2,0.008819586005062996,0.17809086572059685,9.721715e-05,0.0751727896774812,0.06930693069306931,3.959109579597666e-05,0.2953414025217195,0.13083363984968577,0.11997737569486898
RYR1,0.008806058539299666,0.17844869016671416,9.721715e-05,0.08029187087226464,0.12871287128712872,3.800777158639358e-05,0.295771309668587,0.1385846823036705,0.19492105697192638
ZFYVE28,0.008779958024087858,0.17914037205073474,9.721715e-05,0.11953753218049701,0.12871287128712872,5.757067150097046e-05,0.2965900199515476,0.191056258146772,0.19492105697192638
DHX40,0.008750619866637943,0.17991986405546623,9.721715e-05,0.11463302931796293,0.09900990099009901,4.641331489135034e-05,0.29755214562646015,0.18479263189354583,0.15943623347842031
SLC7A10,0.008743452829745481,0.18011060991234595,9.721715e-05,0.09892320659373843,0.09900990099009901,5.4061224705062374e-05,0.29770348745842307,0.16414248881704385,0.15943623347842031
PIGG,0.008721675190225382,0.18069098567491504,9.721715e-05,0.12003065026220172,0.12871287128712872,5.344533442345361e-05,0.29846366861791773,0.19143644379936478,0.19492105697192638
TDP1,0.008705216604176527,0.18113038532670922,9.721715e-05,0.09057660329264827,0.1188118811881188,4.8416979861950224e-05,0.29873070697093335,0.15343298129754082,0.18391932072464212
INO80D,0.008651688825381495,0.18256405510271745,9.721715e-05,0.164813853788094,0.18811881188118812,5.681656671803587e-05,0.3009297611583255,0.24344734680663807,0.26007209015832455
AC073073.2,0.008633735872292228,0.18304648364988874,9.721715e-05,0.13184132467734522,0.1485148514851485,5.608688113088628e-05,0.30105912182614014,0.20643213675993508,0.21808348235704625
ABCA6,0.00863101770268683,0.1831195950835951,9.721715e-05,0.11166438450449956,0.13861386138613863,4.958725743548812e-05,0.30105912182614014,0.18097955349189557,0.2057603088364255
NME7,0.008615975037685665,0.18352453149044146,9.721715e-05,0.1091234665354075,0.10891089108910891,5.239453386850707e-05,0.30151894549360586,0.1774365309518821,0.17097471128588526
ADNP2,0.00858593008362306,0.1843349864149536,9.721715e-05,0.09251720608226333,0.13861386138613863,4.647153197459961e-05,0.30268470675690246,0.15601552459066328,0.2057603088364255
LAYN,0.008576191864175735,0.18459814951574594,9.721715e-05,0.05895224971713775,0.04950495049504951,4.1708818916980723e-05,0.3029510112402833,0.1063381209248591,0.09105754229622841
TMCO4,0.008552821735518655,0.18523065025870944,9.721715e-05,0.10134691230061932,0.1485148514851485,5.014853956424108e-05,0.3038228271055923,0.16733117055688385,0.21808348235704625
OTUD1,0.008545259119294536,0.18543561653745133,9.721715e-05,0.1119108769828785,0.10891089108910891,4.3127256204631636e-05,0.30394131851580425,0.18128111822280535,0.17097471128588526
MYO5B,0.008511981019740994,0.18633921006120302,9.721715e-05,0.13054132186018497,0.16831683168316833,5.681495663827835e-05,0.3051406278294809,0.20503872543484547,0.23919966605850543
AL157392.5,0.00850139116084609,0.18662732556086903,9.721715e-05,0.0802802360258601,0.12871287128712872,4.2772015453162726e-05,0.3053204831156513,0.1385846823036705,0.19492105697192638
LY86-AS1,0.008474126181364807,0.1873703850056515,9.721715e-05,0.0794648593235624,0.09900990099009901,4.950351569183163e-05,0.30619708730206197,0.1374824555770976,0.15943623347842031
ZNF230,0.008473311441331175,0.18739261742886193,9.721715e-05,0.13424591193389102,0.10891089108910891,5.14602800274573e-05,0.30619708730206197,0.20954096555758223,0.17097471128588526
RRM2B,0.008438167702863127,0.18835316268970126,9.721715e-05,0.11234845579423192,0.10891089108910891,4.415879928096318e-05,0.3072645394611766,0.18156960337093614,0.17097471128588526
AC007922.3,0.008432097592667677,0.18851937742691982,9.721715e-05,0.11995543430053601,0.16831683168316833,5.002800553678226e-05,0.3073685501525867,0.19141824622425957,0.23919966605850543
YTHDF3-AS1,0.008419767901558782,0.18885727341957081,9.721715e-05,0.15424771792707692,0.13861386138613863,6.628808257253446e-05,0.30775221089555266,0.23218422166644795,0.2057603088364255
AHRR,0.008393452356808865,0.18957969988905632,9.721715e-05,0.16642211513542415,0.13861386138613863,6.092285790115613e-05,0.3085941940679159,0.24473840461091786,0.2057603088364255
IL18,0.008388521178768118,0.18971526176379228,9.721715e-05,0.07377043946873973,0.10891089108910891,3.928685113274096e-05,0.30864738898664684,0.12911978903513371,0.17097471128588526
TCTN3,0.00838128194838365,0.18991438174871877,9.721715e-05,0.13779944916345355,0.16831683168316833,5.4149858724091116e-05,0.3088038727621443,0.21375302352138603,0.23919966605850543
RFWD3,0.008331816834318516,0.19127838923360274,9.721715e-05,0.11119395669864285,0.12871287128712872,4.262548428827958e-05,0.31051686563896547,0.1804120444001777,0.19492105697192638
TRH,0.008308934755339142,0.19191139207538188,9.721715e-05,0.16188776169476748,0.1782178217821782,5.2446039515009794e-05,0.3108993541109061,0.24066565167705772,0.2498380679189414
SKIL,0.008308315722541669,0.19192853460446602,9.721715e-05,0.1044299345119335,0.1485148514851485,4.3952584408608415e-05,0.3108993541109061,0.17119661395398936,0.21808348235704625
AC140125.2,0.008302574902807173,0.19208755656235743,9.721715e-05,0.13419989705431035,0.1485148514851485,5.583666585302524e-05,0.3109890284333903,0.20954096555758223,0.21808348235704625
MYO1B,0.0082824277142893,0.19264627572102055,9.721715e-05,0.13998158954841688,0.13861386138613863,5.496999158331191e-05,0.31148077628326726,0.21657801374174868,0.2057603088364255
TINAGL1,0.00828092866995533,0.19268788667933812,9.721715e-05,0.08716501123962983,0.0891089108910891,4.049983280705381e-05,0.31148077628326726,0.14857672370391448,0.1467215876362609
TRIM14,0.00825528615346264,0.1934005302197377,9.721715e-05,0.11239158448660946,0.16831683168316833,4.2253738448103396e-05,0.31227211553240747,0.18156960337093614,0.23919966605850543
INTS2,0.008241291002449093,0.19379015364517693,9.721715e-05,0.08281218315971506,0.09900990099009901,4.065880343104933e-05,0.31273289991152814,0.14228897450122863,0.15943623347842031
PHLDB2,0.008225349525757096,0.19423454503119642,9.721715e-05,0.14761742068094508,0.10891089108910891,4.705814943823557e-05,0.3132815242438652,0.22555839685174822,0.17097471128588526
IL12RB2,0.008213097528460923,0.19457650834202833,9.721715e-05,0.11987721664070938,0.15841584158415842,4.2284606753959654e-05,0.3134959855134721,0.19139523678665682,0.2284843869002285
AC103591.3,0.008205677209762764,0.19478379355965147,9.721715e-05,0.13141116105086592,0.13861386138613863,4.758772412313828e-05,0.3135255161952162,0.20597478051168308,0.2057603088364255
RIOK2,0.00817474102352707,0.1956494365430148,9.721715e-05,0.135310495806386,0.15841584158415842,4.2745799102522216e-05,0.3147175922943938,0.21057013923763057,0.2284843869002285
TMEM67,0.008170770941222554,0.1957606945164836,9.721715e-05,0.16364232078450547,0.13861386138613863,5.648248377060024e-05,0.3147278046888804,0.24212715519964909,0.2057603088364255
HACD2,0.008165806879594065,0.19589986187679198,9.721715e-05,0.08827587302018558,0.06930693069306931,4.211519745226389e-05,0.31478285250689664,0.15012903574861494,0.11997737569486898
AL596202.1,0.00803584355663637,0.19956470553369376,9.721715e-05,0.09929757605175227,0.10891089108910891,4.377561952429337e-05,0.3199861660080605,0.1644907389040623,0.17097471128588526
ITGB2,0.007979353929633125,0.20117044118915506,9.721715e-05,0.1292704445854307,0.1188118811881188,5.37335838855936e-05,0.3216106887995229,0.20339421015168224,0.18391932072464212
TLR4,0.007976123489111303,0.20126250108590749,9.721715e-05,0.13112491763437084,0.1485148514851485,4.373637658490718e-05,0.3216106887995229,0.2057399335267325,0.21808348235704625
ZNF501,0.00796192538719408,0.201667412688618,9.721715e-05,0.0920386181506253,0.09900990099009901,3.9977911307484844e-05,0.3218097010988585,0.15553455290937154,0.15943623347842031
CCDC121,0.007914404436580582,0.2030261943973961,9.721715e-05,0.19623833273967195,0.15841584158415842,6.66702841206564e-05,0.32335204127435146,0.27407588371462566,0.2284843869002285
AC080013.6,0.007913047217579345,0.2030650819202927,9.721715e-05,0.146970515912492,0.1485148514851485,5.2590506047405175e-05,0.32335204127435146,0.2249548712946306,0.21808348235704625
CHAD,0.007899215928105897,0.20346163450105248,9.721715e-05,0.14285193276321384,0.12871287128712872,4.989882000225064e-05,0.3238116198955743,0.22011083630695505,0.19492105697192638
SULF1,0.007894159869278562,0.20360671040864697,9.721715e-05,0.13532640948338392,0.09900990099009901,4.31374007545211e-05,0.3238706952417502,0.21057013923763057,0.15943623347842031
LIPH,0.00787897163180118,0.20404288458668485,9.721715e-05,0.1037170455228067,0.10891089108910891,4.038206382921221e-05,0.324392503317464,0.17030713550542972,0.17097471128588526
FSTL5,0.007858160007212673,0.20464145372053233,9.721715e-05,0.11917256899850626,0.12871287128712872,4.333428705322397e-05,0.3251718014627103,0.19057447067991407,0.19492105697192638
GRM1,0.007800617706536134,0.20630187265301103,9.721715e-05,0.14316310452714998,0.16831683168316833,4.882281508057069e-05,0.32763664264639125,0.22036393718904565,0.23919966605850543
COX16,0.007794808610686217,0.20646994031055554,9.721715e-05,0.165982077026807,0.12871287128712872,6.506077416308478e-05,0.327672896341367,0.2443308297744951,0.19492105697192638
DARS,0.007787879710359134,0.2066705119807546,9.721715e-05,0.17854628599098699,0.1782178217821782,5.711459769112398e-05,0.327672896341367,0.2559880774246565,0.2498380679189414
TSNARE1,0.007784734403806383,0.20676159759140256,9.721715e-05,0.12713185473599953,0.15841584158415842,3.871386337053254e-05,0.327672896341367,0.20115799799999926,0.2284843869002285
COL27A1,0.007721345167823277,0.20860236120710707,9.721715e-05,0.07866343036926471,0.13861386138613863,4.116611647042935e-05,0.3300670272264352,0.1363317684042716,0.2057603088364255
TADA1,0.007659160922011355,0.21041748644252123,9.721715e-05,0.11238129629856641,0.12871287128712872,4.041836131641633e-05,0.3321838431986046,0.18156960337093614,0.19492105697192638
NSMAF,0.007657645354202023,0.21046184049292904,9.721715e-05,0.14721446102011415,0.18811881188118812,4.753141661229233e-05,0.3321838431986046,0.22521335189206654,0.26007209015832455
ARX,0.007652770049353137,0.21060455658791533,9.721715e-05,0.13605642522692718,0.15841584158415842,5.161518341505784e-05,0.3321838431986046,0.2115963067292802,0.2284843869002285
DPM1,0.007646018766735252,0.21080228241657828,9.721715e-05,0.1156178660078584,0.10891089108910891,4.908709515939675e-05,0.33232099172345503,0.18598048151398133,0.17097471128588526
CHIC2,0.007627106963484544,0.21135673456249782,9.721715e-05,0.21976358546042674,0.19801980198019803,7.056454155357478e-05,0.33284525127952413,0.2939325708342756,0.2696592854927799
PSMG1,0.0076136891535598375,0.2117506324982109,9.721715e-05,0.17792691205312106,0.2079207920792079,5.7822027432071686e-05,0.333185841772518,0.25527534010490827,0.2795886939657659
SPATS2,0.007612174185025723,0.21179513342006395,9.721715e-05,0.18910419871047268,0.24752475247524752,6.121879578337975e-05,0.333185841772518,0.26747411415908445,0.31625820162936225
SOX5,0.007573367685283281,0.21293690576825086,9.721715e-05,0.16688702553003187,0.12871287128712872,6.80184907684079e-05,0.33463107244879653,0.24518172213031128,0.19492105697192638
PCAT6,0.007566827114286233,0.21312969681465654,9.721715e-05,0.19473998745713272,0.19801980198019803,5.593075765282339e-05,0.33475868609631915,0.2731276121418411,0.2696592854927799
KIF11,0.0075290066439566965,0.21424649459801737,9.721715e-05,0.12051706750828206,0.1782178217821782,4.2469752763787376e-05,0.3359850934626514,0.19211009698450915,0.2498380679189414
ZNF217,0.007525144538058532,0.2143607296865495,9.721715e-05,0.13841473197075838,0.15841584158415842,5.412420289852624e-05,0.3359886045243723,0.21459648367559436,0.2284843869002285
BOD1L1,0.007505996985426947,0.2149276074579043,9.721715e-05,0.11814160057933432,0.12871287128712872,5.5216837351140636e-05,0.3367012127277874,0.18922840455846396,0.19492105697192638
ABHD13,0.007413829480793027,0.2176684506966855,9.721715e-05,0.133752159313818,0.16831683168316833,5.068753754022709e-05,0.3397229911648089,0.20909665343483794,0.23919966605850543
CCBE1,0.007384302922656291,0.21855074753420167,9.721715e-05,0.09645690522839023,0.10891089108910891,3.8322044304747245e-05,0.34047184468123465,0.1613891331205637,0.17097471128588526
ANKRD13A,0.007383227408794257,0.21858292428535264,9.721715e-05,0.19873753655860837,0.19801980198019803,6.586868905908942e-05,0.34047184468123465,0.2762801713048309,0.2696592854927799
ARL14EP,0.007373827453233213,0.2188642640886992,9.721715e-05,0.15763955012573572,0.15841584158415842,4.5112486258909194e-05,0.3405929835319474,0.23610516743744742,0.2284843869002285
TAPBPL,0.0073692517970289015,0.21900128841104216,9.721715e-05,0.12514743160844433,0.15841584158415842,4.8281715878367843e-05,0.3405929835319474,0.19862622235758431,0.2284843869002285
FEM1C,0.007288587227081009,0.2214249888811951,9.721715e-05,0.13179434068572005,0.1485148514851485,5.335335068061399e-05,0.3431172348365627,0.20643213675993508,0.21808348235704625
FAM135B,0.007254156500088583,0.22246416905377897,9.721715e-05,0.19396715721460944,0.15841584158415842,5.948033002470712e-05,0.34400754009486856,0.27242578260478856,0.2284843869002285
MELTF-AS1,0.00725055998496067,0.22257287844137996,9.721715e-05,0.12914352124019512,0.12871287128712872,4.6284978471174126e-05,0.34400754009486856,0.2033756240003073,0.19492105697192638
CCNJL,0.007222483462359093,0.223422568585548,9.721715e-05,0.08789341748614099,0.12871287128712872,3.566959340602885e-05,0.3451228490678436,0.14964827040773152,0.19492105697192638
ECM2,0.007199840575677921,0.22410916087870614,9.721715e-05,0.2036809882755788,0.2079207920792079,6.163406200118315e-05,0.3454052141182765,0.28055232544845565,0.2795886939657659
FAM204A,0.007197911777703643,0.22416770248018136,9.721715e-05,0.1367557899638976,0.15841584158415842,4.389393225910552e-05,0.3454052141182765,0.21246368197394755,0.2284843869002285
GUCY2D,0.007195288282540352,0.22424734300941618,9.721715e-05,0.17254065852864053,0.16831683168316833,5.588553973073037e-05,0.3454052141182765,0.25038667079132965,0.23919966605850543
IL1RAP,0.007194109931340909,0.22428311903413423,9.721715e-05,0.18654982074405901,0.21782178217821782,5.163192532435341e-05,0.3454052141182765,0.26486013356941646,0.28888830527615095
UFL1,0.007171877734066504,0.2249587197726748,9.721715e-05,0.20115047179852485,0.2376237623762376,6.293215267435387e-05,0.3459129468570089,0.2784731958447506,0.3068752850317317
RGS9,0.007160456038573776,0.22530625475872634,9.721715e-05,0.21255009882255993,0.19801980198019803,6.64508587022184e-05,0.3461230233645076,0.28852954591297725,0.2696592854927799
POU6F2,0.0071504342213021856,0.22561144505517672,9.721715e-05,0.19852026261705924,0.18811881188118812,5.4671532457570784e-05,0.34636384051669256,0.2761422905347261,0.26007209015832455
LINC01792,0.007147075819256448,0.22571376940337795,9.721715e-05,0.12557358461386015,0.1485148514851485,4.121040439639309e-05,0.34636384051669256,0.199007265632108,0.21808348235704625
GNPNAT1,0.007139215593171987,0.2259533586714224,9.721715e-05,0.1286508415152927,0.12871287128712872,5.004138022980178e-05,0.34655423109113864,0.2029896575780634,0.19492105697192638
SND1-IT1,0.007135162566816102,0.22607695601720423,9.721715e-05,0.0866652865461146,0.1188118811881188,3.3465647964081715e-05,0.34656661627573465,0.14780890258007037,0.18391932072464212
GABPB1,0.0071093646021278805,0.22686456200879246,9.721715e-05,0.23350519194036223,0.22772277227722773,5.795218083203452e-05,0.34710518649154926,0.3061693950266987,0.29819655907100967
TMIE,0.007101859273886527,0.22709398828541594,9.721715e-05,0.1769659415036796,0.2079207920792079,5.356235810319899e-05,0.3472385141978837,0.25438324126067985,0.2795886939657659
FBXO36,0.007091449822383958,0.2274124055267317,9.721715e-05,0.21850405725857436,0.22772277227722773,6.715120149700632e-05,0.3474290344770346,0.29361787991511096,0.29819655907100967
WASIR2,0.007053031801034889,0.22858975814177396,9.721715e-05,0.13094435961303674,0.12871287128712872,4.329382440350685e-05,0.3486371501908093,0.20556414381952393,0.19492105697192638
VEGFD,0.007041096376990711,0.22895622505571578,9.721715e-05,0.18179342867547676,0.15841584158415842,5.891172661324981e-05,0.3490186357556643,0.2592111625600904,0.2284843869002285
SLC29A3,0.007032668620139926,0.22921519052053163,9.721715e-05,0.19504284699350438,0.19801980198019803,5.076115510959083e-05,0.3492359428956805,0.2734245518600529,0.2696592854927799
SNRPC,0.007027622405659243,0.22937032759700116,9.721715e-05,0.12644163522609486,0.1188118811881188,4.7417631832001687e-05,0.3492949151223368,0.20027714132961172,0.18391932072464212
MROH8,0.0070100958507786785,0.22990960795970083,9.721715e-05,0.09171589000300961,0.10891089108910891,3.7446245422426834e-05,0.34976106687581265,0.15518763113876416,0.17097471128588526
PSMD5,0.007004208074304167,0.23009093003727077,9.721715e-05,0.12285194402228283,0.1188118811881188,5.379055397610717e-05,0.34985949828272295,0.195520335313978,0.18391932072464212
SH2D5,0.0069674423701998976,0.23122498781890533,9.721715e-05,0.2123550358325319,0.24752475247524752,6.10588863548678e-05,0.3514057565636859,0.288395250112085,0.31625820162936225
CLDN5,0.006930815453058624,0.23235785863791625,9.721715e-05,0.15723285030062506,0.1782178217821782,5.093616211553181e-05,0.3529486460322778,0.23576249928184675,0.2498380679189414
CHTF18,0.006871635179240785,0.23419481238384565,9.721715e-05,0.16124135045515375,0.1782178217821782,5.4232367698905366e-05,0.3552039951736819,0.23982352571416027,0.2498380679189414
ILDR2,0.006871269135506752,0.23420619933332376,9.721715e-05,0.15839465561992971,0.1485148514851485,3.582996806076842e-05,0.3552039951736819,0.23652760918854612,0.21808348235704625
CCAR2,0.0068677668854268915,0.23431516340746084,9.721715e-05,0.19447867055460866,0.1782178217821782,5.395393800907362e-05,0.3552039951736819,0.2730163835581778,0.2498380679189414
CCNJ,0.006855237296942662,0.23470522102998226,9.721715e-05,0.1561708359080325,0.13861386138613863,4.256701645194632e-05,0.3552039951736819,0.23449074460665537,0.2057603088364255
TRIM54,0.006791067645749136,0.23670849840513108,9.721715e-05,0.0998421012487849,0.1188118811881188,3.9113163956920865e-05,0.35720598350874916,0.16521031646241296,0.18391932072464212
SEMA5B,0.006784650119354586,0.23690935968572113,9.721715e-05,0.17151389404285555,0.16831683168316833,5.332894103543614e-05,0.3573293509588554,0.24953770662935104,0.23919966605850543
DACH1,0.006770159871470726,0.2373632324119319,9.721715e-05,0.13493275239418412,0.15841584158415842,4.8175865634555856e-05,0.35783401871145515,0.2102848089260012,0.2284843869002285
DLG5,0.006751681640994161,0.2379427112377288,9.721715e-05,0.21932574580998554,0.2376237623762376,5.6128411308140476e-05,0.35852744033811473,0.2938514394741526,0.3068752850317317
CSF1R,0.006711527657728034,0.23920461314174923,9.721715e-05,0.18794692195707108,0.16831683168316833,4.411020787300203e-05,0.36006715475426376,0.2663395209594772,0.23919966605850543
C16orf74,0.006675884631519387,0.24032780787996177,9.721715e-05,0.1947132133206364,0.18811881188118812,4.5289631233093234e-05,0.3615764411433728,0.2731276121418411,0.26007209015832455
AC010931.2,0.00663801347316989,0.2415243577040369,9.721715e-05,0.2791923762750299,0.22772277227722773,7.735817781722748e-05,0.36266059484818874,0.3427074995192675,0.29819655907100967
KCNN2,0.006636994053042258,0.24155661122214822,9.721715e-05,0.1328397165622569,0.13861386138613863,4.553275411490985e-05,0.36266059484818874,0.2077968965648117,0.2057603088364255
CYB5RL,0.006632389137602679,0.24170233566497257,9.721715e-05,0.2104452944508387,0.18811881188118812,6.224140464329676e-05,0.36266059484818874,0.2868404740356729,0.26007209015832455
AC016957.2,0.006626958389721344,0.24187425521982076,9.721715e-05,0.17495317603484706,0.1188118811881188,5.1760375863713044e-05,0.36266059484818874,0.2526547253137703,0.18391932072464212
POPDC3,0.006614095450973586,0.24228171794552256,9.721715e-05,0.17297942930339805,0.18811881188118812,4.5994568278599166e-05,0.36298279860513377,0.250573774944565,0.26007209015832455
DNAJB5,0.006609031792259624,0.24244222279662075,9.721715e-05,0.14514313281876068,0.16831683168316833,4.356721130581045e-05,0.36298279860513377,0.22261216689993968,0.23919966605850543
SNX25,0.006605314654429737,0.24256008307976473,9.721715e-05,0.18769830202533477,0.19801980198019803,6.0701968284374285e-05,0.36298279860513377,0.26611290457278086,0.2696592854927799
PRICKLE1,0.006581953374671961,0.24330151522113497,9.721715e-05,0.16531876770573994,0.19801980198019803,4.5012107123611605e-05,0.3636793949493796,0.2438825972936028,0.2696592854927799
ZKSCAN5,0.006563905536313285,0.2438751488321409,9.721715e-05,0.1296964897143179,0.13861386138613863,4.0448644509001734e-05,0.3640224321903147,0.2039252982929527,0.2057603088364255
ZSWIM4,0.006563280453614822,0.24389502956751086,9.721715e-05,0.14333229903018385,0.13861386138613863,4.085519240035612e-05,0.3640224321903147,0.22051122927720593,0.2057603088364255
BHLHB9,0.006522379134734774,0.2451977934870908,9.721715e-05,0.16243913664511545,0.1782178217821782,3.986068453098909e-05,0.3650185951989675,0.24112687280323916,0.2498380679189414
ESF1,0.00651941044002644,0.24529249597370617,9.721715e-05,0.17038062327958392,0.19801980198019803,4.153627026994761e-05,0.3650185951989675,0.24880781139542077,0.2696592854927799
FOXF1,0.006509510063994087,0.24560846379765555,9.721715e-05,0.18091110891564532,0.2079207920792079,5.698556348807175e-05,0.36512655668630656,0.2583214311027777,0.2795886939657659
EFNA5,0.00649308761006504,0.24613306365776988,9.721715e-05,0.2097162908773076,0.21782178217821782,5.0114113863819416e-05,0.36536328103577914,0.28610680883670886,0.28888830527615095
RCOR1,0.0064766589633380965,0.24665846204613895,9.721715e-05,0.22130350546587385,0.1782178217821782,6.107194789600573e-05,0.36596210986074024,0.29559684612538806,0.2498380679189414
SIN3A,0.006418235387917598,0.24853174032715297,9.721715e-05,0.18430477228052378,0.2079207920792079,5.9232987576566184e-05,0.3674693055601079,0.26241780580995316,0.2795886939657659
MNS1,0.006407585149097395,0.24887404181044048,9.721715e-05,0.1491687880878978,0.1485148514851485,4.299326329195972e-05,0.36779415045877906,0.22689300873756613,0.21808348235704625
FRMD6,0.006364872441079318,0.2502493570722424,9.721715e-05,0.1489412550856385,0.15841584158415842,4.002100685627001e-05,0.3692809007460537,0.2268140940390434,0.2284843869002285
ANO7,0.006352497900736894,0.2506485590420289,9.721715e-05,0.18017873538641904,0.1782178217821782,4.8628806692523534e-05,0.3696881401799836,0.2573981934091701,0.2498380679189414
KLF2,0.006340649137428282,0.2510311153516689,9.721715e-05,0.21940907480736727,0.2376237623762376,6.293959950718213e-05,0.3698886768443058,0.2938514394741526,0.3068752850317317
LINC00836,0.006318430395719518,0.25174931501329656,9.721715e-05,0.158344126449515,0.13861386138613863,4.416941609643357e-05,0.37055327550798295,0.23652760918854612,0.2057603088364255
AL162311.1,0.006286131779169961,0.25279526886530335,9.721715e-05,0.17561283285713047,0.19801980198019803,4.198087151667874e-05,0.37094492472422674,0.25328773969778434,0.2696592854927799
TEAD2,0.006282472653733964,0.2529139095846056,9.721715e-05,0.17581921302421,0.19801980198019803,4.710022872025696e-05,0.37094492472422674,0.25334180551038904,0.2696592854927799
MAGEL2,0.006272559806171625,0.2532354634374696,9.721715e-05,0.20443163071032866,0.21782178217821782,3.95039366447245e-05,0.3711201696535732,0.28119894182988814,0.28888830527615095
SFXN2,0.006249239763041087,0.2539927680039683,9.721715e-05,0.14883063842840194,0.12871287128712872,4.106054634019007e-05,0.3718458682138927,0.2268140940390434,0.19492105697192638
CNTNAP3B,0.006223324375178558,0.2548357468085819,9.721715e-05,0.18469932467333416,0.2376237623762376,4.961746246362255e-05,0.3725668812990963,0.26262166510544344,0.3068752850317317
NAA30,0.006217975314067466,0.25500992385473287,9.721715e-05,0.2321299381567864,0.2376237623762376,5.216094665799461e-05,0.37263992769809967,0.3054341291536663,0.3068752850317317
AC011603.3,0.006209901027808327,0.2552729580674561,9.721715e-05,0.1847105711241619,0.2079207920792079,5.133540630911233e-05,0.37276592887349924,0.26262166510544344,0.2795886939657659
TCEANC,0.006187724980622228,0.2559961112666138,9.721715e-05,0.1029682663967888,0.13861386138613863,3.458374939201839e-05,0.3735351818092614,0.1694486007626804,0.2057603088364255
NR2F2,0.006102804500052732,0.2587751895760778,9.721715e-05,0.25135139143770413,0.297029702970297,5.162262789113602e-05,0.3763241931391547,0.3222453736380822,0.35974530032736823
IFIT2,0.006101473164265814,0.25881888238800743,9.721715e-05,0.22512960299761986,0.2079207920792079,6.259491731084797e-05,0.3763241931391547,0.2991093042483878,0.2795886939657659
HELLS,0.006076536266052146,0.25963798573684893,9.721715e-05,0.16698185040218583,0.15841584158415842,4.411701512440813e-05,0.3768330707356298,0.24520095506928902,0.2284843869002285
HMGB3,0.006003442226967405,0.2620465955263207,9.721715e-05,0.20866229051918528,0.22772277227722773,4.614041313665318e-05,0.37852646976786364,0.28540443654291037,0.29819655907100967
LGALS8,0.0059471196218897696,0.2639103314285275,9.721715e-05,0.1405854804673905,0.13861386138613863,4.151000725198958e-05,0.3799055443513379,0.21728822328808423,0.2057603088364255
CAPN5,0.005900273019964132,0.26546563389652644,9.721715e-05,0.14921996874640597,0.13861386138613863,3.9615510496751906e-05,0.38105114913377003,0.22689300873756613,0.2057603088364255
ADAM28,0.005885759320245421,0.2659484291279002,9.721715e-05,0.23607285179320314,0.21782178217821782,6.603628411978742e-05,0.38107386546510447,0.30845755896324456,0.28888830527615095
ING2,0.005876892304401964,0.26624360733828634,9.721715e-05,0.20314485352161316,0.19801980198019803,4.737638112634578e-05,0.38107386546510447,0.28021160951340385,0.2696592854927799
TMEM87B,0.005850672414087119,0.2671174225906221,9.721715e-05,0.2954574764465395,0.31683168316831684,6.203631688236402e-05,0.38143930655072583,0.35448651533772324,0.3756897428873322
RNF214,0.005843928575235698,0.2673424044990991,9.721715e-05,0.17295437486818643,0.1782178217821782,4.2361637757549214e-05,0.38143930655072583,0.250573774944565,0.2498380679189414
EXTL3,0.005836499386473433,0.2675903610552691,9.721715e-05,0.2576692418233395,0.27722772277227725,6.219077119414259e-05,0.38143930655072583,0.3275456463856011,0.343954991032602
NUDT11,0.0058327920428531636,0.2677141406805944,9.721715e-05,0.1701548182324779,0.18811881188118812,3.4277136203255384e-05,0.38143930655072583,0.24864318299923707,0.26007209015832455
UBE2D1,0.005819111386826033,0.26817115568010064,9.721715e-05,0.2046958844054818,0.19801980198019803,4.5890739560020005e-05,0.38156753232333346,0.28130462977499854,0.2696592854927799
CPEB1,0.005816992468066923,0.2682419752233034,9.721715e-05,0.16311730144174574,0.1782178217821782,4.4099299889975556e-05,0.38156753232333346,0.24165526139517887,0.2498380679189414
PCNX3,0.00577253590435383,0.26972999064040626,9.721715e-05,0.16256830651445675,0.1485148514851485,5.1646114652307044e-05,0.38244913699989225,0.24119926782560347,0.21808348235704625
ABO,0.005752199431368123,0.270412052635833,9.721715e-05,0.2636738488048779,0.22772277227722773,5.302982159783262e-05,0.38296902653564074,0.3309713583324827,0.29819655907100967
MYBPC1,0.005746718035702312,0.2705960397307796,9.721715e-05,0.16468547965499414,0.1782178217821782,5.519717889681019e-05,0.38296902653564074,0.24337755614038545,0.2498380679189414
ADAM32,0.005737882409139564,0.27089274563387356,9.721715e-05,0.18007620001246472,0.1485148514851485,4.212988192588041e-05,0.38297749147107474,0.2573981934091701,0.21808348235704625
HDAC3,0.005702576806608469,0.2720799480948417,9.721715e-05,0.2105745738280168,0.26732673267326734,5.585446394475408e-05,0.3831125782919221,0.2868573672134328,0.33485603257611773
DPP8,0.0056944217335321646,0.27235454166169804,9.721715e-05,0.18384412434878106,0.2079207920792079,5.111794112334693e-05,0.3832380980230273,0.26188621702105563,0.2795886939657659
PUS3,0.0056800502519445155,0.27283878588291355,9.721715e-05,0.27222780293717785,0.25742574257425743,5.1790228341473595e-05,0.38340048396897497,0.33789135656248803,0.32489576260949615
SETD5,0.005664282174510194,0.27337057899046824,9.721715e-05,0.2291319369313397,0.24752475247524752,5.3580518349273e-05,0.3839474424023431,0.30308457266050226,0.31625820162936225
SERTAD3,0.005629895429860079,0.27453208126487183,9.721715e-05,0.24229051352256048,0.27722772277227725,5.5258472569456025e-05,0.3848892652844189,0.31458375490309437,0.343954991032602
LINC01445,0.005577687383132402,0.27630018631679676,9.721715e-05,0.18952774400230754,0.2376237623762376,3.9762439084135854e-05,0.38652385930509836,0.2678206462585599,0.3068752850317317
ARID4A,0.005545325030475443,0.27739898450687717,9.721715e-05,0.2233359770748815,0.24752475247524752,4.730836009152911e-05,0.387241157602752,0.29764901431570173,0.31625820162936225
FBXO40,0.005545286361071784,0.2774002987250386,9.721715e-05,0.21920441367050603,0.2376237623762376,4.951679155005044e-05,0.387241157602752,0.2938514394741526,0.3068752850317317
KRBA1,0.00554168141960863,0.2775228296153056,9.721715e-05,0.20662914340605387,0.21782178217821782,5.613561534678094e-05,0.387241157602752,0.28331235384742304,0.28888830527615095
TAF5L,0.005492764970631218,0.27918809469893235,9.721715e-05,0.22622353417952423,0.22772277227722773,4.302159096149598e-05,0.38830054895539967,0.30003121243968733,0.29819655907100967
PLXNA1,0.005472242187376391,0.27988819630430006,9.721715e-05,0.21269928772814228,0.2079207920792079,4.55683686374518e-05,0.38891365859791577,0.288563975065044,0.2795886939657659
INSM2,0.005448434550424234,0.2807014206301941,9.721715e-05,0.2317325559330191,0.18811881188118812,6.326968911500866e-05,0.3896327405628633,0.30541454124342193,0.26007209015832455
STARD4,0.005413804487779113,0.2818863551395996,9.721715e-05,0.29464011567137893,0.297029702970297,6.919968759160167e-05,0.3906046491541796,0.3541347544127151,0.35974530032736823
MTERF1,0.005386871522575966,0.28280958152443847,9.721715e-05,0.2503135815466522,0.2376237623762376,4.9548991055409167e-05,0.3914802626185664,0.32132680557978455,0.3068752850317317
FREM1,0.005375345340817467,0.2832051270894531,9.721715e-05,0.1931100259053189,0.19801980198019803,4.0945292120779045e-05,0.3914802626185664,0.2714910458420517,0.2696592854927799
TNRC6B,0.005374393588607236,0.28323780035922574,9.721715e-05,0.2127924414545238,0.24752475247524752,5.225208660589439e-05,0.3914802626185664,0.288563975065044,0.31625820162936225
B3GNTL1,0.005372546459538024,0.2833012167149692,9.721715e-05,0.1845987265880793,0.21782178217821782,4.6327400589996584e-05,0.3914802626185664,0.26262166510544344,0.28888830527615095
PLEKHD1,0.005329535851739897,0.28477979557688693,9.721715e-05,0.23298881787810388,0.24752475247524752,4.617026177992223e-05,0.39243885472239814,0.30589341515724794,0.31625820162936225
IKZF1,0.005302994087259857,0.2856940574473782,9.721715e-05,0.3416211004213494,0.21782178217821782,7.024274626377564e-05,0.39322393579259546,0.38212651053842217,0.28888830527615095
ARHGAP19,0.0052878397593237,0.28621669135250316,9.721715e-05,0.23437792438328964,0.22772277227722773,5.4629054456996877e-05,0.39322393579259546,0.30691129338710993,0.29819655907100967
GRIN2D,0.005273027850110384,0.28672795448223876,9.721715e-05,0.21967848918098376,0.22772277227722773,4.881845771384047e-05,0.39322393579259546,0.2939325708342756,0.29819655907100967
ADRB2,0.005252701688586573,0.2874302571690899,9.721715e-05,0.18717621944609197,0.18811881188118812,3.806174063855243e-05,0.39322393579259546,0.265498183611478,0.26007209015832455
SSH2,0.0052499986863158415,0.2875237116494045,9.721715e-05,0.19328614030273183,0.18811881188118812,4.540459467823919e-05,0.39322393579259546,0.2715964500740963,0.26007209015832455
MTHFS,0.005244603806843126,0.287710278909023,9.721715e-05,0.2295738227150429,0.27722772277227725,5.196186532564549e-05,0.39322393579259546,0.30353524378366187,0.343954991032602
TRBC2,0.005241910294281972,0.28780344813256453,9.721715e-05,0.2042079480617519,0.16831683168316833,4.66727042061352e-05,0.39322393579259546,0.2810347335080633,0.23919966605850543
USF1,0.005240855979663108,0.28783992100017985,9.721715e-05,0.27471004954567246,0.2871287128712871,5.8825674031474705e-05,0.39322393579259546,0.33970739844889425,0.3523051691672235
RTBDN,0.005200012733460693,0.28925452617884995,9.721715e-05,0.2534983111500084,0.24752475247524752,5.1252726110250746e-05,0.3946173617719645,0.3241666382992435,0.31625820162936225
SH3GLB1,0.00518898900724691,0.2896368920161402,9.721715e-05,0.21860741803691042,0.1782178217821782,5.4543747373460675e-05,0.3949593982038275,0.29361787991511096,0.2498380679189414
MYBL1,0.005176568719910524,0.2900679826168747,9.721715e-05,0.21865241399676072,0.15841584158415842,4.833392023065427e-05,0.39512266762328707,0.29361787991511096,0.2284843869002285
SCFD2,0.005170363974283683,0.2902834531472416,9.721715e-05,0.15077635408451906,0.15841584158415842,4.122976707607224e-05,0.39512266762328707,0.22868001125053447,0.2284843869002285
HOMEZ,0.005148124910990117,0.2910563583180359,9.721715e-05,0.2011361467870999,0.21782178217821782,4.641240061773902e-05,0.39581553715054746,0.2784731958447506,0.28888830527615095
USP2-AS1,0.005131471433256687,0.29163576856127904,9.721715e-05,0.19526932811159625,0.21782178217821782,4.323140160220239e-05,0.3961879513731037,0.2734789825166347,0.28888830527615095
HES5,0.005120301627312934,0.29202469111559015,9.721715e-05,0.27590504765502954,0.3069306930693069,5.231188318603476e-05,0.3961879513731037,0.3403433976007766,0.36772846613734855
PAK1IP1,0.005115427348970342,0.29219448472682563,9.721715e-05,0.2907385797724351,0.297029702970297,5.6004309334068087e-05,0.3961879513731037,0.35070998766276856,0.35974530032736823
RILP,0.005111351501448711,0.29233650056131466,9.721715e-05,0.22023246440842292,0.19801980198019803,3.9334240471584146e-05,0.3961879513731037,0.29429727983308185,0.2696592854927799
TMEM241,0.005067967869698693,0.2938501132009286,9.721715e-05,0.16207941855623598,0.16831683168316833,4.468169254705846e-05,0.3968138252321165,0.24083123113853783,0.23919966605850543
HHIP-AS1,0.005064317621911968,0.29397763196055904,9.721715e-05,0.28122968913490587,0.2079207920792079,6.168118731116381e-05,0.3968138252321165,0.3443864310053498,0.2795886939657659
RHBDL1,0.005061943425694463,0.29406058651456546,9.721715e-05,0.29904867320564255,0.297029702970297,6.216285564784489e-05,0.3968138252321165,0.35666706737874887,0.35974530032736823
AC245060.5,0.005053789867449585,0.2943455546653093,9.721715e-05,0.25255803409984323,0.25742574257425743,4.867560598759776e-05,0.3968138252321165,0.32323980473529423,0.32489576260949615
AKR1C2,0.005029202435958202,0.2952056603973572,9.721715e-05,0.22313572400122428,0.25742574257425743,4.798376549555615e-05,0.39749415672893695,0.29751429866829904,0.32489576260949615
ZIK1,0.005005155590076656,0.29604797304080466,9.721715e-05,0.25601871465912773,0.2079207920792079,4.7605852844710816e-05,0.3978312772085051,0.3258617496722033,0.2795886939657659
LRRC10B,0.004999344446380289,0.29625169109460014,9.721715e-05,0.15775250244014094,0.13861386138613863,2.922990172445529e-05,0.3978312772085051,0.23615644077865408,0.2057603088364255
ADAMTS16,0.004995181083902778,0.29639768331369354,9.721715e-05,0.1774307114607716,0.18811881188118812,3.21304829643436e-05,0.39784923934723965,0.25492918313329255,0.26007209015832455
USP49,0.004989495219707175,0.29659711674476874,9.721715e-05,0.22421233275447494,0.25742574257425743,3.8712282230575734e-05,0.3979388865090815,0.298267434903199,0.32489576260949615
CHI3L1,0.004956721467097048,0.2977478625801855,9.721715e-05,0.20825922854149037,0.18811881188118812,5.51029434285836e-05,0.3987694588127484,0.2850263164345215,0.26007209015832455
DPH6,0.004942496177543433,0.29824797134820913,9.721715e-05,0.15386220820791652,0.13861386138613863,4.207599359675738e-05,0.39892138177015457,0.2319089260388932,0.2057603088364255
SSTR3,0.0049271963996863795,0.2987862816907064,9.721715e-05,0.26670111406370545,0.2079207920792079,5.445333222850365e-05,0.39909943327399827,0.33351535731184506,0.2795886939657659
CPLX3,0.004923708582695434,0.2989090594959909,9.721715e-05,0.3041639348496068,0.32673267326732675,5.129617885218638e-05,0.39909943327399827,0.3602415335763207,0.3825909523036613
STAT1,0.004923242292898373,0.2989254755222247,9.721715e-05,0.1990454126988711,0.1782178217821782,4.138044898270558e-05,0.39909943327399827,0.27647940391613035,0.2498380679189414
HDAC2,0.00489643032434583,0.2998700957124849,9.721715e-05,0.22310382327354228,0.21782178217821782,4.1595349564441985e-05,0.39963298306511796,0.29751429866829904,0.28888830527615095
CNTNAP5,0.004881889919861222,0.30038293735524046,9.721715e-05,0.30032296698230676,0.2871287128712871,5.597070606135567e-05,0.3999714477627475,0.35731344513912117,0.3523051691672235
CNOT6L,0.0048752126830376025,0.300618576923944,9.721715e-05,0.2538265019252661,0.2871287128712871,5.5847933401404666e-05,0.3999714477627475,0.3243098406200164,0.3523051691672235
ORC6,0.0048604208175519,0.3011408785453873,9.721715e-05,0.2533567950906723,0.22772277227722773,5.418431697094667e-05,0.40027741068980366,0.3241238316725019,0.29819655907100967
CCR6,0.004846157586243155,0.30164490092665586,9.721715e-05,0.26256375105255036,0.25742574257425743,5.300261973045087e-05,0.40056106210571646,0.3306957511679442,0.32489576260949615
ZNF281,0.004845730893982637,0.3016599848712713,9.721715e-05,0.28417940724774904,0.25742574257425743,5.462740508092328e-05,0.40056106210571646,0.3459773283265418,0.32489576260949615
AC055764.2,0.004836912582243995,0.3019717958176633,9.721715e-05,0.3114954007938977,0.2079207920792079,7.734173432387962e-05,0.4006621897338619,0.3651763198052728,0.2795886939657659
BAIAP2L2,0.004830834881127325,0.30218678442877756,9.721715e-05,0.19981481207209584,0.19801980198019803,4.2438847864993535e-05,0.4006621897338619,0.2771356616811316,0.2696592854927799
TRAPPC13,0.004804104218237336,0.30313315176313826,9.721715e-05,0.28059359714871934,0.25742574257425743,4.7376026340884445e-05,0.40114664988505283,0.344005227399329,0.32489576260949615
CALCB,0.004796620176484842,0.3033983526942561,9.721715e-05,0.21611842872667786,0.22772277227722773,3.7264985978389355e-05,0.40132057234689955,0.2916577985515221,0.29819655907100967
AC018413.1,0.004787236813057715,0.30373100346852977,9.721715e-05,0.17625148623436449,0.15841584158415842,3.507689332827356e-05,0.4013258442365061,0.2538427550182878,0.2284843869002285
C9orf40,0.004778110793118048,0.30405468716233974,9.721715e-05,0.26731276001355,0.3069306930693069,4.1613259287287214e-05,0.4013258442365061,0.33400178260751767,0.36772846613734855
ZFP82,0.004731812767954084,0.3056991586347583,9.721715e-05,0.26154511041657025,0.25742574257425743,5.314863075320607e-05,0.4024122316385585,0.330164017020903,0.32489576260949615
KLHL8,0.004714025988019845,0.3063319777111504,9.721715e-05,0.2480933454519334,0.25742574257425743,4.89984269214388e-05,0.4027683704428997,0.3197761635833106,0.32489576260949615
DPYD,0.004706986924326023,0.30658257370043185,9.721715e-05,0.232685067989862,0.24752475247524752,4.65929547055396e-05,0.4027683704428997,0.30562837301645623,0.31625820162936225
COL23A1,0.004701706144961209,0.30677063283337,9.721715e-05,0.2651381088334559,0.22772277227722773,5.1005649079045974e-05,0.4027683704428997,0.3318840159279993,0.29819655907100967
CCDC58,0.004691266631761157,0.3071425544699532,9.721715e-05,0.26222187613395453,0.297029702970297,4.0713552927008725e-05,0.4028490765763423,0.33055350660936517,0.35974530032736823
ZNF581,0.00468727896665843,0.30728467279043437,9.721715e-05,0.22584452283123146,0.21782178217821782,4.872020735274715e-05,0.4028490765763423,0.2996610210056145,0.28888830527615095
CDH2,0.0046691026005436995,0.3079328354870403,9.721715e-05,0.263103884534879,0.297029702970297,5.088689401584818e-05,0.40340546133673405,0.33080957820814627,0.35974530032736823
INIP,0.00466277312572851,0.3081586831635287,9.721715e-05,0.2027321093089809,0.21782178217821782,4.3535880913972893e-05,0.40352511981256484,0.28001672556489077,0.28888830527615095
SLFN11,0.004642701035953089,0.3088753736494253,9.721715e-05,0.28829881717781913,0.27722772277227725,5.179764472620981e-05,0.40393466475513334,0.3487485691667167,0.343954991032602
ZMAT1,0.004636360851408833,0.3091019066542725,9.721715e-05,0.26502630828804197,0.31683168316831684,5.735352404872977e-05,0.4040547799402255,0.3318840159279993,0.3756897428873322
MYC,0.004628203253243471,0.30939348214142004,9.721715e-05,0.3274776153631569,0.3465346534653465,7.259022399273222e-05,0.40412634072906145,0.3732647591525345,0.396039603960396
HACD4,0.004549589453924419,0.312209491323008,9.721715e-05,0.24903667990057965,0.24752475247524752,4.3424719925072495e-05,0.40599413696099873,0.3200985602835214,0.31625820162936225
AC083862.2,0.004528995979353759,0.31294899211053917,9.721715e-05,0.31671502161809895,0.25742574257425743,6.436253697294322e-05,0.4066032812176775,0.368416077880689,0.32489576260949615
NANP,0.004494323867358102,0.3141957500046342,9.721715e-05,0.3382900520901261,0.31683168316831684,5.5780844885972936e-05,0.40752697700738644,0.38040852395470653,0.3756897428873322
UBL4A,0.004494114103643745,0.31420329927269497,9.721715e-05,0.2243965335255067,0.22772277227722773,5.342725161198372e-05,0.40752697700738644,0.298267434903199,0.29819655907100967
TREM2,0.004476346362530294,0.3148430313009223,9.721715e-05,0.21874532053675766,0.2079207920792079,3.7452530006581666e-05,0.40759717662420886,0.29361787991511096,0.2795886939657659
ZNF136,0.0044648562067125756,0.3152570334656113,9.721715e-05,0.25490819043066937,0.2376237623762376,5.092628055493883e-05,0.40759717662420886,0.3248617550093493,0.3068752850317317
CFAP298,0.004458630952714559,0.31548143276651097,9.721715e-05,0.21537555899248706,0.22772277227722773,4.6471778678700996e-05,0.4075987503443294,0.2911792145008838,0.29819655907100967
TGDS,0.0043546243239191325,0.31924053430728516,9.721715e-05,0.23678392151762173,0.22772277227722773,3.855005372831167e-05,0.4103348770016519,0.3091740415573518,0.29819655907100967
KYAT1,0.004332627369807227,0.3200379717324293,9.721715e-05,0.3035529937157153,0.297029702970297,5.92743804948995e-05,0.4108534780359722,0.3598020470751268,0.35974530032736823
DCTN1-AS1,0.004322859787522951,0.3203923348602882,9.721715e-05,0.2440342734020775,0.2079207920792079,4.244360928976549e-05,0.4108534780359722,0.31637978401306505,0.2795886939657659
AL161645.1,0.004319047394522726,0.3205306910897284,9.721715e-05,0.22305904761898654,0.22772277227722773,4.68320742478126e-05,0.4108534780359722,0.29751429866829904,0.29819655907100967
AP002360.1,0.0043090304647974125,0.3208943360851094,9.721715e-05,0.2970667238726279,0.36633663366336633,5.0615416190991707e-05,0.4108534780359722,0.35548471145507926,0.40931467448420816
THAP9,0.004261006950819392,0.3226401180665809,9.721715e-05,0.2702964647441447,0.27722772277227725,5.110288039753363e-05,0.41207113881410057,0.3364686283122133,0.343954991032602
SLC37A1,0.004255336016967335,0.3228465308586447,9.721715e-05,0.23249746237026048,0.25742574257425743,3.977134528429067e-05,0.41207113881410057,0.3055892783057438,0.32489576260949615
ALMS1,0.004218710426962008,0.3241809553303747,9.721715e-05,0.22985961595012472,0.2376237623762376,4.4779740064561844e-05,0.41320755233244183,0.30371066205517505,0.3068752850317317
PLCD1,0.004206238270583973,0.32463588563244317,9.721715e-05,0.23543205774452103,0.2079207920792079,4.246965249509426e-05,0.41320755233244183,0.3078516850050457,0.2795886939657659
TRMT11,0.0042025930298399,0.3247688977048846,9.721715e-05,0.24984658959826445,0.24752475247524752,4.5007792943762115e-05,0.41320755233244183,0.3208646270525657,0.31625820162936225
DNAJB9,0.004202257662348433,0.3247811361332993,9.721715e-05,0.23682731583293148,0.24752475247524752,4.283389807237474e-05,0.41320755233244183,0.3091740415573518,0.31625820162936225
CDC42SE1,0.0041715408356097616,0.3259028732817285,9.721715e-05,0.2706332427120599,0.2871287128712871,5.6789930176498646e-05,0.4135703538073124,0.3366085108358954,0.3523051691672235
AL022323.1,0.004111188568101261,0.3281114449365433,9.721715e-05,0.34294050835487666,0.2871287128712871,6.245269477505817e-05,0.4144565620251074,0.38298802459625647,0.3523051691672235
SPEF2,0.004086161097049566,0.32902908846944023,9.721715e-05,0.28699326204442854,0.297029702970297,4.6870364693211926e-05,0.41526599301990774,0.3475897400618836,0.35974530032736823
TRIP10,0.0040759090683052486,0.3294052818150067,9.721715e-05,0.2622391152434297,0.297029702970297,4.201882937017493e-05,0.41544771658271334,0.33055350660936517,0.35974530032736823
GOLPH3L,0.004058647842649343,0.3300390644574386,9.721715e-05,0.2752046653111492,0.2376237623762376,5.328145401277835e-05,0.41544771658271334,0.3400387133169059,0.3068752850317317
PPP2R3B,0.004053784962609133,0.3302177036532242,9.721715e-05,0.3202597669550292,0.3465346534653465,4.80919902190732e-05,0.41544771658271334,0.3706295382904622,0.396039603960396
AVP,0.004042804608146297,0.33062121223439056,9.721715e-05,0.20694725863055707,0.21782178217821782,3.2585029715563676e-05,0.41544771658271334,0.28361890173214765,0.28888830527615095
ZCCHC14,0.004033884706243856,0.3309491478389692,9.721715e-05,0.28906871974504256,0.31683168316831684,5.734842293759202e-05,0.41544771658271334,0.34953895978844324,0.3756897428873322
CPT1A,0.004032522618740912,0.3309992357107434,9.721715e-05,0.2794819657043671,0.25742574257425743,5.784916081640646e-05,0.41544771658271334,0.34292265730597193,0.32489576260949615
BMT2,0.0040025810215007784,0.3321010370103338,9.721715e-05,0.30806456436043894,0.297029702970297,5.266725615981461e-05,0.41634062308023456,0.36314094030700067,0.35974530032736823
VPS13C,0.003962560421309845,0.3335759972156731,9.721715e-05,0.30610728878660987,0.33663366336633666,4.178716670559405e-05,0.41714380643894095,0.3617649485040999,0.3897726708216943
VAMP4,0.003941550185113291,0.33435136277828237,9.721715e-05,0.270620206672064,0.2871287128712871,3.9767416676869055e-05,0.4177651346667418,0.3366085108358954,0.3523051691672235
CASC1,0.003907983887624726,0.33559156606436746,9.721715e-05,0.3054221036198185,0.25742574257425743,4.830015528798288e-05,0.41861733812603014,0.36130375033890194,0.32489576260949615
TM4SF1,0.0038873090641316646,0.3363563501995338,9.721715e-05,0.23337274335985336,0.3069306930693069,4.791686226442495e-05,0.41900753248407546,0.3061295278004198,0.36772846613734855
MIS18A,0.00385802491255022,0.337440761866422,9.721715e-05,0.28100652383472635,0.26732673267326734,5.611759811864632e-05,0.41935471648685424,0.34437073999353723,0.33485603257611773
KMO,0.0038446096033689513,0.33793799167346983,9.721715e-05,0.3482342197620276,0.3069306930693069,5.5730828551422645e-05,0.41967976532880913,0.38649746921423705,0.36772846613734855
ECEL1,0.0038273060090419204,0.33857975598864365,9.721715e-05,0.25989185004951143,0.2871287128712871,3.9239736199784554e-05,0.42011021733745924,0.32911589284446363,0.3523051691672235
FBXL12,0.00380149373150854,0.3395379658684857,9.721715e-05,0.30888862995655386,0.25742574257425743,4.7630595642936554e-05,0.4203623925556403,0.363969320451556,0.32489576260949615
ESAM,0.003795579814641679,0.339757650188126,9.721715e-05,0.36842016020661106,0.3465346534653465,7.033459496372044e-05,0.4203623925556403,0.4000218894751477,0.396039603960396
ADAMTSL5,0.003794742804297767,0.33978874701789596,9.721715e-05,0.2771818346030417,0.2376237623762376,4.1907833778885314e-05,0.4203623925556403,0.3410769088634639,0.3068752850317317
PAQR9,0.0037884647937869186,0.3400220240728544,9.721715e-05,0.20872577792504843,0.16831683168316833,3.328851970955294e-05,0.4203934276692538,0.28540443654291037,0.23919966605850543
FADS3,0.0037787552244342324,0.3403829309197943,9.721715e-05,0.27565991318278016,0.297029702970297,4.972701235425899e-05,0.4203934276692538,0.3401808883374498,0.35974530032736823
DHODH,0.0037270697131986047,0.34230654709079356,9.721715e-05,0.3147351038712387,0.3069306930693069,4.940221239002196e-05,0.4215597870576275,0.36725216321031356,0.36772846613734855
MOB1B,0.003646479997646682,0.3453140755112374,9.721715e-05,0.2965303034943112,0.3465346534653465,4.407420422270921e-05,0.4231798142463353,0.355126111969235,0.396039603960396
UCK2,0.0036398254158962924,0.3455628582339647,9.721715e-05,0.24176947880442923,0.1782178217821782,5.044667719121496e-05,0.4231798142463353,0.3142584213229149,0.2498380679189414
METTL21C,0.00363592875440055,0.34570856659770555,9.721715e-05,0.38102401758332094,0.39603960396039606,4.2453732152927717e-05,0.4231798142463353,0.4104387981148879,0.43267254620582235
MCAT,0.0036351441483134118,0.3457379082392559,9.721715e-05,0.3273607445598973,0.33663366336633666,4.1602107283934855e-05,0.4231798142463353,0.3732647591525345,0.3897726708216943
NKD2,0.003610106807441163,0.3466747067089272,9.721715e-05,0.35963717401620365,0.32673267326732675,6.479747416378213e-05,0.42388124841609476,0.3935441240735374,0.3825909523036613
SNX7,0.003608499946514437,0.3467348612043655,9.721715e-05,0.3025547066257369,0.33663366336633666,4.321386495615561e-05,0.42388124841609476,0.35918643445873,0.3897726708216943
SLC9B2,0.0035799612858496924,0.3478038778876701,9.721715e-05,0.3212762783252543,0.24752475247524752,3.998825072818965e-05,0.42417613279779487,0.3708460311565075,0.31625820162936225
EDN1,0.003575640848494911,0.34796582093845774,9.721715e-05,0.3690344512144986,0.297029702970297,6.775539145425721e-05,0.42417613279779487,0.4005261737916489,0.35974530032736823
ASB7,0.003549202742249023,0.3489574042358389,9.721715e-05,0.3654252362801923,0.3069306930693069,6.92057894029329e-05,0.4244858207899966,0.3974283821874282,0.36772846613734855
LINC01003,0.0035424633748631935,0.3492103352365705,9.721715e-05,0.26356361484316837,0.24752475247524752,4.168643017699739e-05,0.4244858207899966,0.3309713583324827,0.31625820162936225
ZNF639,0.003519878450059168,0.35005844384377516,9.721715e-05,0.23057252347297996,0.2376237623762376,4.506224318965779e-05,0.42495369748335726,0.30418538716751975,0.3068752850317317
IL12A-AS1,0.003509378344168091,0.3504529987363285,9.721715e-05,0.293305457573648,0.2376237623762376,4.522781782268878e-05,0.42495369748335726,0.3529548225916342,0.3068752850317317
KAT14,0.0034955633106484867,0.35097236211547833,9.721715e-05,0.3069025041741449,0.31683168316831684,4.2869461797910003e-05,0.42495369748335726,0.3623406188596752,0.3756897428873322
ARHGAP9,0.003484965959191099,0.35137094856359685,9.721715e-05,0.3301710121722723,0.3465346534653465,5.736826519958456e-05,0.42495369748335726,0.3746267157779187,0.396039603960396
SOCS6,0.003475343783345998,0.3517329984628953,9.721715e-05,0.28609841469058406,0.33663366336633666,4.673107235216335e-05,0.42495369748335726,0.3469107762924337,0.3897726708216943
TUBD1,0.00346650502738657,0.352065689464646,9.721715e-05,0.2916356074635029,0.3564356435643564,4.647613420064933e-05,0.42495369748335726,0.3516506520862173,0.4036643754975724
AC021097.1,0.003463731673272526,0.3521701019429183,9.721715e-05,0.2818661772192391,0.22772277227722773,4.8751506794335604e-05,0.42495369748335726,0.3448607388489875,0.29819655907100967
TBC1D30,0.0034628833543925396,0.3522020420584592,9.721715e-05,0.29907066165705665,0.3564356435643564,4.053614854424662e-05,0.42495369748335726,0.35666706737874887,0.4036643754975724
DR1,0.0034531146938665673,0.35256991767869206,9.721715e-05,0.33665925154709897,0.27722772277227725,6.29375062205775e-05,0.42495369748335726,0.37997658188160155,0.343954991032602
AC239804.1,0.0034221333923887855,0.353737545982976,9.721715e-05,0.37320547324112596,0.2871287128712871,6.90900274653426e-05,0.4259207997181589,0.40404778770240996,0.3523051691672235
AC087241.1,0.0034192693019077292,0.35384555800090256,9.721715e-05,0.33834065344624586,0.31683168316831684,6.015021446544238e-05,0.4259207997181589,0.38040852395470653,0.3756897428873322
SAMD13,0.003412996605493127,0.3540821581656961,9.721715e-05,0.3372523717182594,0.3465346534653465,4.577737509167078e-05,0.4259207997181589,0.38029975959628215,0.396039603960396
SLC25A32,0.003394432462395678,0.35478270989966965,9.721715e-05,0.365655227109451,0.33663366336633666,4.351269823579918e-05,0.4259998567254079,0.3974513338146206,0.3897726708216943
RHPN1,0.0033803374453746904,0.3553149393434061,9.721715e-05,0.23827557077233164,0.2376237623762376,4.7096341337232416e-05,0.4259998567254079,0.31065915354932416,0.3068752850317317
GPD1L,0.0033600332764799528,0.3560821231500041,9.721715e-05,0.3618208479917264,0.36633663366336633,5.294594019405469e-05,0.42620474743392583,0.39493405091432443,0.40931467448420816
BORCS5,0.003336223486415516,0.3569825078654685,9.721715e-05,0.29701498884227007,0.26732673267326734,4.4722999644569e-05,0.42620474743392583,0.35548471145507926,0.33485603257611773
CREBRF,0.0032825032257664316,0.35901690079887516,9.721715e-05,0.27541732286496157,0.2376237623762376,5.221814564692855e-05,0.42729441427844655,0.3401613703560662,0.3068752850317317
NDUFA4L2,0.0032735961253707677,0.3593546024081735,9.721715e-05,0.3799244271066087,0.3465346534653465,6.306283706170687e-05,0.42729441427844655,0.4096484988101863,0.396039603960396
R3HDM4,0.0032422358909535093,0.36054445962916604,9.721715e-05,0.3404102762794696,0.37623762376237624,6.028039837489533e-05,0.42787935256460063,0.3816258702684637,0.4178870312058974
ISYNA1,0.0032345683229129704,0.36083558543770244,9.721715e-05,0.2769417536182708,0.27722772277227725,4.7477063339513775e-05,0.4279587593065275,0.3410769088634639,0.343954991032602
SP3,0.0032325590705366202,0.3609118870151715,9.721715e-05,0.35902122477645526,0.3465346534653465,5.49368221058334e-05,0.4279587593065275,0.3935197933245765,0.396039603960396
PRKCI,0.0032230396716334975,0.36127346242192737,9.721715e-05,0.35029461478711255,0.36633663366336633,5.344339147780799e-05,0.42804912609233103,0.3873512142872605,0.40931467448420816
ZNF844,0.003213928454032095,0.3616196499873845,9.721715e-05,0.3127565594067382,0.3069306930693069,4.733941235803937e-05,0.4281211325817496,0.36608259001959215,0.36772846613734855
IRF2BP1,0.003197662919943548,0.3622379527127808,9.721715e-05,0.33397233152846484,0.3465346534653465,4.435184742519968e-05,0.4283944362602418,0.37763031506247546,0.396039603960396
KCTD4,0.0031928311328553896,0.36242169307616456,9.721715e-05,0.3260861453366317,0.32673267326732675,4.388089916684585e-05,0.4283944362602418,0.3728932196690187,0.3825909523036613
CIART,0.003140422115769321,0.364416700724838,9.721715e-05,0.3381942711372523,0.3564356435643564,5.303063998982014e-05,0.42902070434665307,0.38040852395470653,0.4036643754975724
NAGPA,0.003111129662267039,0.36553335685101285,9.721715e-05,0.32284339432791365,0.33663366336633666,6.0966590965744255e-05,0.42902070434665307,0.3715387755553038,0.3897726708216943
RBM4B,0.003095360623814115,0.3661349604865457,9.721715e-05,0.3249816666931462,0.33663366336633666,4.70995254728809e-05,0.42902070434665307,0.3724286649080954,0.3897726708216943
LARP7,0.003074242575378778,0.3669411493579574,9.721715e-05,0.30978926847565047,0.3069306930693069,4.617832656573965e-05,0.42902070434665307,0.36455644788572333,0.36772846613734855
ZNF233,0.003063998197141378,0.36733244380491514,9.721715e-05,0.3817902877885141,0.3564356435643564,5.0101257043234984e-05,0.42918253501685694,0.41082168700342264,0.4036643754975724
PLEKHA7,0.003062720300778755,0.3673812640318803,9.721715e-05,0.36119947144985665,0.3465346534653465,5.3105785833552846e-05,0.42918253501685694,0.3944661137057044,0.396039603960396
COG6,0.0030590024668217114,0.3675233108194351,9.721715e-05,0.3246518050008549,0.32673267326732675,4.591577378995561e-05,0.42918253501685694,0.3724286649080954,0.3825909523036613
AC073864.1,0.0030542475409728437,0.3677050080540998,9.721715e-05,0.32848420599835504,0.26732673267326734,4.472375695380794e-05,0.42922763586081686,0.37357733323677234,0.33485603257611773
DNAJC24,0.0030262095634868355,0.36877700799377267,9.721715e-05,0.32938577906060906,0.33663366336633666,5.5670277962345585e-05,0.4294485552496266,0.3740186741793441,0.3897726708216943
LCA5,0.0030090856727618335,0.36943222350789984,9.721715e-05,0.3379200365643906,0.3564356435643564,4.328529370133981e-05,0.4294485552496266,0.38040852395470653,0.4036643754975724
METAP1,0.0030058218025040516,0.36955715286216284,9.721715e-05,0.3460217090419322,0.3564356435643564,5.8127787799182024e-05,0.4294485552496266,0.3852065505862454,0.4036643754975724
PALD1,0.002973713083972384,0.37078689279984123,9.721715e-05,0.3113207298534165,0.297029702970297,3.6228950334542295e-05,0.429982392640372,0.3651763198052728,0.35974530032736823
SLC7A2,0.0029691748347867144,0.3709608111984689,9.721715e-05,0.33707751989770096,0.3465346534653465,5.177985414898328e-05,0.429982392640372,0.38029975959628215,0.396039603960396
SYTL5,0.002954916505595909,0.3715074016196811,9.721715e-05,0.34604388460997715,0.2871287128712871,4.655035542642684e-05,0.429982392640372,0.3852065505862454,0.3523051691672235
PAXIP1,0.002939663834023117,0.37209239690423657,9.721715e-05,0.36217694304588266,0.32673267326732675,5.995212806424505e-05,0.429982392640372,0.39510211968641745,0.3825909523036613
SPDL1,0.0029383164256502853,0.3721440891205736,9.721715e-05,0.3013535260895429,0.27722772277227725,5.291820631185943e-05,0.429982392640372,0.35818564907631883,0.343954991032602
DPT,0.0028986570366477224,0.3736666173956664,9.721715e-05,0.33152985367836474,0.32673267326732675,4.817343749038965e-05,0.4303097817675157,0.3757421839951244,0.3825909523036613
WNT5B,0.0028915621325176564,0.37393920035597117,9.721715e-05,0.3178350402836052,0.2871287128712871,5.3447792578645935e-05,0.4303097817675157,0.36914638825041257,0.3523051691672235
SLC16A7,0.002811294583602188,0.3770274043809573,9.721715e-05,0.3427325605348309,0.36633663366336633,4.9205905857515654e-05,0.4315082427393418,0.3829414084188055,0.40931467448420816
C15orf40,0.0028107886097232283,0.37704689636652633,9.721715e-05,0.37781514508030467,0.40594059405940597,5.2269212910711546e-05,0.4315082427393418,0.40788894995560343,0.439805627366637
TMEM44-AS1,0.00280841854613183,0.37713820415418475,9.721715e-05,0.2607187900036124,0.22772277227722773,4.4631285650421225e-05,0.4315082427393418,0.32946772115031053,0.29819655907100967
KIF27,0.002789768980567891,0.37785692656921377,9.721715e-05,0.40199238158167727,0.33663366336633666,5.493148020479044e-05,0.432165756655601,0.42871565757022106,0.3897726708216943
CCDC43,0.002736801070110665,0.3799005187413841,9.721715e-05,0.2845214153252029,0.3069306930693069,4.879035149829703e-05,0.4331818913812817,0.3459928033950583,0.36772846613734855
LYL1,0.0027152334256487715,0.38073360062114414,9.721715e-05,0.3194118841279303,0.27722772277227725,4.968137754194423e-05,0.43396687000890294,0.37011805808566667,0.343954991032602
CSTF1,0.0026702637794229437,0.3824723946136088,9.721715e-05,0.2930189314072905,0.27722772277227725,3.9327089486622646e-05,0.4352640054108344,0.35275152256094366,0.343954991032602
TRAPPC8,0.002649721238478243,0.3832674829318058,9.721715e-05,0.4644310959071327,0.45544554455445546,5.600308358664241e-05,0.4352640054108344,0.4760141058153051,0.47278084209805066
NOL8,0.002624003755785034,0.38426355780608124,9.721715e-05,0.3467885299145297,0.3465346534653465,5.4133229135974183e-05,0.4355083768108212,0.3858922810621621,0.396039603960396
MYADM,0.0025375380769444627,0.38761807044783725,9.721715e-05,0.3208790652324378,0.3564356435643564,3.944981040120478e-05,0.43702300806530153,0.3706727746235323,0.4036643754975724
AC064807.1,0.0025347329607655323,0.38772703954247445,9.721715e-05,0.35648153715372066,0.36633663366336633,3.9248118502994196e-05,0.43702300806530153,0.3919518452723603,0.40931467448420816
LCA5L,0.0025233834907725156,0.38816801752168795,9.721715e-05,0.3900485042547571,0.25742574257425743,7.814949414940121e-05,0.43702300806530153,0.41813417584417234,0.32489576260949615
ABCC9,0.0024972018474213498,0.389185841414744,9.721715e-05,0.39849944118271574,0.40594059405940597,6.210213743080985e-05,0.43740092421024684,0.42574726622085013,0.439805627366637
ADM5,0.002434343363135638,0.3916325889222718,9.721715e-05,0.3546731691943239,0.32673267326732675,4.339194361766288e-05,0.4382311699988122,0.39075266528937636,0.3825909523036613
ALYREF,0.0024225912382988078,0.39209051609217993,9.721715e-05,0.36765567033112423,0.3069306930693069,5.061970965587908e-05,0.43834432933275885,0.39933635445089527,0.36772846613734855
ZNF488,0.0024061360920905935,0.39273194983176973,9.721715e-05,0.2998230278116747,0.2871287128712871,4.2193348306260374e-05,0.43834432933275885,0.35707387194721085,0.3523051691672235
TMEM100,0.002368584544419484,0.3941968257048746,9.721715e-05,0.42007960309906,0.37623762376237624,6.490238913449855e-05,0.43834432933275885,0.4421890558937474,0.4178870312058974
PDCL3,0.002363371026242571,0.3944003225460624,9.721715e-05,0.399389831676615,0.37623762376237624,4.495092296758663e-05,0.43834432933275885,0.42654663404408866,0.4178870312058974
IGFBP3,0.0023266842513925217,0.3958331125227019,9.721715e-05,0.38383342435684653,0.40594059405940597,4.5092236698018866e-05,0.43834432933275885,0.4124284645668122,0.439805627366637
KBTBD3,0.0023184589484431667,0.3961545430417104,9.721715e-05,0.35876054091856313,0.36633663366336633,4.613725650128027e-05,0.43834432933275885,0.3933777860949157,0.40931467448420816
XRCC1,0.0023060309680283117,0.3966403407623057,9.721715e-05,0.3251310899042017,0.297029702970297,4.1425544563419915e-05,0.43834432933275885,0.37242965624765373,0.35974530032736823
IRAK1BP1,0.002282932854583263,0.39754364942679676,9.721715e-05,0.3253919899275849,0.31683168316831684,4.915562815664065e-05,0.4385751690601525,0.372586248008685,0.3756897428873322
LINC01637,0.002272959044704096,0.39793387006057834,9.721715e-05,0.36704088397960744,0.39603960396039606,5.349330460205719e-05,0.4385751690601525,0.39881298512815005,0.43267254620582235
COP1,0.002231469424308076,0.3995582238506592,9.721715e-05,0.41738969092927847,0.48514851485148514,4.930351341865409e-05,0.43940190516516914,0.4404393502595271,0.49004900490049
SMIM27,0.0021916272115549613,0.4011197186986677,9.721715e-05,0.45879054311171363,0.46534653465346537,5.413869241493741e-05,0.43947188339260457,0.4717079876387747,0.47809575478095756
NEMP1,0.002180182305908117,0.40156856047816414,9.721715e-05,0.4190085418657872,0.39603960396039606,5.0106978426027675e-05,0.43947188339260457,0.4418047855069792,0.43267254620582235
MRPS27,0.002176513219438889,0.40171248078304866,9.721715e-05,0.3756625317942833,0.38613861386138615,3.943549945302633e-05,0.43947188339260457,0.4064145673937432,0.4258881770529995
NOG,0.0021071318803361264,0.4044364597005524,9.721715e-05,0.3515988894675506,0.3069306930693069,5.5165230750508204e-05,0.44078446775602026,0.38831021590151593,0.36772846613734855
GDF10,0.0021052121556820315,0.4045118965175474,9.721715e-05,0.4217338348862514,0.37623762376237624,6.243462141928523e-05,0.44078446775602026,0.4431394524860618,0.4178870312058974
EMID1,0.002104531037513175,0.404538662348097,9.721715e-05,0.3475428542905501,0.36633663366336633,3.541861249748571e-05,0.44078446775602026,0.3860157581901704,0.40931467448420816
PTGIS,0.0020763603815529075,0.40564607163869704,9.721715e-05,0.37942760519835117,0.297029702970297,5.725819823959185e-05,0.4412544499747374,0.4093070174739495,0.35974530032736823
PILRA,0.0020298158935697936,0.4074774215209501,9.721715e-05,0.36949429056070215,0.3564356435643564,4.6669077885504934e-05,0.4424130454334346,0.40060819359671357,0.4036643754975724
DNHD1,0.0019844167686382873,0.40926565627973077,9.721715e-05,0.35205315037233775,0.31683168316831684,4.588423548843032e-05,0.4434033163955901,0.3885796361725582,0.3756897428873322
KIT,0.00198077811634332,0.40940906213859485,9.721715e-05,0.36915162351130304,0.38613861386138615,5.281939707603456e-05,0.4434033163955901,0.4005261737916489,0.4258881770529995
CPSF6,0.001956053638149181,0.4103838185913278,9.721715e-05,0.3878787722917668,0.36633663366336633,5.492189574709453e-05,0.4439781665250571,0.41632784145806817,0.40931467448420816
DGCR2,0.0019371420520352246,0.4111297774051492,9.721715e-05,0.37419228842938246,0.38613861386138615,6.159699595471639e-05,0.4443045144868327,0.40497000912270825,0.4258881770529995
AL591845.1,0.0019272685844506372,0.41151935968938147,9.721715e-05,0.40449420548500803,0.42574257425742573,3.617401064947429e-05,0.4445407840596522,0.4307712518477189,0.4532390783436044
WAS,0.001920336201658571,0.41179294630059116,9.721715e-05,0.46897933604045705,0.40594059405940597,7.328737576100306e-05,0.4445407840596522,0.4788761089589419,0.439805627366637
HLX,0.0018944448933934782,0.41281512540624876,9.721715e-05,0.32040176130327436,0.33663366336633666,3.3454267370070164e-05,0.44531081333528394,0.3706295382904622,0.3897726708216943
LRRC17,0.001877704790374453,0.4134763336539573,9.721715e-05,0.407276516155349,0.32673267326732675,5.99800747089916e-05,0.44531081333528394,0.43250603485523786,0.3825909523036613
SOX15,0.0018744376898937227,0.4136054077676048,9.721715e-05,0.37886858300313897,0.39603960396039606,5.160161542813487e-05,0.44531081333528394,0.40885098885230825,0.43267254620582235
ABL2,0.0018722018352619507,0.4136937455884788,9.721715e-05,0.4095923075828667,0.38613861386138615,3.7879319138969626e-05,0.44531081333528394,0.43450386235806226,0.4258881770529995
AP001972.3,0.0018631714552178138,0.414050577094774,9.721715e-05,0.42409949636848887,0.39603960396039606,5.721583409450351e-05,0.4453753070219871,0.44470412062407083,0.43267254620582235
TP53I3,0.0018356783092607347,0.41513739244930636,9.721715e-05,0.3442917864616054,0.3564356435643564,3.8642240014424256e-05,0.44606453343406843,0.38360590179798,0.4036643754975724
MAST4,0.001799072300549396,0.41658545015165893,9.721715e-05,0.3800172573962495,0.36633663366336633,4.896128217327249e-05,0.44698009672924777,0.4096484988101863,0.40931467448420816
KDM5B,0.0017824469882222226,0.417243488222783,9.721715e-05,0.47199197431620643,0.4752475247524752,5.7566788432580756e-05,0.4475260867602249,0.4811335110256946,0.4837945620147356
CRACR2A,0.001772803142130591,0.41762530279417165,9.721715e-05,0.46096015359907094,0.33663366336633666,6.278297399540893e-05,0.44763686131505087,0.4734270663461872,0.3897726708216943
ACVRL1,0.0017646740511374555,0.4179472062483134,9.721715e-05,0.25229098635216296,0.2376237623762376,3.787462654758932e-05,0.4478005781231929,0.32303583399764785,0.3068752850317317
COMMD5,0.0017433805194562628,0.4187906678054295,9.721715e-05,0.3819723904579818,0.3465346534653465,4.88363254847776e-05,0.44824513249568426,0.41087026582070474,0.396039603960396
HYLS1,0.0017428832729502405,0.41881036879513434,9.721715e-05,0.43880678992978184,0.49504950495049505,4.518152873532046e-05,0.44824513249568426,0.4572068046893913,0.4970376555727862
ZNF443,0.0017322910218796758,0.4192300838422284,9.721715e-05,0.45001415489763474,0.32673267326732675,5.795372702422136e-05,0.4483981710707626,0.46537141147635447,0.3825909523036613
NCL,0.0017317306761865212,0.41925228995116304,9.721715e-05,0.3595277872957925,0.3564356435643564,5.180206681243274e-05,0.4483981710707626,0.3935441240735374,0.4036643754975724
ABI1,0.0017078039708300294,0.4202007276709492,9.721715e-05,0.41929668435665834,0.4158415841584158,6.0741575879670183e-05,0.44909233452541775,0.44183001512819636,0.44794425582594166
SNTG1,0.0016656644819209995,0.42187223120957706,9.721715e-05,0.4157738632153225,0.40594059405940597,4.417735348433114e-05,0.4502371731158773,0.43888866630751844,0.439805627366637
MMACHC,0.0016567137418715633,0.4222274533362024,9.721715e-05,0.39028359157705994,0.39603960396039606,4.104115892859722e-05,0.45029674460724584,0.41816099097542136,0.43267254620582235
GAS8,0.0016497240359156999,0.4225048932063278,9.721715e-05,0.3387444487607043,0.38613861386138615,4.870740934099041e-05,0.45043137422434065,0.38040852395470653,0.4258881770529995
MED6,0.0016459484339188535,0.4226547728138397,9.721715e-05,0.44498080839686216,0.4158415841584158,5.1872957304598874e-05,0.45043137422434065,0.46127934526281494,0.44794425582594166
AC087379.2,0.0016343736529626047,0.4231143251643805,9.721715e-05,0.4666740120409306,0.36633663366336633,6.616854570889175e-05,0.4507188686564489,0.4778232205197242,0.40931467448420816
FZD1,0.0016315860265825547,0.4232250176684055,9.721715e-05,0.42201647191755953,0.44554455445544555,4.0109847325281166e-05,0.4507188686564489,0.4431394524860618,0.4658883455442093
ZFPM2,0.0015993085656658681,0.42450714687498703,9.721715e-05,0.4958201036665315,0.48514851485148514,6.668546361456474e-05,0.4518449950798057,0.4970084921911464,0.49004900490049
NXPH1,0.0015813428397851935,0.42522113071846535,9.721715e-05,0.48402042403433265,0.46534653465346537,3.984864438760583e-05,0.452362905019644,0.48956887124173903,0.47809575478095756
GRAMD2B,0.0015753093152329164,0.425460966827646,9.721715e-05,0.3638890965104058,0.3465346534653465,4.526981979347384e-05,0.45245760385782985,0.39624946988428944,0.396039603960396
PTPRZ1,0.0015347745268384275,0.4270729591222021,9.721715e-05,0.3998199366756736,0.40594059405940597,4.778626759297282e-05,0.45385011596408303,0.42670217361331225,0.439805627366637
KCNA4,0.0015009659241974262,0.42841839692491945,9.721715e-05,0.4367635651424827,0.4158415841584158,6.170303696239556e-05,0.4547965997079825,0.4557532853660689,0.44794425582594166
JRK,0.0014828627758900939,0.42913916802408614,9.721715e-05,0.410099725662468,0.43564356435643564,4.6310499678163594e-05,0.4554006027846687,0.43488836231438815,0.45937809949712016
MRPL39,0.0014534639960068904,0.4303101736249728,9.721715e-05,0.44178329317968557,0.48514851485148514,4.712933682770907e-05,0.4563204386266944,0.4590751228053539,0.49004900490049
C5orf51,0.0014330785916533834,0.43112252111071614,9.721715e-05,0.4579577683606171,0.4752475247524752,4.8394357809316936e-05,0.45685890615759395,0.4715815966641224,0.4837945620147356
NRDE2,0.0014291652287789069,0.4312784999853069,9.721715e-05,0.43028628867169993,0.40594059405940597,5.146483404616039e-05,0.4568628177810454,0.45009026011684095,0.439805627366637
NUDT2,0.0014105968571332661,0.4320187440843578,9.721715e-05,0.4136990917182789,0.42574257425742573,5.160613326532957e-05,0.45748543319910817,0.43701142664788506,0.4532390783436044
BAG3,0.0013989596285083632,0.4324827940735654,9.721715e-05,0.4118283487357466,0.37623762376237624,5.095724967065435e-05,0.4576922622584711,0.4361048521733991,0.4178870312058974
B9D1,0.0013980470617738737,0.43251918783425514,9.721715e-05,0.4478669123761152,0.46534653465346537,4.267008824170867e-05,0.4576922622584711,0.4634113148317388,0.47809575478095756
PPIL4,0.0013574875361868127,0.43413730211101154,9.721715e-05,0.40253610254398275,0.3465346534653465,4.846898942965891e-05,0.45908068605323743,0.4289905178088626,0.396039603960396
AL356479.1,0.001349500873043953,0.4344560594395429,9.721715e-05,0.3484365947665956,0.37623762376237624,5.023268250203754e-05,0.4592086345631317,0.38657906224104543,0.4178870312058974
C9orf64,0.0013267677073228092,0.4353636000178043,9.721715e-05,0.4689196152241082,0.4752475247524752,4.991060304025e-05,0.4596642269919541,0.4788761089589419,0.4837945620147356
C7orf43,0.0013244725656734347,0.43545524437037786,9.721715e-05,0.4453414959319357,0.39603960396039606,5.080067354252923e-05,0.4596642269919541,0.4613344225814251,0.43267254620582235
SLC17A8,0.0012360030434045183,0.43899040327643857,9.721715e-05,0.4537035610766077,0.36633663366336633,4.461052214774875e-05,0.46225735690744674,0.4684957484395381,0.40931467448420816
CRAMP1,0.001222673646795228,0.4395234626852659,9.721715e-05,0.4561500891180722,0.42574257425742573,6.801904441637001e-05,0.4624356473962426,0.47009627872010185,0.4532390783436044
HAT1,0.001220206089998083,0.43962215545802796,9.721715e-05,0.4084540423234293,0.37623762376237624,4.735778845605691e-05,0.4624356473962426,0.4334496381217856,0.4178870312058974
CDKN3,0.0011967198003800666,0.44056170360642066,9.721715e-05,0.45067075806802714,0.46534653465346537,5.05018206013375e-05,0.4629369915303895,0.4658898257078158,0.47809575478095756
ZNF829,0.0011856030632210691,0.44100653583803584,9.721715e-05,0.40639595744193013,0.37623762376237624,4.8610381130671914e-05,0.46308001663076914,0.4323361249382236,0.4178870312058974
SLC46A1,0.0011671564511031944,0.44174483435835454,9.721715e-05,0.44389168943526225,0.49504950495049505,4.284463169731148e-05,0.463645529554956,0.4607872208670542,0.4970376555727862
TOE1,0.0011401760825822515,0.4428250478212872,9.721715e-05,0.4207853508687447,0.43564356435643564,5.600176020246734e-05,0.4641771989740956,0.44262133681845517,0.45937809949712016
MANEA,0.0011094839802092411,0.4440543845217647,9.721715e-05,0.3941381280548335,0.40594059405940597,4.920357103495099e-05,0.46520512097721406,0.42183888125740293,0.439805627366637
ADCK2,0.0010836166978837258,0.44509088730104374,9.721715e-05,0.44292781773953416,0.45544554455445546,6.310904398259928e-05,0.46520512097721406,0.460105073829156,0.47278084209805066
HTR2C,0.0010783929005411998,0.4453002508188366,9.721715e-05,0.43923436623047984,0.36633663366336633,5.207409313154588e-05,0.46520512097721406,0.4573534860193198,0.40931467448420816
VWF,0.0010760650279356097,0.4453935540723315,9.721715e-05,0.4553882064832535,0.42574257425742573,5.127726344133091e-05,0.46520512097721406,0.4694723778177871,0.4532390783436044
ZDBF2,0.0010760393331993368,0.44539458395764264,9.721715e-05,0.4979769393657167,0.4752475247524752,4.106948301443841e-05,0.46520512097721406,0.49830914546269184,0.4837945620147356
AQP6,0.001073123998784847,0.445511437522512,9.721715e-05,0.4913331196480004,0.38613861386138615,4.9608824070840155e-05,0.46520512097721406,0.4942753387837019,0.4258881770529995
LCLAT1,0.0010245190439554393,0.44746032984166006,9.721715e-05,0.4353785272139884,0.44554455445544555,3.854156969794738e-05,0.46691512679129743,0.4546242887720032,0.4658883455442093
C1QTNF1,0.0009985645278151106,0.4485015399386799,9.721715e-05,0.42982935247125664,0.39603960396039606,5.510450399973417e-05,0.46783888032546583,0.4499742588447912,0.43267254620582235
CD53,0.0009428288806044525,0.45073866141529273,9.721715e-05,0.4670732280503441,0.46534653465346537,5.4563602692182395e-05,0.4691189414075101,0.4779057585781147,0.47809575478095756
PHKG1,0.0009143462326394982,0.45188250909105143,9.721715e-05,0.47852825566233104,0.43564356435643564,4.239503163603497e-05,0.4700580885135764,0.484994853711822,0.45937809949712016
ZSCAN26,0.0008642325483951415,0.45389601165137605,9.721715e-05,0.4784236242861373,0.46534653465346537,5.380410850784286e-05,0.4714986270616787,0.484994853711822,0.47809575478095756
SMPD1,0.0008448781782653858,0.45467396522937653,9.721715e-05,0.4114051974773991,0.42574257425742573,5.2030017099287144e-05,0.4719177280025637,0.4359645328266328,0.4532390783436044
EMCN,0.0007861097409808852,0.4570372300929212,9.721715e-05,0.41314137517687133,0.3069306930693069,6.166384703199349e-05,0.4731752294505449,0.43672449807280267,0.36772846613734855
TM4SF18,0.0007848657495736273,0.45708727164922636,9.721715e-05,0.4658255998541817,0.504950495049505,4.2442590003597646e-05,0.4731752294505449,0.477117377795338,0.504950495049505
PRR3,0.0007732816251526694,0.4575532942621826,9.721715e-05,0.4239288371584633,0.44554455445544555,4.2073641367944026e-05,0.4733309940643268,0.4446805984179685,0.4658883455442093
CNOT11,0.0006979341779977551,0.4605858744332423,9.721715e-05,0.43089087708583873,0.4752475247524752,4.999318663437319e-05,0.47563119973722406,0.45040858231969205,0.4837945620147356
EPHA8,0.0006920072497480911,0.46082452074985625,9.721715e-05,0.4751530997808068,0.43564356435643564,4.2833995892656246e-05,0.47563119973722406,0.4835250546675333,0.45937809949712016
PTPRC,0.000684336210925754,0.4611334141889979,9.721715e-05,0.4970055716644515,0.49504950495049505,5.0042443972397115e-05,0.47572222921836094,0.4978352971597177,0.4970376555727862
NAF1,0.000679027946693602,0.4613471783780584,9.721715e-05,0.42098882466126664,0.44554455445544555,5.87395060334155e-05,0.475779145800679,0.4426801521148966,0.4658883455442093
MITF,0.0006750128230895103,0.46150887512123273,9.721715e-05,0.44055824153108336,0.43564356435643564,4.576180491068842e-05,0.47578234548580695,0.4581194885938475,0.45937809949712016
SAFB,0.0006434591442658856,0.4627798217782171,9.721715e-05,0.4914744451972609,0.48514851485148514,5.3119354531062464e-05,0.47676492628250383,0.4942753387837019,0.49004900490049
PTPN2,0.0006377049124911883,0.46301163711055937,9.721715e-05,0.4538892636629869,0.4752475247524752,6.128372731069099e-05,0.476839997024263,0.4684957484395381,0.4837945620147356
AC010331.1,0.0006327640977463545,0.46321069310138396,9.721715e-05,0.45218637667707684,0.39603960396039606,4.905015912682817e-05,0.4768812900837858,0.46729560111306595,0.43267254620582235
AL583859.2,0.0006168062024924449,0.4638536688983872,9.721715e-05,0.4864313308781786,0.4752475247524752,4.1217827732506616e-05,0.4772157087431967,0.49134477866482684,0.4837945620147356
KDM3B,0.000593770336516178,0.4647819965132951,9.721715e-05,0.40674528965815737,0.36633663366336633,5.002546311458239e-05,0.47800685277335797,0.4323850792691026,0.40931467448420816
NUBPL,0.0005815047572781245,0.46527636843123044,9.721715e-05,0.4473881370147508,0.42574257425742573,4.537207312410966e-05,0.4783513040759737,0.4631347174065743,0.4532390783436044
U47924.2,0.0005577832706838937,0.46623262932875087,9.721715e-05,0.4829835409022688,0.42574257425742573,4.4573640627518246e-05,0.4790061260226892,0.48868486431932767,0.4532390783436044
IFITM1,0.0004710001247709434,0.4697326526898258,9.721715e-05,0.49419870274923494,0.46534653465346537,4.731402300258895e-05,0.48118990037267767,0.4961005574978426,0.47809575478095756
HIPK3,0.00045581000211954034,0.47034552896614956,9.721715e-05,0.4923203650345954,0.49504950495049505,6.03071992159851e-05,0.48158245286636475,0.4949601525146737,0.4970376555727862
ZFHX4-AS1,0.00040568570411609234,0.47236838585442464,9.721715e-05,0.44516415172860646,0.42574257425742573,3.769237782006372e-05,0.4830233840238269,0.46131000179130205,0.4532390783436044
ASPRV1,0.00040498003615355534,0.4723968695753027,9.721715e-05,0.46955598248993824,0.45544554455445546,4.0067655295927426e-05,0.4830233840238269,0.4793017854609781,0.47278084209805066
IFT81,0.00040049065204587545,0.4725780832608997,9.721715e-05,0.48967084318563714,0.45544554455445546,4.8547406714758295e-05,0.48304403740466745,0.49361980159842456,0.47278084209805066
AMBRA1,0.00038975870494774545,0.47301130051105744,9.721715e-05,0.4680840823469399,0.40594059405940597,3.6866878957994274e-05,0.4833221735467208,0.4784618185233337,0.439805627366637
PRKAR2A-AS1,0.0003552420660512698,0.4744048499597556,9.721715e-05,0.487100909439643,0.42574257425742573,4.586189362382325e-05,0.4840865815915874,0.4915246311197205,0.4532390783436044
AC234582.1,0.0003495423456875049,0.47463499687539,9.721715e-05,0.42365412379028344,0.42574257425742573,3.673356240311967e-05,0.4841466980220321,0.44454787386178746,0.4532390783436044
PLK3,0.0003457896919924137,0.4747865285269395,9.721715e-05,0.46799594777420517,0.44554455445544555,4.4589814628397924e-05,0.4841466980220321,0.4784618185233337,0.4658883455442093
ATG4A,0.00031637846146455025,0.475974274650808,9.721715e-05,0.430546876837847,0.39603960396039606,4.954073921689295e-05,0.4850117624866986,0.45020586633445137,0.43267254620582235
PIK3AP1,0.0003122813270164348,0.4761397509284593,9.721715e-05,0.4567452845443536,0.42574257425742573,4.094318291899488e-05,0.4850117624866986,0.4705480266597049,0.4532390783436044
PDGFD,0.00030877049408746586,0.476281550761938,9.721715e-05,0.49790161467171834,0.42574257425742573,4.488935736159261e-05,0.4850117624866986,0.49830914546269184,0.4532390783436044
AP001160.2,0.00028155451903093227,0.4773808835225839,9.721715e-05,0.46692236516510455,0.49504950495049505,6.883816173119801e-05,0.4858014418479483,0.4779057585781147,0.4970376555727862
EMP1,0.00026640894520655716,0.4779927325989193,9.721715e-05,0.4603325664952379,0.43564356435643564,4.9081068185623116e-05,0.48590556415984937,0.4730423354263315,0.45937809949712016
PPP2R1B,0.00025897558514879703,0.4782930436546784,9.721715e-05,0.48114308295856145,0.37623762376237624,5.1262594325020585e-05,0.48590556415984937,0.48731574911400555,0.4178870312058974
WLS,0.0002462638164532533,0.478806633237039,9.721715e-05,0.49106741459321324,0.46534653465346537,4.281845425689543e-05,0.48615767477118055,0.4942753387837019,0.47809575478095756
PAH,0.00020539923415356865,0.48045790622976603,9.721715e-05,0.46042787314829603,0.44554455445544555,4.785157157611051e-05,0.4876095124118059,0.4730423354263315,0.4658883455442093
ANKRD6,0.0001928488268704877,0.4809651169292588,9.721715e-05,0.4761838148288526,0.44554455445544555,4.4338381418463384e-05,0.4879591987784161,0.4839266410862323,0.4658883455442093
GGCX,0.00017215038145927214,0.48180168842856497,9.721715e-05,0.49327874693409046,0.49504950495049505,4.478971706404011e-05,0.48847754825471273,0.49570033576484235,0.4970376555727862
GCC1,8.768029364040808e-05,0.4852165175966453,9.721715e-05,0.48158422953701274,0.504950495049505,3.259683015673364e-05,0.49144144253542743,0.48754577086773754,0.504950495049505
POLR1A,4.5674536582862415e-05,0.4869150822872147,9.721715e-05,0.49060869237250493,0.504950495049505,3.7494568630941904e-05,0.492622979659094,0.4942753387837019,0.504950495049505
KCNK15,4.3166991672561505e-05,0.4870164863753035,9.721715e-05,0.4680951457886615,0.4158415841584158,4.1970569127906274e-05,0.492622979659094,0.4784618185233337,0.44794425582594166
LRRC38,3.667262327883325e-05,0.48727911985679084,9.721715e-05,0.4070184879519819,0.33663366336633666,3.660737809040241e-05,0.492622979659094,0.4323850792691026,0.3897726708216943
METTL18,3.3290136517607164e-05,0.4874159104509327,9.721715e-05,0.4737819435741273,0.46534653465346537,5.677828124369973e-05,0.492622979659094,0.4824663376518608,0.47809575478095756
PCDHB3,3.0402820902047467e-05,0.4875326770816031,9.721715e-05,0.42446269398223974,0.48514851485148514,5.635143470285375e-05,0.492622979659094,0.44492944861869993,0.49004900490049
GGPS1,2.906938473415239e-05,0.48758660325825076,9.721715e-05,0.47530512873818526,0.4752475247524752,4.402623968063765e-05,0.492622979659094,0.4835250546675333,0.4837945620147356
LRRC6,4.108301330221641e-06,0.4885961080625222,9.721715e-05,0.47795256016412574,0.504950495049505,6.280675163092019e-05,0.4932490294672915,0.4847389048317705,0.504950495049505
CAB39L,2.890248929107952e-06,0.4886453718589301,9.721715e-05,0.48529809267998414,0.4752475247524752,5.928824815780711e-05,0.4932490294672915,0.49069574588471604,0.4837945620147356
TRPC3,-3.2540296521316205e-05,0.4900784233152199,9.721715e-05,0.45478406790315834,0.45544554455445546,4.5715301798409206e-05,0.494529185989122,0.46905906109860207,0.47278084209805066
MRPS30-DT,-4.6032580123974984e-05,0.49062417741292796,9.721715e-05,0.47089357948813676,0.504950495049505,4.13673809669725e-05,0.49457695450487205,0.4801770015174746,0.504950495049505
MUL1,-4.7905915694457776e-05,0.49069995402949007,9.721715e-05,0.4799463401567507,0.48514851485148514,4.14168768550474e-05,0.49457695450487205,0.4862678218406795,0.49004900490049
PAG1,-4.7950981206837474e-05,0.4907017769382478,9.721715e-05,0.4582201180919723,0.4158415841584158,5.796465223896145e-05,0.49457695450487205,0.4715815966641224,0.44794425582594166
USP8,-5.001328791505224e-05,0.49078519785366803,9.721715e-05,0.4442427096810545,0.4158415841584158,4.587378989488593e-05,0.49457695450487205,0.4609920889115059,0.44794425582594166
PIKFYVE,-6.269164621100792e-05,0.49129804990915593,9.721715e-05,0.49119530433473896,0.42574257425742573,4.2529465100934185e-05,0.4949275183772558,0.4942753387837019,0.4532390783436044
PLXNC1,-9.05582531727315e-05,0.4924253309218546,9.721715e-05,0.4938808724834137,0.43564356435643564,6.208512212824729e-05,0.495896607172059,0.49603033727828627,0.45937809949712016
C8orf58,-0.00011569665520572901,0.4934423006851113,9.721715e-05,0.477013563701561,0.38613861386138615,4.672457012123571e-05,0.4965873539266467,0.48452371657035265,0.4258881770529995
CCDC148,-0.00013053928376584623,0.49404277712620137,9.721715e-05,0.4107819166680139,0.3564356435643564,5.662777907876718e-05,0.4966918000598539,0.43545786219224086,0.4036643754975724
NTPCR,-0.00013897560703597555,0.4943840848636071,9.721715e-05,0.47741736872732077,0.46534653465346537,7.007020337436193e-05,0.49686842699860007,0.48452371657035265,0.47809575478095756
PRAP1,-0.00015224197916827707,0.4949208097672373,9.721715e-05,0.4539627753566156,0.4752475247524752,5.395988740720767e-05,0.497074800569706,0.4684957484395381,0.4837945620147356
ANKRD18B,-0.00016717560163879478,0.49552499848530274,9.721715e-05,0.4467640492390811,0.42574257425742573,6.21081951701911e-05,0.4975150587201835,0.46264830780712574,0.4532390783436044
CAV1,-0.00018093358892843335,0.49608163213989964,9.721715e-05,0.472689453549906,0.46534653465346537,4.521849779171802e-05,0.4978033435396807,0.4816808290250401,0.47809575478095756
ALOX12B,-0.00018247506327182008,0.4961439990612151,9.721715e-05,0.4646245923635173,0.44554455445544555,4.37361893959703e-05,0.4978033435396807,0.47604978725770214,0.4658883455442093
RPIA,-0.00019775219302944067,0.4967621053766358,9.721715e-05,0.49603997058271376,0.504950495049505,4.8995884375075255e-05,0.49825687600464974,0.4970340386600338,0.504950495049505
JRKL,-0.00021924686957187561,0.49763178387002605,9.721715e-05,0.4539723802379124,0.504950495049505,7.703938788117048e-05,0.4989623501370582,0.4684957484395381,0.504950495049505
BBS9,-0.0002372888623732525,0.4983617750149152,9.721715e-05,0.49338706753127304,0.45544554455445546,5.414651253181763e-05,0.4990168671796712,0.49570033576484235,0.47278084209805066
RAB7B,-0.00025223981316765053,0.4989667047862837,9.721715e-05,0.4868460209175821,0.46534653465346537,6.272625160019765e-05,0.4991330824804438,0.49143272636364277,0.47809575478095756
COL24A1,-0.00026480703966591046,0.49947518868736507,9.721715e-05,0.464100919356604,0.4752475247524752,3.7407278167705466e-05,0.49947518868736507,0.4758565885075032,0.4837945620147356
C2orf40,-0.00030381210404499434,0.4989466214729968,9.721715e-05,0.4866427471173529,0.46534653465346537,5.6560364339452204e-05,0.4991330824804438,0.4913928782740016,0.47809575478095756
ZBTB11,-0.0003144092559050921,0.4985178503124915,9.721715e-05,0.4398193413946212,0.43564356435643564,5.472442458949147e-05,0.4990168671796712,0.45750971712339233,0.45937809949712016
SNRNP48,-0.0003157993014050691,0.4984616078242461,9.721715e-05,0.4437004706315872,0.4752475247524752,6.541219731944196e-05,0.4990168671796712,0.4607481522654073,0.4837945620147356
ARID1B,-0.00031959226808358127,0.49830814114774746,9.721715e-05,0.4688207434373439,0.4752475247524752,6.476975951640648e-05,0.4990168671796712,0.4788761089589419,0.4837945620147356
ASB2,-0.0003196988743737377,0.4983038277695626,9.721715e-05,0.4906945464332693,0.49504950495049505,4.201903910648074e-05,0.4990168671796712,0.4942753387837019,0.4970376555727862
TBC1D32,-0.00040659558237556557,0.49478802695482277,9.721715e-05,0.4757028373676774,0.504950495049505,4.288186939789411e-05,0.497074800569706,0.4837655973230618,0.504950495049505
DLGAP2,-0.00042809712909608826,0.4939181361726538,9.721715e-05,0.4779020819677709,0.44554455445544555,5.0709104829073e-05,0.4966918000598539,0.4847389048317705,0.4658883455442093
GALR1,-0.0004305340705618945,0.49381954627251984,9.721715e-05,0.49584880570936707,0.48514851485148514,3.945887838793232e-05,0.4966918000598539,0.4970084921911464,0.49004900490049
CCDC65,-0.000458331047923496,0.492695008582994,9.721715e-05,0.48855844673293114,0.39603960396039606,5.674842590815336e-05,0.49600168649294696,0.49274707911632964,0.43267254620582235
IGSF22,-0.0005819013552691934,0.48769674986250305,9.721715e-05,0.49468477070886235,0.46534653465346537,4.851860758687721e-05,0.492622979659094,0.49632275702174894,0.47809575478095756
AC091271.1,-0.0006182622825592233,0.48622633021331374,9.721715e-05,0.4761756163525116,0.44554455445544555,4.716360945852181e-05,0.49229800561591,0.4839266410862323,0.4658883455442093
UNK,-0.0006508781197095033,0.48490751905897295,9.721715e-05,0.4816952216173247,0.48514851485148514,5.421047314605797e-05,0.49129434555113777,0.48754577086773754,0.49004900490049
C8orf37,-0.0006795298501793913,0.48374913102927986,9.721715e-05,0.49793607782018545,0.4158415841584158,5.483540688860243e-05,0.49028628144859443,0.49830914546269184,0.44794425582594166
RBBP9,-0.0007327227604247023,0.4815989153893937,9.721715e-05,0.4548309362452778,0.44554455445544555,4.602981923318567e-05,0.4884370338634825,0.46905906109860207,0.4658883455442093
TDRD5,-0.0008003671379041613,0.4788653096496128,9.721715e-05,0.4942815221203505,0.45544554455445546,4.0804490507706464e-05,0.48615767477118055,0.4961005574978426,0.47278084209805066
NOC3L,-0.0008160541322646363,0.47823151310807765,9.721715e-05,0.4861775885345704,0.45544554455445546,5.121324960417023e-05,0.48590556415984937,0.49125387861357733,0.47278084209805066
RNF2,-0.0008250655342055841,0.47786745315116713,9.721715e-05,0.4996167708187921,0.4752475247524752,3.838142969513751e-05,0.48590556415984937,0.4996167708187921,0.4837945620147356
CEP162,-0.0008293764530326997,0.4776932988686693,9.721715e-05,0.47723665478146565,0.48514851485148514,4.616977229789959e-05,0.48590556415984937,0.48452371657035265,0.49004900490049
NPIPB11,-0.0008562940921261435,0.47660596659688487,9.721715e-05,0.4371938678759056,0.46534653465346537,4.905525042652994e-05,0.48517743460829815,0.4558851594117889,0.47809575478095756
PLGLB1,-0.0008666739333188771,0.47618672121781275,9.721715e-05,0.38129258402026556,0.3564356435643564,4.0195733961744365e-05,0.4850117624866986,0.4105806719529062,0.4036643754975724
TIE1,-0.0009120702704757407,0.47435346330216466,9.721715e-05,0.46411879265765144,0.42574257425742573,5.485464746192218e-05,0.4840865815915874,0.4758565885075032,0.4532390783436044
TENT2,-0.0009128925328120759,0.4743202624519816,9.721715e-05,0.4584819332905706,0.44554455445544555,4.2132017584311187e-05,0.4840865815915874,0.47168923178042244,0.4658883455442093
LAMA2,-0.0009153711326980428,0.4742201840076796,9.721715e-05,0.4010449990408231,0.46534653465346537,4.467105132206951e-05,0.4840865815915874,0.4278573958472508,0.47809575478095756
TCAP,-0.0009960975062917347,0.47096162022763904,9.721715e-05,0.37686595606778395,0.45544554455445546,5.196840822968145e-05,0.4818843317472432,0.4073827310702182,0.47278084209805066
BMP3,-0.001002159908970806,0.4707169837967527,9.721715e-05,0.43884251862768014,0.49504950495049505,4.5149525172525745e-05,0.48179834574897923,0.4572068046893913,0.4970376555727862
NDUFAF5,-0.001024843279862496,0.469801739397191,9.721715e-05,0.47369579043033316,0.44554455445544555,4.059078048460078e-05,0.48118990037267767,0.4824663376518608,0.4658883455442093
CEP170,-0.001028470048049528,0.4696554187027576,9.721715e-05,0.477387968462168,0.49504950495049505,6.0140550274989546e-05,0.48118990037267767,0.48452371657035265,0.4970376555727862
DLL4,-0.0010463087427785111,0.4689357828200116,9.721715e-05,0.49874102442483137,0.46534653465346537,3.576247657746248e-05,0.4807954027546257,0.4989073268671204,0.47809575478095756
AP003481.1,-0.0010539380280383444,0.4686280384867013,9.721715e-05,0.42586435797164557,0.4752475247524752,6.9556570109278e-05,0.4806441420376424,0.44624277817496916,0.4837945620147356
LINC02352,-0.0010562457005219535,0.4685349570249372,9.721715e-05,0.4146997344280723,0.46534653465346537,4.4903572724178765e-05,0.4806441420376424,0.4379089064710373,0.47809575478095756
SCOC-AS1,-0.0010752358772280605,0.4677690417477863,9.721715e-05,0.4300254000360055,0.504950495049505,4.434586775263643e-05,0.4800913873566058,0.4499742588447912,0.504950495049505
CCDC189,-0.0010810873842291486,0.4675330616106564,9.721715e-05,0.4636577641055364,0.48514851485148514,6.243817009373256e-05,0.4800134102778813,0.47578468668929985,0.49004900490049
HSPA1L,-0.0010894404210407274,0.4671962193278573,9.721715e-05,0.40243116371062176,0.4158415841584158,4.321337409330576e-05,0.4798317897923903,0.4289905178088626,0.44794425582594166
CCDC32,-0.0011303944633142015,0.4655450622343574,9.721715e-05,0.49103692154209133,0.48514851485148514,5.022733858359844e-05,0.47846357886367663,0.4942753387837019,0.49004900490049
TBC1D15,-0.001174673729085189,0.46376050903205635,9.721715e-05,0.4199469048534008,0.43564356435643564,4.8506669624108705e-05,0.4772157087431967,0.4421890558937474,0.45937809949712016
MIR34AHG,-0.0012068544510180378,0.4624640094402695,9.721715e-05,0.45816050493281546,0.42574257425742573,5.796036395575887e-05,0.4766032388597762,0.4715815966641224,0.4532390783436044
SNRNP40,-0.0012460202781641274,0.4608866325453701,9.721715e-05,0.4886408534570269,0.4752475247524752,4.636667966571922e-05,0.47563119973722406,0.49274707911632964,0.4837945620147356
ZNF208,-0.0012537687095275486,0.4605746418830019,9.721715e-05,0.4125001893857684,0.45544554455445546,5.989342018859478e-05,0.47563119973722406,0.43656041159820375,0.47278084209805066
MGAT3,-0.0012550431039150241,0.46052333069977847,9.721715e-05,0.43420991283711713,0.44554455445544555,6.180946169408622e-05,0.47563119973722406,0.4537198671234244,0.4658883455442093
ZNF124,-0.0012697654221615117,0.4599306110807437,9.721715e-05,0.4479642710040142,0.43564356435643564,4.9652546073422095e-05,0.47546238223371157,0.4634113148317388,0.45937809949712016
PRR11,-0.001323070315382415,0.45778531371381126,9.721715e-05,0.4447573701262372,0.48514851485148514,6.0735025619347213e-05,0.4734077701280365,0.4612070896573493,0.49004900490049
C8orf76,-0.0013344883208032858,0.45732594483955014,9.721715e-05,0.4191254731842876,0.42574257425742573,4.624579674485276e-05,0.47325899776428093,0.4418047855069792,0.4532390783436044
CDKN2AIPNL,-0.0013462807763166586,0.4568515709499371,9.721715e-05,0.47012107456083274,0.46534653465346537,4.262662545308497e-05,0.4731752294505449,0.4795522691882007,0.47809575478095756
PSPC1,-0.0013510695521416493,0.4566589508739114,9.721715e-05,0.4389185325018156,0.45544554455445546,5.076827926130291e-05,0.4731752294505449,0.4572068046893913,0.47278084209805066
CLHC1,-0.0013572225890299688,0.45641147075312066,9.721715e-05,0.48578684645604187,0.44554455445544555,3.816652935752624e-05,0.473128684263774,0.49102444048791294,0.4658883455442093
AL359258.2,-0.0013687648625909936,0.45594727685408526,9.721715e-05,0.36512507803839334,0.42574257425742573,5.540125029835164e-05,0.47281086434920694,0.3974283821874282,0.4532390783436044
MRPL44,-0.0013894759731544028,0.4551144923500308,9.721715e-05,0.4410356164901747,0.44554455445544555,4.205490656413958e-05,0.47211046924277056,0.4584569817985184,0.4658883455442093
LXN,-0.0013980104035413617,0.4547713838851372,9.721715e-05,0.4393642489025599,0.49504950495049505,3.361528223638335e-05,0.4719177280025637,0.4573534860193198,0.4970376555727862
ILF3-DT,-0.00140110261144962,0.45464707661365134,9.721715e-05,0.4220067537887319,0.39603960396039606,4.962100344016683e-05,0.4719177280025637,0.4431394524860618,0.43267254620582235
CYB5R4,-0.0014237818928980882,0.45373550225551024,9.721715e-05,0.38347830889114143,0.4158415841584158,5.3591609542646794e-05,0.4714951530192347,0.4121945276508149,0.44794425582594166
AC074032.1,-0.0014340486448704867,0.4533229187610543,9.721715e-05,0.4118073092924156,0.4752475247524752,5.627050359765245e-05,0.47122964528176126,0.4361048521733991,0.4837945620147356
YRDC,-0.0014596457709795175,0.45229448350891704,9.721715e-05,0.4699551713501489,0.504950495049505,4.603878042196104e-05,0.4703235530422014,0.4795460932144377,0.504950495049505
JAG2,-0.0014962764600440935,0.45082330269261717,9.721715e-05,0.3974036226431954,0.43564356435643564,6.525961681831022e-05,0.4691189414075101,0.4248791403883058,0.45937809949712016
LRRN1,-0.001496947106264214,0.45079637408371365,9.721715e-05,0.46278128371119936,0.48514851485148514,5.7905253182107375e-05,0.4691189414075101,0.4751347882045168,0.49004900490049
AMFR,-0.001498846656764081,0.4507201022337737,9.721715e-05,0.41291686956810025,0.40594059405940597,4.83565436351518e-05,0.4691189414075101,0.4366410323243922,0.439805627366637
CD302,-0.0015054179114398275,0.45045626347050105,9.721715e-05,0.4371557732312711,0.44554455445544555,5.2208572887820264e-05,0.4691189414075101,0.4558851594117889,0.4658883455442093
TCHP,-0.0015430171304942862,0.44894706279062097,9.721715e-05,0.341538851649168,0.36633663366336633,6.697465269118803e-05,0.467978175250821,0.38212651053842217,0.40931467448420816
LTK,-0.0015463118196465601,0.4488148516401131,9.721715e-05,0.4588146359766482,0.43564356435643564,4.0341804431663736e-05,0.467978175250821,0.4717079876387747,0.45937809949712016
AGBL4,-0.0015888830560272633,0.4471070453524026,9.721715e-05,0.38805715043228,0.42574257425742573,4.47448231743043e-05,0.4667088156079359,0.41637033308184546,0.4532390783436044
CCSER1,-0.001635832308558667,0.4452247465148196,9.721715e-05,0.4358822886760537,0.48514851485148514,4.224228340486586e-05,0.46520512097721406,0.4549919506013087,0.49004900490049
PRLHR,-0.0016403614440119799,0.44504322811042,9.721715e-05,0.40552365515990074,0.42574257425742573,2.8040334081020185e-05,0.46520512097721406,0.4315611796664428,0.4532390783436044
ZNF582-AS1,-0.001642449820217583,0.44495953417996265,9.721715e-05,0.46373147462650427,0.46534653465346537,4.824383534378156e-05,0.46520512097721406,0.47578468668929985,0.47809575478095756
R3HCC1L,-0.0016446297465468978,0.4448721738967095,9.721715e-05,0.4948337887506837,0.46534653465346537,4.520863127732799e-05,0.46520512097721406,0.49632275702174894,0.47809575478095756
LINC00323,-0.001663073426742633,0.4441331532250213,9.721715e-05,0.38345740877067125,0.44554455445544555,3.8120016022351524e-05,0.46520512097721406,0.4121945276508149,0.4658883455442093
AL117336.3,-0.001696986462412876,0.4427747989124313,9.721715e-05,0.4137041505599979,0.45544554455445546,0.00010302141603850062,0.4641771989740956,0.43701142664788506,0.47278084209805066
CCNYL1,-0.0017042072309450826,0.442485664194761,9.721715e-05,0.426352216047894,0.4752475247524752,5.6584643260375236e-05,0.46414580160289615,0.44659799167028,0.4837945620147356
CHMP7,-0.0017199801627246917,0.4418541896658731,9.721715e-05,0.3901191860626128,0.42574257425742573,4.857092372442199e-05,0.463645529554956,0.41813417584417234,0.4532390783436044
SYCE1,-0.0017476220952157332,0.44074789306325385,9.721715e-05,0.406958875327013,0.42574257425742573,4.679814311871234e-05,0.46297047590677926,0.4323850792691026,0.4532390783436044
ZBED3-AS1,-0.0017615705707095595,0.440189816483658,9.721715e-05,0.3545920639125655,0.39603960396039606,4.269311286220506e-05,0.4627082864229061,0.39075266528937636,0.43267254620582235
NUDT10,-0.0017713637091637728,0.4397980652836418,9.721715e-05,0.3526187995306717,0.3465346534653465,4.00667929188222e-05,0.4624585334212848,0.3890608306701049,0.396039603960396
ESPN,-0.0017768323879787393,0.43957932942173056,9.721715e-05,0.3908104269440292,0.49504950495049505,5.370954538022742e-05,0.4624356473962426,0.41857596602359426,0.4970376555727862
TCTE1,-0.0017983628778096773,0.43871833415950573,9.721715e-05,0.47528315624166967,0.46534653465346537,4.2737326011862445e-05,0.4621330767129625,0.4835250546675333,0.47809575478095756
NKAPD1,-0.0018117734111742076,0.43818219881643006,9.721715e-05,0.38030713119883264,0.3564356435643564,5.609556786862226e-05,0.4617304518613594,0.4098137189642593,0.4036643754975724
MACROD2,-0.0018154272719859215,0.4380361419293106,9.721715e-05,0.38698650506872434,0.39603960396039606,4.8717426793155885e-05,0.4617304518613594,0.4155187957072917,0.43267254620582235
NAGA,-0.0018484430153040362,0.43671677868716574,9.721715e-05,0.4182559428530307,0.42574257425742573,4.624949525847302e-05,0.4605097842043927,0.44119825195467377,0.4532390783436044
CDKN2C,-0.0018638828513316858,0.43610001809207644,9.721715e-05,0.4349905829467662,0.4752475247524752,4.733267359812235e-05,0.4600211161308823,0.45437734987475575,0.4837945620147356
NEURL1B,-0.0018731351335316596,0.4357305002270544,9.721715e-05,0.4125495889603025,0.43564356435643564,5.5675912835071486e-05,0.4597930005913342,0.43656041159820375,0.45937809949712016
CFC1,-0.0018904511974804999,0.43503908185166096,9.721715e-05,0.35667365699613784,0.3465346534653465,4.701708720249093e-05,0.45954832589964184,0.3919518452723603,0.396039603960396
SLCO2A1,-0.0019023411837912677,0.434564437841577,9.721715e-05,0.42028686666714465,0.45544554455445546,6.727743364254067e-05,0.4592086345631317,0.4422520519121129,0.47278084209805066
STXBP4,-0.0019345779832245858,0.4332780326576239,9.721715e-05,0.3655016354850381,0.38613861386138615,4.601085967790424e-05,0.4583336029523525,0.3974283821874282,0.4258881770529995
FILIP1L,-0.0019905293987973506,0.431046984004591,9.721715e-05,0.4198937656472238,0.46534653465346537,4.9628712722070144e-05,0.45685890615759395,0.4421890558937474,0.47809575478095756
GPR153,-0.002022293757390551,0.4297813619017095,9.721715e-05,0.40685644311645325,0.44554455445544555,4.759100444146408e-05,0.45592082238512327,0.4323850792691026,0.4658883455442093
MAMSTR,-0.0020802341711247175,0.42747464512260197,9.721715e-05,0.3594339628339367,0.36633663366336633,4.919824977958723e-05,0.4539553753514357,0.3935441240735374,0.40931467448420816
MIR137HG,-0.002083133314974743,0.4273592891781914,9.721715e-05,0.42990060077663095,0.46534653465346537,3.991364618370277e-05,0.4539553753514357,0.4499742588447912,0.47809575478095756
ARHGEF33,-0.0021150443157607283,0.42608997385869385,9.721715e-05,0.34402850909713045,0.4158415841584158,6.337468691909473e-05,0.45296595378316146,0.38360590179798,0.44794425582594166
TRBC1,-0.0021529380382877515,0.4245836803766574,9.721715e-05,0.4445360791836128,0.43564356435643564,3.078519188792328e-05,0.4518449950798057,0.46113701160125814,0.45937809949712016
PTGFR,-0.0022122492875318836,0.4222282475267275,9.721715e-05,0.4220054861319346,0.07920792079207921,2.28518324244791e-05,0.45029674460724584,0.4431394524860618,0.1337971635001338
XPC,-0.0022234833881350224,0.4217824171586142,9.721715e-05,0.42362075566377283,0.42574257425742573,4.8783437397010054e-05,0.4502371731158773,0.44454787386178746,0.4532390783436044
IREB2,-0.002228103498998466,0.4215990950217867,9.721715e-05,0.37696482048364194,0.36633663366336633,5.447773307205546e-05,0.4502371731158773,0.4073827310702182,0.40931467448420816
ARRDC4,-0.002241347917264144,0.42107366187768436,9.721715e-05,0.31604506487025397,0.3564356435643564,3.9446464812027126e-05,0.44986502337359435,0.3679220778466286,0.4036643754975724
MCM3AP-AS1,-0.0022711634062217326,0.41989133617499474,9.721715e-05,0.369300949703418,0.12871287128712872,4.161822207784731e-05,0.44892159961688677,0.40054332939633186,0.19492105697192638
SP1,-0.0023046548513084315,0.41856410358503787,9.721715e-05,0.4077423097966598,0.43564356435643564,4.400298988099289e-05,0.44824513249568426,0.4328474626291506,0.45937809949712016
ZBED8,-0.00232785640125612,0.41764519160694247,9.721715e-05,0.3348818008769934,0.3465346534653465,4.899560660214612e-05,0.44763686131505087,0.3783975151152468,0.396039603960396
AC007038.2,-0.0023777557158897026,0.4156704270652152,9.721715e-05,0.3609076145803525,0.38613861386138615,5.9005524397560445e-05,0.44615788235980164,0.3944661137057044,0.4258881770529995
SLC6A11,-0.0023809963297541353,0.4155422528714342,9.721715e-05,0.40272295972065353,0.46534653465346537,4.2168509441058816e-05,0.44615788235980164,0.4290372440205826,0.47809575478095756
OLR1,-0.0023851624574541203,0.4153774855483536,9.721715e-05,0.3718564310927598,0.43564356435643564,4.013473715543542e-05,0.44615788235980164,0.40273259685136437,0.45937809949712016
ZFP92,-0.0024062944340515445,0.4145419609657849,9.721715e-05,0.3340769520586033,0.36633663366336633,3.985408577536639e-05,0.4455843364017752,0.37763031506247546,0.40931467448420816
ATP6AP1L,-0.0024073565706067925,0.4144999759542325,9.721715e-05,0.37020605075918284,0.38613861386138615,4.539034323117772e-05,0.4455843364017752,0.4010899791540442,0.4258881770529995
PRCC,-0.002421982977350967,0.41392191080748186,9.721715e-05,0.3178170512244296,0.32673267326732675,4.969899370454742e-05,0.4453753070219871,0.36914638825041257,0.3825909523036613
ZNF766,-0.00243319001559276,0.4134791121128556,9.721715e-05,0.32222675040550985,0.33663366336633666,4.732941976371522e-05,0.44531081333528394,0.3715387755553038,0.3897726708216943
GRIK1-AS1,-0.0024422215209644826,0.41312235041784,9.721715e-05,0.38442331022719906,0.32673267326732675,3.6276313129253534e-05,0.44531081333528394,0.4129144041108475,0.3825909523036613
PIGM,-0.0024456619590016286,0.4129864654019694,9.721715e-05,0.2901170918428986,0.297029702970297,5.589985026138876e-05,0.44531081333528394,0.35018965683296166,0.35974530032736823
SLC26A8,-0.002455727916446656,0.412588955957349,9.721715e-05,0.38167504238214395,0.48514851485148514,5.262051998125573e-05,0.44523988052951335,0.41082168700342264,0.49004900490049
SLC6A16,-0.0024768900931837175,0.4117535443072971,9.721715e-05,0.3365535792123433,0.2376237623762376,3.8896754044805045e-05,0.4445407840596522,0.37997658188160155,0.3068752850317317
GNL3L,-0.002499021684906524,0.4108802911789985,9.721715e-05,0.38951628144933825,0.297029702970297,4.555724352228095e-05,0.44419490938270106,0.417786501375765,0.35974530032736823
TCF19,-0.0025016982925568105,0.41077470927595117,9.721715e-05,0.33094491130980824,0.39603960396039606,4.925675381810888e-05,0.44419490938270106,0.3752209878796012,0.43267254620582235
FAM104A,-0.002514276761641156,0.41027862362207834,9.721715e-05,0.4048328647678666,0.44554455445544555,5.385610702701077e-05,0.4439781665250571,0.4309789191992902,0.4658883455442093
GEMIN7-AS1,-0.0025242457452849545,0.4098855560900469,9.721715e-05,0.34721320578165116,0.43564356435643564,4.770022335314653e-05,0.4437591729592713,0.38589927235870436,0.45937809949712016
RN7SL832P,-0.0025477329345359474,0.4089598371964368,9.721715e-05,0.3516796188681396,0.24752475247524752,2.50126862640653e-05,0.4432368177707046,0.38831021590151593,0.31625820162936225
C14orf28,-0.0025582877104165414,0.4085439985783681,9.721715e-05,0.3940859136715513,0.40594059405940597,5.762030378440576e-05,0.4429461495247937,0.42183888125740293,0.439805627366637
AC104078.1,-0.002567749302284849,0.4081713168766778,9.721715e-05,0.33197479049977235,0.10891089108910891,6.512326139895122e-05,0.44270207904194986,0.37610436990155477,0.17097471128588526
AL513190.1,-0.002576281878868244,0.40783529927539064,9.721715e-05,0.3618912353211593,0.37623762376237624,3.217486004352666e-05,0.44249761223369694,0.39493405091432443,0.4178870312058974
C8orf48,-0.002582006820947799,0.4076098858593378,9.721715e-05,0.3584520898783893,0.22772277227722773,5.1696257434043884e-05,0.4424130454334346,0.3933270920391982,0.29819655907100967
TLR3,-0.0025886918507000483,0.4073467087408539,9.721715e-05,0.32700609298768624,0.32673267326732675,5.849941889509239e-05,0.4424130454334346,0.37316733330750634,0.3825909523036613
DACT3-AS1,-0.002593369494446329,0.40716258351556356,9.721715e-05,0.34957184504255384,0.33663366336633666,6.0551062319969914e-05,0.44240773290354607,0.387102219036961,0.3897726708216943
AC091948.1,-0.002603241462369848,0.40677406244596265,9.721715e-05,0.36973235412337674,0.46534653465346537,2.7885153654268964e-05,0.4421457200499594,0.40072148207013375,0.47809575478095756
ZNF519,-0.0026114064845726413,0.40645278921231337,9.721715e-05,0.33238243889624675,0.37623762376237624,5.6199682457806814e-05,0.4419566392304966,0.3764240531101322,0.4178870312058974
LDLR,-0.0026315636694187058,0.4056599243434419,9.721715e-05,0.3778411306422073,0.39603960396039606,4.9686568170876895e-05,0.4412544499747374,0.40788894995560343,0.43267254620582235
WNK3,-0.002639897259809227,0.40533224285749403,9.721715e-05,0.399631619179099,0.40594059405940597,6.588212774865576e-05,0.44121797118014594,0.4266529742125612,0.439805627366637
AC011337.1,-0.0026537658417346093,0.4047870695559453,9.721715e-05,0.35870826005088385,0.26732673267326734,6.897855478666045e-05,0.44078446775602026,0.3933777860949157,0.33485603257611773
SCGB1A1,-0.0026545389973419474,0.4047566822730736,9.721715e-05,0.3383667166285035,0.24752475247524752,6.035316754697425e-05,0.44078446775602026,0.38040852395470653,0.31625820162936225
ADAMTS5,-0.002668836649704916,0.40419484631060076,9.721715e-05,0.32357515966792644,0.36633663366336633,3.791104112334578e-05,0.44078446775602026,0.3717830252791189,0.40931467448420816
ZNF836,-0.0026818025158104634,0.4036855145566573,9.721715e-05,0.32303912045758965,0.38613861386138615,3.638944730140379e-05,0.44054439566022985,0.3715387755553038,0.4258881770529995
AC106707.1,-0.00269178969228467,0.4032933044835574,9.721715e-05,0.3607501369664414,0.36633663366336633,5.115290885359087e-05,0.44027653327899274,0.3944661137057044,0.40931467448420816
CYP4F3,-0.0027013670650199253,0.40291727930788035,9.721715e-05,0.34730934512283396,0.31683168316831684,4.886168231931298e-05,0.44002615141013507,0.38589927235870436,0.3756897428873322
AC007993.3,-0.0027046443569505455,0.40278862742887145,9.721715e-05,0.3192101465521311,0.0891089108910891,6.131722815950475e-05,0.44002615141013507,0.37005026695968607,0.1467215876362609
AJUBA,-0.0027151961663015563,0.40237448197036035,9.721715e-05,0.35294533167592673,0.45544554455445546,4.7101184423566915e-05,0.4397535322080441,0.3892779393484486,0.47278084209805066
NEK5,-0.0027254972545683862,0.40197028267643564,9.721715e-05,0.3566966390828268,0.49504950495049505,3.810661561632996e-05,0.43947188339260457,0.3919518452723603,0.4970376555727862
AC009126.1,-0.002727063406188248,0.40190883839917046,9.721715e-05,0.34960306524661433,0.42574257425742573,5.4694769769314224e-05,0.43947188339260457,0.387102219036961,0.4532390783436044
ELMOD2,-0.002731494135595119,0.4017350222822312,9.721715e-05,0.34914350251834925,0.36633663366336633,4.3483899843493294e-05,0.43947188339260457,0.38703934910959026,0.40931467448420816
ZXDA,-0.002741594032039444,0.40133887923452727,9.721715e-05,0.3596993294032132,0.3564356435643564,4.1892628910009646e-05,0.43947188339260457,0.3935441240735374,0.4036643754975724
SP8,-0.0027459463107457473,0.4011682032790266,9.721715e-05,0.32071305445105647,0.27722772277227725,8.033249685914228e-05,0.43947188339260457,0.3706727746235323,0.343954991032602
AL121672.2,-0.002747787739485245,0.4010959967569676,9.721715e-05,0.3976624549152768,0.04950495049504951,7.25313521982964e-05,0.43947188339260457,0.42500440496823316,0.09105754229622841
ALG11,-0.0027478223704524196,0.40109463883197105,9.721715e-05,0.35948819701986834,0.32673267326732675,4.320772615994754e-05,0.43947188339260457,0.3935441240735374,0.3825909523036613
AC013391.3,-0.0027516570734961495,0.40094428256250386,9.721715e-05,0.3610981033238363,0.44554455445544555,4.555897977031698e-05,0.43947188339260457,0.3944661137057044,0.4658883455442093
AC005899.3,-0.002763787211764458,0.4004687642567318,9.721715e-05,0.33857789441778874,0.31683168316831684,4.6915735421608005e-05,0.43947188339260457,0.38040852395470653,0.3756897428873322
AL136295.2,-0.002766296613521094,0.4003704106027735,9.721715e-05,0.3477808123219134,0.0297029702970297,2.118985124854962e-05,0.43947188339260457,0.38613709732262774,0.0594059405940594
NPAS4,-0.002771961700456099,0.40014839605961416,9.721715e-05,0.3948472592967908,0.504950495049505,4.4660356059983156e-05,0.43947188339260457,0.42229653400726286,0.504950495049505
AC082651.3,-0.0027794307478104094,0.3998557337003039,9.721715e-05,0.32249915404134477,0.31683168316831684,4.7633873958194764e-05,0.43940190516516914,0.3715387755553038,0.3756897428873322
FANCB,-0.0027799693904389904,0.3998346300455789,9.721715e-05,0.34923850601322026,0.4752475247524752,5.236272541291682e-05,0.43940190516516914,0.38703934910959026,0.4837945620147356
CD3E,-0.0027806398995585345,0.3998083603595025,9.721715e-05,0.32790728051061824,0.27722772277227725,8.606553932341698e-05,0.43940190516516914,0.3734707067319114,0.343954991032602
AC103810.2,-0.002794783360382929,0.39925434357471173,9.721715e-05,0.37691329991084,0.1485148514851485,4.442588135757488e-05,0.4393848241834685,0.4073827310702182,0.21808348235704625
OSCAR,-0.002800540734093148,0.3990288781823771,9.721715e-05,0.32679383119419525,0.19801980198019803,3.288641528891615e-05,0.43929784754023166,0.37316733330750634,0.2696592854927799
LINC00463,-0.002801037536639581,0.3990094243994859,9.721715e-05,0.31458847672101364,0.32673267326732675,5.8347693085136255e-05,0.43929784754023166,0.3672239027871754,0.3825909523036613
AL049777.1,-0.002812202974724992,0.39857227468476125,9.721715e-05,0.3472559018270253,0.297029702970297,5.9778170670916116e-05,0.4391174528293367,0.38589927235870436,0.35974530032736823
AL109797.1,-0.0028317337735629393,0.39780791023485423,9.721715e-05,0.3413502194479554,0.36633663366336633,3.8945584805634895e-05,0.4385751690601525,0.38210845460592024,0.40931467448420816
SLC44A5,-0.0028335091477658695,0.39773844794240676,9.721715e-05,0.355017436342153,0.38613861386138615,4.968850776532455e-05,0.4385751690601525,0.390988366015587,0.4258881770529995
TRIM73,-0.00283458668339286,0.39769629047034977,9.721715e-05,0.35538376872169763,0.3465346534653465,3.315943404909173e-05,0.4385751690601525,0.39124818574865794,0.396039603960396
CENPW,-0.0028483374912466122,0.3971584093332983,9.721715e-05,0.3038066040533935,0.31683168316831684,4.276036430165058e-05,0.43852603165251935,0.3599604313428833,0.3756897428873322
IRS1,-0.0028562821417053024,0.396847732822591,9.721715e-05,0.32178045715041403,0.3465346534653465,4.259857486926112e-05,0.43834432933275885,0.37128514286586234,0.396039603960396
GRP,-0.002859494032196436,0.3967221500296213,9.721715e-05,0.4397435153892624,0.48514851485148514,4.6252152025248297e-05,0.43834432933275885,0.45750971712339233,0.49004900490049
ANKRD18A,-0.002859665516232614,0.39671544541836734,9.721715e-05,0.3563657985184979,0.48514851485148514,6.726660799490926e-05,0.43834432933275885,0.3919518452723603,0.49004900490049
C15orf59-AS1,-0.002864686311412125,0.396519158007005,9.721715e-05,0.3232387347331143,0.2871287128712871,7.08808116833715e-05,0.43834432933275885,0.3715387755553038,0.3523051691672235
AL353194.1,-0.0028741051928725214,0.39615099869304277,9.721715e-05,0.3636529833747182,0.33663366336633666,7.319372831899229e-05,0.43834432933275885,0.39613614746701326,0.3897726708216943
IGFBP1,-0.0028786241425062093,0.39597439768308323,9.721715e-05,0.3409291485613132,0.38613861386138615,3.5407549405819526e-05,0.43834432933275885,0.38177956165880533,0.4258881770529995
ADIPOR1,-0.002889917415439745,0.39553314885043345,9.721715e-05,0.31530611463076696,0.33663366336633666,4.540452534590307e-05,0.43834432933275885,0.3674090848698668,0.3897726708216943
NAPSA,-0.0028929184966483704,0.39541591361005757,9.721715e-05,0.29206961585410135,0.43564356435643564,5.0823805439970305e-05,0.43834432933275885,0.35203248194548176,0.45937809949712016
AC073896.2,-0.0028934461954258396,0.39539530038653414,9.721715e-05,0.3124907299636421,0.297029702970297,4.0340356258523065e-05,0.43834432933275885,0.36608259001959215,0.35974530032736823
BX276092.9,-0.002895834748758099,0.3953020012283174,9.721715e-05,0.32321532459458296,0.19801980198019803,4.792523657998406e-05,0.43834432933275885,0.3715387755553038,0.2696592854927799
AL359915.2,-0.0028975556006997907,0.39523478683857005,9.721715e-05,0.3388801444837478,0.48514851485148514,6.071477169417486e-05,0.43834432933275885,0.38040852395470653,0.49004900490049
AL603839.3,-0.0028986982519486333,0.3951901579884251,9.721715e-05,0.3407097745240206,0.3564356435643564,5.4874892728767344e-05,0.43834432933275885,0.3816763717595451,0.4036643754975724
STAB1,-0.0029002180280967385,0.39513080179573057,9.721715e-05,0.4127961733601093,0.43564356435643564,5.1851090246175464e-05,0.43834432933275885,0.4366410323243922,0.45937809949712016
AC134682.1,-0.002903362540745353,0.39500799781894447,9.721715e-05,0.3240987310297031,0.15841584158415842,4.638666373212819e-05,0.43834432933275885,0.3720995763831264,0.2284843869002285
MEGF11,-0.0029035641994132975,0.39500012271377605,9.721715e-05,0.35023945332620626,0.3564356435643564,4.932348645817341e-05,0.43834432933275885,0.3873512142872605,0.4036643754975724
GCKR,-0.0029052121086293532,0.39493577073569297,9.721715e-05,0.362774494168448,0.12871287128712872,5.4331060878462955e-05,0.43834432933275885,0.3954663817243256,0.19492105697192638
LINC01554,-0.0029158568837611767,0.3945201541342367,9.721715e-05,0.3471400705436915,0.15841584158415842,5.7282959598077165e-05,0.43834432933275885,0.38589927235870436,0.2284843869002285
ZNF232,-0.002916639455649761,0.3944896039815415,9.721715e-05,0.3136943945784586,0.3069306930693069,4.526793972411341e-05,0.43834432933275885,0.3670371231417222,0.36772846613734855
CUZD1,-0.0029170029773170954,0.39447541299171474,9.721715e-05,0.3388605202777357,0.25742574257425743,6.563798561580088e-05,0.43834432933275885,0.38040852395470653,0.32489576260949615
C10orf142,-0.002919187949707752,0.3943901200067016,9.721715e-05,0.3043685161652693,0.32673267326732675,6.576613666050086e-05,0.43834432933275885,0.36032342671443124,0.3825909523036613
TMSB15A,-0.0029325839531833165,0.39386730197559805,9.721715e-05,0.31440853124637635,0.3465346534653465,4.4639740066641484e-05,0.43834432933275885,0.36717067837104644,0.396039603960396
HERC4,-0.0029389830317326122,0.39361762674126227,9.721715e-05,0.36099915826515094,0.36633663366336633,4.6409909342270885e-05,0.43834432933275885,0.3944661137057044,0.40931467448420816
AC015849.1,-0.002947023944196841,0.39330395347341546,9.721715e-05,0.35832712389468513,0.24752475247524752,4.059901268106117e-05,0.43834432933275885,0.3933270920391982,0.31625820162936225
AC018529.1,-0.002950674972599029,0.39316155094040706,9.721715e-05,0.3373258867619023,0.31683168316831684,6.384275117743897e-05,0.43834432933275885,0.38029975959628215,0.3756897428873322
SPON1,-0.002955746369636479,0.39296377291739876,9.721715e-05,0.3020239824274615,0.36633663366336633,4.95652396821098e-05,0.43834432933275885,0.35869831642216327,0.40931467448420816
CYBB,-0.002959460685693826,0.39281893684785807,9.721715e-05,0.3127458651124241,0.3465346534653465,5.275485815945063e-05,0.43834432933275885,0.36608259001959215,0.396039603960396
ARMC4,-0.002962275382022419,0.3927091904390789,9.721715e-05,0.3271968959580331,0.07920792079207921,4.6490999626648984e-05,0.43834432933275885,0.3732283984312164,0.1337971635001338
CHIT1,-0.002964579607234146,0.3926193539019221,9.721715e-05,0.3425124441153854,0.4752475247524752,3.522606114886719e-05,0.43834432933275885,0.382838052289924,0.4837945620147356
CASK,-0.002993254083249005,0.3915018808480769,9.721715e-05,0.35680682981293865,0.36633663366336633,3.912240448005273e-05,0.4382311699988122,0.3919518452723603,0.40931467448420816
ZNF236-DT,-0.0029943735675006912,0.39145827151490914,9.721715e-05,0.326964695513266,0.19801980198019803,4.867255314569207e-05,0.4382311699988122,0.37316733330750634,0.2696592854927799
ASPM,-0.0030010536164150844,0.3911980796333342,9.721715e-05,0.3113840302329055,0.38613861386138615,5.823327931879708e-05,0.4382311699988122,0.3651763198052728,0.4258881770529995
AL589765.5,-0.0030089178352832543,0.390891826029068,9.721715e-05,0.3387353566240191,0.40594059405940597,9.954082429419596e-05,0.4380558379107972,0.38040852395470653,0.439805627366637
SCUBE1,-0.003011111558838195,0.3908064086581888,9.721715e-05,0.3192300302972225,0.40594059405940597,4.6195643016046856e-05,0.4380558379107972,0.37005026695968607,0.439805627366637
LINC01579,-0.003013480547767471,0.3907141728674283,9.721715e-05,0.341964287384632,0.21782178217821782,3.4156854423719435e-05,0.4380558379107972,0.3823678204077138,0.28888830527615095
PKP1,-0.0030229863983474844,0.3903441276428668,9.721715e-05,0.3501673684055894,0.2871287128712871,0.00013979349937185263,0.4379328283203442,0.3873512142872605,0.3523051691672235
AC079807.1,-0.0030276091824317512,0.39016420706114874,9.721715e-05,0.3187395237838887,0.39603960396039606,5.141509216082612e-05,0.4378947329530289,0.3697674289836296,0.43267254620582235
ANKRD2,-0.0030353504656273713,0.38986296596242176,9.721715e-05,0.3208335511126826,0.38613861386138615,6.048208826643633e-05,0.4377203959158927,0.3706727746235323,0.4258881770529995
OSR1,-0.0030464123584297916,0.38943262285518976,9.721715e-05,0.3435743684864244,0.19801980198019803,4.231489865535185e-05,0.43740092421024684,0.38331093546272715,0.2696592854927799
PDP2,-0.003049405234511415,0.3893162136543344,9.721715e-05,0.33394810434055355,0.3564356435643564,4.771776944854085e-05,0.43740092421024684,0.37763031506247546,0.4036643754975724
PLN,-0.003049563877679615,0.38931004343726494,9.721715e-05,0.31487265465211955,0.45544554455445546,9.724261518952932e-05,0.43740092421024684,0.3672698149130477,0.47278084209805066
HAUS8,-0.0030565376084879196,0.3890388369618695,9.721715e-05,0.2974906372914122,0.3465346534653465,4.767677169728754e-05,0.43740092421024684,0.35585004460695235,0.396039603960396
AC002429.2,-0.0030588400311783604,0.38894930823904356,9.721715e-05,0.30611136992056304,0.39603960396039606,5.7297523692068054e-05,0.43740092421024684,0.3617649485040999,0.43267254620582235
TMEM156,-0.0030775472374606912,0.3882221054980095,9.721715e-05,0.3174879499904667,0.3069306930693069,5.162086789982873e-05,0.43702300806530153,0.36914638825041257,0.36772846613734855
AP003392.6,-0.0030826102103442333,0.3880253604729001,9.721715e-05,0.32925354331837364,0.42574257425742573,3.891045201133065e-05,0.43702300806530153,0.3740100832847864,0.4532390783436044
FYB2,-0.0030885450689888193,0.38779477091868586,9.721715e-05,0.32609005074206365,0.31683168316831684,7.186624927886318e-05,0.43702300806530153,0.3728932196690187,0.3756897428873322
CLIC3,-0.0030918659303648946,0.3876657613552653,9.721715e-05,0.3431572700382458,0.09900990099009901,3.899334271120482e-05,0.43702300806530153,0.38298802459625647,0.15943623347842031
CAPN3,-0.0030919869772891785,0.3876610591315148,9.721715e-05,0.3284099498928943,0.297029702970297,3.8022214827629504e-05,0.43702300806530153,0.37357733323677234,0.35974530032736823
AC023154.1,-0.00309758515284554,0.38744360880093875,9.721715e-05,0.3144204909117394,0.06930693069306931,3.929911341288879e-05,0.43702300806530153,0.36717067837104644,0.11997737569486898
AC096733.2,-0.00309977178461557,0.38735868289275516,9.721715e-05,0.3104545357827508,0.33663366336633666,5.1139931111154595e-05,0.43702300806530153,0.3649543915941428,0.3897726708216943
HPGD,-0.0031057428235918413,0.3871268030434616,9.721715e-05,0.36276471844353875,0.15841584158415842,5.392725869638965e-05,0.43702300806530153,0.3954663817243256,0.2284843869002285
AC105219.4,-0.003115270535955526,0.3867568864603734,9.721715e-05,0.3306942462372927,0.33663366336633666,3.437100077222328e-05,0.43702300806530153,0.3750785401557195,0.3897726708216943
TMEM249,-0.0031225065694719576,0.38647601377017204,9.721715e-05,0.33380649906166987,0.2871287128712871,7.859765295888048e-05,0.43702300806530153,0.37763031506247546,0.3523051691672235
KRT83,-0.0031299126635111335,0.3861886016175606,9.721715e-05,0.39475031682600675,0.4752475247524752,2.9985277606210905e-05,0.4368649339565165,0.42229653400726286,0.4837945620147356
SLC9B1,-0.003140893067363646,0.38576259432121873,9.721715e-05,0.3281357719853614,0.3465346534653465,3.870805688216769e-05,0.43654763597271073,0.37357733323677234,0.396039603960396
AC006441.3,-0.0031515689361024885,0.3853485341482085,9.721715e-05,0.365460530360018,0.0297029702970297,3.633961497513107e-05,0.43624362356400964,0.3974283821874282,0.0594059405940594
LTB4R2,-0.003154996857799477,0.38521561098457585,9.721715e-05,0.3261572694705017,0.26732673267326734,3.7468080825897856e-05,0.43624362356400964,0.3728932196690187,0.33485603257611773
CHODL,-0.003160348942486626,0.38500810228216664,9.721715e-05,0.33872048188352966,0.09900990099009901,2.794012018056641e-05,0.4361874270568353,0.38040852395470653,0.15943623347842031
CHST11,-0.003180292418831385,0.38423515288389665,9.721715e-05,0.3496823378633881,0.32673267326732675,6.037506607816061e-05,0.4355083768108212,0.387102219036961,0.3825909523036613
BCL2L10,-0.0031816397438039143,0.38418295116333195,9.721715e-05,0.3365556659208485,0.4158415841584158,4.317903231960599e-05,0.4355083768108212,0.37997658188160155,0.44794425582594166
SCIN,-0.0031901547258002356,0.38385308925117095,9.721715e-05,0.3078269849544294,0.33663366336633666,6.582147703835194e-05,0.4355083768108212,0.3630035199934309,0.3897726708216943
CLDN10,-0.0031908113235350577,0.38382765680066233,9.721715e-05,0.35071077937216316,0.39603960396039606,4.4705083199443753e-05,0.4355083768108212,0.38766851072825703,0.43267254620582235
FLYWCH2,-0.003203855780063453,0.3833225007651415,9.721715e-05,0.3245222311121664,0.32673267326732675,3.846993455369593e-05,0.4352640054108344,0.3724286649080954,0.3825909523036613
CNPPD1,-0.0032054137048992846,0.38326218223619424,9.721715e-05,0.26489380762247855,0.2871287128712871,4.92010216445757e-05,0.4352640054108344,0.3318840159279993,0.3523051691672235
AL355974.1,-0.003206421508591708,0.3832231643795337,9.721715e-05,0.34310813207299856,0.48514851485148514,4.259573115800067e-05,0.4352640054108344,0.38298802459625647,0.49004900490049
SOHLH2,-0.0032147573233191405,0.3829004826723931,9.721715e-05,0.3107188262885415,0.24752475247524752,3.864747030741771e-05,0.4352640054108344,0.3649790441917089,0.31625820162936225
AL139423.1,-0.0032178938037266533,0.3827790896693526,9.721715e-05,0.35353382823581303,0.1782178217821782,8.943600678588196e-05,0.4352640054108344,0.3897837136006759,0.2498380679189414
AC139795.2,-0.003230769384871794,0.38228087942938577,9.721715e-05,0.28212053750305466,0.39603960396039606,5.0770331795708824e-05,0.43523439783231777,0.3448906326443211,0.43267254620582235
AC131571.1,-0.0032314561859769176,0.382254309679944,9.721715e-05,0.3032338222980938,0.45544554455445546,5.8105276912225775e-05,0.43523439783231777,0.35970797425633905,0.47278084209805066
OIP5,-0.0032545062303479108,0.38136291250994125,9.721715e-05,0.35625811051913236,0.297029702970297,3.610050339332338e-05,0.4345190799581556,0.3919518452723603,0.35974530032736823
ISPD,-0.003294575834237977,0.37981483009925354,9.721715e-05,0.3513187468178024,0.4158415841584158,3.816986678408147e-05,0.4331818913812817,0.38819751029591426,0.44794425582594166
ATP12A,-0.0032992290352666614,0.37963517868776037,9.721715e-05,0.28306237977277593,0.4752475247524752,6.52330381360089e-05,0.4331818913812817,0.3451208444189558,0.4837945620147356
MCF2,-0.003301565414332001,0.3795449852449383,9.721715e-05,0.3258684746540811,0.32673267326732675,6.068748049133235e-05,0.4331818913812817,0.3728932196690187,0.3825909523036613
AC015712.1,-0.0033027917473386873,0.37949764657882584,9.721715e-05,0.2948290679509541,0.039603960396039604,3.4286219134370944e-05,0.4331818913812817,0.3542199454757158,0.07577288341079007
AC005082.1,-0.0033096803590283675,0.3792317673324529,9.721715e-05,0.3187187259602773,0.43564356435643564,5.59747554057191e-05,0.4331818913812817,0.3697674289836296,0.45937809949712016
TNFRSF11B,-0.003328530343555157,0.3785045081667342,9.721715e-05,0.3284991225555164,0.2871287128712871,6.083334004858382e-05,0.43257658076198197,0.37357733323677234,0.3523051691672235
AC021752.1,-0.0033288443013856687,0.37849239886237745,9.721715e-05,0.3774414059734818,0.2376237623762376,9.498010228952985e-05,0.43257658076198197,0.40775088870019643,0.3068752850317317
PRELID2,-0.003367530297981179,0.37700120264074055,9.721715e-05,0.31006188157626713,0.27722772277227725,7.484865186642161e-05,0.4315082427393418,0.3646356898192087,0.343954991032602
AC090922.1,-0.003369693490556912,0.3769178737966079,9.721715e-05,0.3196083231278408,0.2376237623762376,4.2972892083148015e-05,0.4315082427393418,0.3702026908816689,0.3068752850317317
CYSLTR1,-0.0033804942946574846,0.3765018993526736,9.721715e-05,0.3389439948436435,0.26732673267326734,4.619126439008471e-05,0.4315082427393418,0.38040852395470653,0.33485603257611773
TLR1,-0.003384997855682879,0.376328494750895,9.721715e-05,0.32047100744181967,0.25742574257425743,4.4128793787478655e-05,0.4315082427393418,0.3706295382904622,0.32489576260949615
C3orf67,-0.0033868670049678525,0.37625653256636726,9.721715e-05,0.29784317694519347,0.07920792079207921,3.3577534946171826e-05,0.4315082427393418,0.35586059492990574,0.1337971635001338
CCDC71L,-0.003400226305246728,0.37574232533555846,9.721715e-05,0.34435023118065333,0.36633663366336633,4.684443061005456e-05,0.4312268462152546,0.38360590179798,0.40931467448420816
ZNF562,-0.0034078157789026865,0.37545030028469484,9.721715e-05,0.32323785081669887,0.33663366336633666,4.9150316104113935e-05,0.43105660193420764,0.3715387755553038,0.3897726708216943
TEKT5,-0.003409547866422485,0.37538366363524167,9.721715e-05,0.30038150288028787,0.33663366336633666,2.2914956201961975e-05,0.43105660193420764,0.35731344513912117,0.3897726708216943
PPT2,-0.0034120327306031545,0.37528807275193254,9.721715e-05,0.29508642924813633,0.2871287128712871,4.660023794600826e-05,0.43105660193420764,0.3543872248776657,0.3523051691672235
ZNF267,-0.003415526175393701,0.375153695471952,9.721715e-05,0.2762395554219583,0.32673267326732675,3.9463607081114604e-05,0.43105660193420764,0.34061597462633575,0.3825909523036613
FAT1,-0.0034198983281353546,0.37498553955410635,9.721715e-05,0.3490014175911078,0.44554455445544555,4.9123194479765026e-05,0.43105660193420764,0.38703934910959026,0.4658883455442093
TRAF3IP2-AS1,-0.0034407025018069956,0.3741857231546497,9.721715e-05,0.3300204464609112,0.38613861386138615,4.489796901228444e-05,0.4304283625245204,0.37459755557424657,0.4258881770529995
SEPT12,-0.0034487577319550424,0.37387618501493547,9.721715e-05,0.29953592773278415,0.3465346534653465,6.0338304007000276e-05,0.4303097817675157,0.3570154085015306,0.396039603960396
GUCA1C,-0.0034491775380101693,0.37386005536532074,9.721715e-05,0.2976323214832729,0.3465346534653465,5.6892875241955135e-05,0.4303097817675157,0.35586059492990574,0.396039603960396
AL109615.3,-0.00345583283803171,0.3736043771518805,9.721715e-05,0.278810217720756,0.10891089108910891,6.590555580200278e-05,0.4303097817675157,0.34251869498864373,0.17097471128588526
DSCAM-AS1,-0.0034578002092546943,0.37352880683910206,9.721715e-05,0.3250060815764646,0.1782178217821782,4.673401726733496e-05,0.4303097817675157,0.3724286649080954,0.2498380679189414
SH2D3A,-0.003459649387920824,0.3734577809513189,9.721715e-05,0.3142526333183884,0.1188118811881188,3.1739914564193375e-05,0.4303097817675157,0.36717067837104644,0.18391932072464212
XKR9,-0.003463458425687136,0.3733114915530706,9.721715e-05,0.3330333987284942,0.3564356435643564,2.9061452168348962e-05,0.4303097817675157,0.37701894195678587,0.4036643754975724
MMP25-AS1,-0.0034696524420921014,0.37307364397654263,9.721715e-05,0.3578791763640342,0.39603960396039606,5.278463621517136e-05,0.4303097817675157,0.39298591840852953,0.43267254620582235
AC009318.4,-0.0034844695679040433,0.37250486908245406,9.721715e-05,0.339275473109076,0.40594059405940597,9.001589371843053e-05,0.43014419062639037,0.38056317128604167,0.439805627366637
CD72,-0.0034918562691110084,0.37222142456234875,9.721715e-05,0.29552359161988195,0.13861386138613863,5.913970716078978e-05,0.429982392640372,0.35448651533772324,0.2057603088364255
SPATA41,-0.0034926403781252906,0.37219134057759307,9.721715e-05,0.2825474862871733,0.09900990099009901,5.199589011715328e-05,0.429982392640372,0.34509986122077424,0.15943623347842031
SPDYE16,-0.003500503819910669,0.3718896863276104,9.721715e-05,0.3153594645133023,0.31683168316831684,5.989237320962517e-05,0.429982392640372,0.3674090848698668,0.3756897428873322
LINC00926,-0.003507925964261188,0.37160503308040926,9.721715e-05,0.26800683097482536,0.27722772277227725,4.5922079094652335e-05,0.429982392640372,0.3345903008424786,0.343954991032602
EFHB,-0.003509988049771978,0.37152596066139776,9.721715e-05,0.2996973548619656,0.18811881188118812,1.871183386666286e-05,0.429982392640372,0.35706595098725047,0.26007209015832455
OTULIN,-0.0035106669355398938,0.3714999293964305,9.721715e-05,0.3225062247603019,0.36633663366336633,5.363614351658312e-05,0.429982392640372,0.3715387755553038,0.40931467448420816
CFAP157,-0.0035184089035809503,0.3712031121772321,9.721715e-05,0.292695379695767,0.37623762376237624,6.475225760020218e-05,0.429982392640372,0.35250346812015293,0.4178870312058974
ERAL1,-0.0035198337498400286,0.3711484937219363,9.721715e-05,0.31818788731876957,0.3564356435643564,5.318404050072058e-05,0.429982392640372,0.3694131818716365,0.4036643754975724
AC243964.2,-0.003524312954710412,0.3709768098236079,9.721715e-05,0.281248918654369,0.40594059405940597,3.4191211564259525e-05,0.429982392640372,0.3443864310053498,0.439805627366637
AL162411.1,-0.00355025744229281,0.3699828870431199,9.721715e-05,0.32277245351895373,0.36633663366336633,4.730257871914094e-05,0.42971299308144006,0.3715387755553038,0.40931467448420816
FMO2,-0.0035599430730611455,0.36961205655151197,9.721715e-05,0.32782003401788307,0.25742574257425743,3.532403741649999e-05,0.4294485552496266,0.3734707067319114,0.32489576260949615
SCAF4,-0.003566202898141364,0.36937245321204604,9.721715e-05,0.24491170421382885,0.26732673267326734,4.816889087124622e-05,0.4294485552496266,0.3172431401733534,0.33485603257611773
GJC3,-0.0035690587938228837,0.36926315675728555,9.721715e-05,0.30344107497448863,0.40594059405940597,4.9458755539988476e-05,0.4294485552496266,0.3598020470751268,0.439805627366637
TRIM71,-0.0035734428951736275,0.36909539572574346,9.721715e-05,0.2853796187833604,0.27722772277227725,5.034320048910873e-05,0.4294485552496266,0.3467385869450795,0.343954991032602
RBPMS2,-0.0035784780844645395,0.3689027510717413,9.721715e-05,0.32874805324835965,0.37623762376237624,6.295896619313402e-05,0.4294485552496266,0.37357733323677234,0.4178870312058974
FAM122C,-0.003580029023509027,0.3688434192956438,9.721715e-05,0.3125786225025591,0.39603960396039606,2.6032103821573335e-05,0.4294485552496266,0.36608259001959215,0.43267254620582235
AC046130.2,-0.003584422157059443,0.36867537523399796,9.721715e-05,0.31416620549030994,0.0594059405940594,2.4173778688719635e-05,0.4294485552496266,0.36717067837104644,0.10608203677510607
CCDC142,-0.0035902827876823336,0.36845123626461745,9.721715e-05,0.270123704417073,0.33663366336633666,5.2777680151262723e-05,0.4294485552496266,0.3363931561856451,0.3897726708216943
B3GNT7,-0.003594521142075079,0.368289168896801,9.721715e-05,0.2657926811232252,0.3069306930693069,5.656315405195128e-05,0.4294485552496266,0.33251794969544435,0.36772846613734855
SPIN4,-0.003629416880888957,0.36695570911783726,9.721715e-05,0.3044732955736944,0.3069306930693069,4.558977555621636e-05,0.42902070434665307,0.36032342671443124,0.36772846613734855
PTER,-0.0036303999716909806,0.36691816573213365,9.721715e-05,0.32701897308847805,0.36633663366336633,5.318430255568433e-05,0.42902070434665307,0.37316733330750634,0.40931467448420816
COX4I2,-0.0036309635604161233,0.3668966433411439,9.721715e-05,0.2716022229773922,0.32673267326732675,5.506754155373319e-05,0.42902070434665307,0.3373940658104251,0.3825909523036613
AC004540.1,-0.0036322702836418504,0.3668467436541252,9.721715e-05,0.30987298070286484,0.31683168316831684,6.290796070052563e-05,0.42902070434665307,0.36455644788572333,0.3756897428873322
AC012593.1,-0.003634347970996297,0.3667674078829556,9.721715e-05,0.28998427906999846,0.39603960396039606,5.326823150088778e-05,0.42902070434665307,0.35018965683296166,0.43267254620582235
AL356417.1,-0.003638260954901898,0.3666180074036993,9.721715e-05,0.273446485500315,0.40594059405940597,4.427552465112775e-05,0.42902070434665307,0.33870332638354456,0.439805627366637
ACKR2,-0.0036499810132815543,0.36617064830687907,9.721715e-05,0.31064754959111557,0.1782178217821782,5.961757855680665e-05,0.42902070434665307,0.3649790441917089,0.2498380679189414
AC006547.3,-0.0036558486243868905,0.3659467476233718,9.721715e-05,0.34416767023327777,0.42574257425742573,5.8065858380201304e-05,0.42902070434665307,0.38360590179798,0.4532390783436044
MMP7,-0.0036599694921840105,0.3657895277560626,9.721715e-05,0.2843933638844174,0.36633663366336633,4.4594880265246424e-05,0.42902070434665307,0.3459773283265418,0.40931467448420816
HAS3,-0.003661771837647416,0.3657207715279557,9.721715e-05,0.3237641922697639,0.0594059405940594,6.238410665557596e-05,0.42902070434665307,0.3718578012286721,0.10608203677510607
AL589740.1,-0.00366571364483781,0.36557041372996835,9.721715e-05,0.2893033354281398,0.31683168316831684,7.13067128513379e-05,0.42902070434665307,0.34968171083175636,0.3756897428873322
SINHCAF,-0.0036782390397181695,0.3650927774690561,9.721715e-05,0.32491297474774794,0.1188118811881188,3.6950138164284684e-05,0.42902070434665307,0.3724286649080954,0.18391932072464212
KCP,-0.003680252334473245,0.3650160231347925,9.721715e-05,0.30102441226208376,0.44554455445544555,5.21775136184258e-05,0.42902070434665307,0.35793628092994506,0.4658883455442093
FBP1,-0.0036805605828548185,0.3650042720296668,9.721715e-05,0.31133908308758634,0.27722772277227725,4.662107462002696e-05,0.42902070434665307,0.3651763198052728,0.343954991032602
ACTG2,-0.0036811861923603845,0.3649804228114577,9.721715e-05,0.30728306470341815,0.27722772277227725,4.21768010907304e-05,0.42902070434665307,0.3626472046067091,0.343954991032602
AC010998.3,-0.0036822369195277493,0.36494036861479423,9.721715e-05,0.3111358746020289,0.3465346534653465,4.385898523311265e-05,0.42902070434665307,0.3651763198052728,0.396039603960396
PPP1R1C,-0.003690565544149653,0.364622929835671,9.721715e-05,0.27406114755949473,0.40594059405940597,4.766930091347729e-05,0.42902070434665307,0.3393245739490236,0.439805627366637
NCOA5,-0.0036997083863118782,0.3642745646711302,9.721715e-05,0.2963436904641379,0.2871287128712871,4.628867536613034e-05,0.42902070434665307,0.355126111969235,0.3523051691672235
C19orf44,-0.0037055941488417536,0.36405036168087146,9.721715e-05,0.27465759168026754,0.297029702970297,3.80581834042077e-05,0.42902070434665307,0.33970739844889425,0.35974530032736823
P2RX2,-0.00371416542737705,0.3637239440900666,9.721715e-05,0.3164651205850788,0.4158415841584158,4.973360292161086e-05,0.42902070434665307,0.36826817756215535,0.44794425582594166
MFAP5,-0.003715247091855168,0.36368275838792696,9.721715e-05,0.27273832058459546,0.43564356435643564,4.766878222351345e-05,0.42902070434665307,0.3383196163961571,0.45937809949712016
SAMD5,-0.0037357797268789674,0.3629012523545907,9.721715e-05,0.293941550167255,0.3465346534653465,4.349571034575478e-05,0.4284548433938497,0.3535784484770509,0.396039603960396
PAQR5,-0.003739639491105772,0.3627544069657907,9.721715e-05,0.2771404613873768,0.39603960396039606,4.464639183644651e-05,0.42845008696746933,0.3410769088634639,0.43267254620582235
PCAT7,-0.003743147170841389,0.3626209741952735,9.721715e-05,0.29826241827715805,0.3564356435643564,3.9245901843861337e-05,0.42845008696746933,0.3562051173692174,0.4036643754975724
COL13A1,-0.0037505495280211925,0.362339441960029,9.721715e-05,0.2645887292251475,0.009900990099009901,2.7539600583980973e-05,0.4283944362602418,0.331703379722291,0.022282798422377872
RGS2,-0.0037638958263987517,0.3618320332855599,9.721715e-05,0.30642827122369265,0.3465346534653465,5.253979764153093e-05,0.42820358968705313,0.3619231549886134,0.396039603960396
CRYGD,-0.0037704356979407607,0.36158348456872647,9.721715e-05,0.3393354943967205,0.4158415841584158,6.0786217692400514e-05,0.4281211325817496,0.38056317128604167,0.44794425582594166
AC012615.2,-0.003782373214309981,0.36112994825288,9.721715e-05,0.2611960323435665,0.24752475247524752,3.137477849475652e-05,0.42804814095560645,0.32993183032871554,0.31625820162936225
EGFL6,-0.003797390847476612,0.3605596677611035,9.721715e-05,0.2672679568928794,0.45544554455445546,6.825220053688836e-05,0.42787935256460063,0.33400178260751767,0.47278084209805066
KY,-0.0037979205695069444,0.3605395577182845,9.721715e-05,0.2923771577916576,0.19801980198019803,4.100156253830466e-05,0.42787935256460063,0.3522616358935634,0.2696592854927799
AC097634.3,-0.0038182959900620313,0.3597663309650495,9.721715e-05,0.2717458493135386,0.40594059405940597,4.4682776036159104e-05,0.4274451457010489,0.3374327599091953,0.439805627366637
ACVR2A,-0.003819638113794183,0.3597154188197603,9.721715e-05,0.31759950514672586,0.3069306930693069,5.270273817502418e-05,0.4274451457010489,0.36914638825041257,0.36772846613734855
CYR61,-0.0038328853569589835,0.35921303134295585,9.721715e-05,0.3098703887993686,0.36633663366336633,5.196188019275367e-05,0.42729441427844655,0.36455644788572333,0.40931467448420816
RNF215,-0.0038339525093926217,0.3591725713117119,9.721715e-05,0.32677627560377503,0.3069306930693069,5.263688100108167e-05,0.42729441427844655,0.37316733330750634,0.36772846613734855
IDH1-AS1,-0.003845864166960534,0.3587210598699704,9.721715e-05,0.26420809743513374,0.1485148514851485,3.934759819885243e-05,0.42721841191342247,0.331364670696238,0.21808348235704625
CSAG1,-0.0038500899223630224,0.3585609299844391,9.721715e-05,0.2765966799257258,0.10891089108910891,3.912885015001154e-05,0.4271972954540577,0.3409162036882405,0.17097471128588526
INHBA,-0.0038545042350789957,0.35839368149979944,9.721715e-05,0.3016984707750931,0.31683168316831684,4.7889953348628924e-05,0.42716767759213287,0.35845362864367497,0.3756897428873322
AC239803.2,-0.0038621858345578353,0.3581027075623182,9.721715e-05,0.28311413270501673,0.0891089108910891,5.606918284274685e-05,0.42699050981198516,0.3451208444189558,0.1467215876362609
TNKS2-AS1,-0.003862541308874594,0.3580892444225148,9.721715e-05,0.30740645798215704,0.33663366336633666,2.8267154007321038e-05,0.42699050981198516,0.3626501667111566,0.3897726708216943
TNFRSF14-AS1,-0.0038776776552392916,0.35751613839493035,9.721715e-05,0.28296416364064836,0.10891089108910891,6.518939211440833e-05,0.42663023674812695,0.3451208444189558,0.17097471128588526
AC009090.3,-0.003890853868540059,0.3570175101004852,9.721715e-05,0.2729111572262334,0.31683168316831684,5.663442770196952e-05,0.42620474743392583,0.3383196163961571,0.3756897428873322
SFRP5,-0.003891918684060599,0.3569772248684209,9.721715e-05,0.27716542900817626,0.13861386138613863,3.820887020573928e-05,0.42620474743392583,0.3410769088634639,0.2057603088364255
HDX,-0.0038973722870909396,0.35677092337216504,9.721715e-05,0.36331976965514595,0.40594059405940597,5.5491823646626794e-05,0.42620474743392583,0.39591693024534613,0.439805627366637
ZNF347,-0.003898957013030825,0.3567109834550367,9.721715e-05,0.30960299445325407,0.32673267326732675,4.524195059939225e-05,0.42620474743392583,0.36455644788572333,0.3825909523036613
AL121603.2,-0.0039012243168920252,0.35662523218905984,9.721715e-05,0.2867747566080817,0.33663366336633666,3.9322856742672487e-05,0.42620474743392583,0.3474653755348324,0.3897726708216943
AL356481.1,-0.0039080291749810266,0.35636791047784,9.721715e-05,0.28210800656173524,0.45544554455445546,4.243857421039288e-05,0.42620474743392583,0.3448906326443211,0.47278084209805066
LINC01532,-0.003917991048926277,0.35599132600740285,9.721715e-05,0.27757822424956186,0.2079207920792079,4.609257298314062e-05,0.42620474743392583,0.34142463007326185,0.2795886939657659
COLEC12,-0.00391993803090144,0.35591774147498145,9.721715e-05,0.2894942897717193,0.32673267326732675,6.466387006895437e-05,0.42620474743392583,0.34977159456913326,0.3825909523036613
AC092634.3,-0.00393295589276015,0.355425880461232,9.721715e-05,0.2991247805083107,0.2376237623762376,4.533557557938307e-05,0.4259998567254079,0.35666706737874887,0.3068752850317317
KIRREL1,-0.003936935560278373,0.35527556250250786,9.721715e-05,0.2862013904412578,0.45544554455445546,7.200488189318482e-05,0.4259998567254079,0.3469107762924337,0.47278084209805066
RTCA-AS1,-0.003937945884513036,0.3552374046367247,9.721715e-05,0.2790114056286326,0.3465346534653465,5.0618094748300144e-05,0.4259998567254079,0.34262554927789507,0.396039603960396
TNFSF4,-0.003939570883811619,0.3551760348043248,9.721715e-05,0.2634577699711419,0.2079207920792079,4.3313101477062576e-05,0.4259998567254079,0.3309713583324827,0.2795886939657659
CD300LG,-0.0039396826495731105,0.35517181398912784,9.721715e-05,0.3287457191036923,0.297029702970297,4.982502673341155e-05,0.4259998567254079,0.37357733323677234,0.35974530032736823
S1PR1,-0.003956761550774221,0.35452704125446555,9.721715e-05,0.320080851163252,0.3564356435643564,4.9303854187236424e-05,0.4259998567254079,0.3706069291739699,0.4036643754975724
ENOX1,-0.003959441371523829,0.3544259088527885,9.721715e-05,0.31555191414873834,0.3564356435643564,5.146461326337464e-05,0.4259998567254079,0.3674905832477543,0.4036643754975724
BACH2,-0.003970417278809941,0.3540118018008096,9.721715e-05,0.2728040218313681,0.32673267326732675,6.54177579512489e-05,0.4259207997181589,0.3383196163961571,0.3825909523036613
BCL7A,-0.003981932651661947,0.35357752694557043,9.721715e-05,0.2689951570196648,0.26732673267326734,4.679972096990468e-05,0.4259207997181589,0.3355820208456262,0.33485603257611773
ZNF234,-0.004008897406834536,0.3525613616450276,9.721715e-05,0.24862968250691764,0.2376237623762376,4.169444973558212e-05,0.42495369748335726,0.3197761635833106,0.3068752850317317
LIPT2,-0.004015792308648717,0.35230169613475837,9.721715e-05,0.3028364862876455,0.13861386138613863,3.217168991706367e-05,0.42495369748335726,0.3593787416388198,0.2057603088364255
SUCLG2,-0.0040234074309485396,0.35201498675007736,9.721715e-05,0.3002307851003796,0.31683168316831684,5.813824695585627e-05,0.42495369748335726,0.35731344513912117,0.3756897428873322
SHC4,-0.004026653268118613,0.351892806524432,9.721715e-05,0.2782235681777953,0.31683168316831684,5.392813850587261e-05,0.42495369748335726,0.34207815759564997,0.3756897428873322
SCTR,-0.00403007140497819,0.35176415710259556,9.721715e-05,0.24233435252701702,0.42574257425742573,4.2296509960600084e-05,0.42495369748335726,0.31458375490309437,0.4532390783436044
SCGB1B2P,-0.004036995780621959,0.3515035943687489,9.721715e-05,0.25481331963366893,0.31683168316831684,3.9805374090305204e-05,0.42495369748335726,0.3248617550093493,0.3756897428873322
AC090568.2,-0.004037192342969968,0.3514961987884748,9.721715e-05,0.28825692871623765,0.09900990099009901,6.0230467029556044e-05,0.42495369748335726,0.3487485691667167,0.15943623347842031
ZMYND15,-0.004039859764482888,0.3513958436720301,9.721715e-05,0.29652247090683137,0.38613861386138615,5.903084980762587e-05,0.42495369748335726,0.355126111969235,0.4258881770529995
AL596257.1,-0.004064987413832084,0.35045098746576936,9.721715e-05,0.25960902806668074,0.49504950495049505,3.4324706612568817e-05,0.42495369748335726,0.3288965727196124,0.4970376555727862
SIX4,-0.0040660552106672925,0.3504108563397791,9.721715e-05,0.3406555397319001,0.42574257425742573,4.8353777520715864e-05,0.42495369748335726,0.3816763717595451,0.4532390783436044
PRRX2,-0.004089441665942303,0.34953234008342693,9.721715e-05,0.2461052152837015,0.16831683168316833,5.9126309056132224e-05,0.424533206579061,0.31819288423483716,0.23919966605850543
ZNF397,-0.0040899560567995066,0.34951302593579614,9.721715e-05,0.2692137334443442,0.297029702970297,4.836814786708754e-05,0.424533206579061,0.33567797187574083,0.35974530032736823
CCDC175,-0.0040988771214479575,0.3491781232790965,9.721715e-05,0.24766262287213503,0.37623762376237624,5.6817400798302765e-05,0.4244858207899966,0.31942728659346736,0.4178870312058974
FAM161B,-0.0041022270249387646,0.34905239599949583,9.721715e-05,0.32123056298363367,0.33663366336633666,5.5661236124512204e-05,0.4244858207899966,0.3708460311565075,0.3897726708216943
TSEN54,-0.004103105986389977,0.349019409902275,9.721715e-05,0.2857125956427455,0.3465346534653465,4.79159186010887e-05,0.4244858207899966,0.3467385869450795,0.396039603960396
AL353708.3,-0.004109459644331215,0.3487810006477466,9.721715e-05,0.2859438493699996,0.49504950495049505,4.156018405603357e-05,0.4244858207899966,0.3468789114880707,0.4970376555727862
SP6,-0.004124860902504962,0.34820334483374715,9.721715e-05,0.26992083043078546,0.16831683168316833,2.9499626019709456e-05,0.4242932715277179,0.336378841616668,0.23919966605850543
AL354872.2,-0.004131811285891912,0.34794277161517867,9.721715e-05,0.24623140185544,0.297029702970297,5.409751705445857e-05,0.42417613279779487,0.31819288423483716,0.35974530032736823
C11orf97,-0.00413700661555688,0.34774804308501495,9.721715e-05,0.27992617924732943,0.3069306930693069,4.063563644131041e-05,0.42417613279779487,0.34332728444071475,0.36772846613734855
AC025175.1,-0.004144190428934656,0.3474788494481855,9.721715e-05,0.278555704910213,0.1188118811881188,4.670741416657369e-05,0.42417613279779487,0.34234621660411263,0.18391932072464212
ARHGAP17,-0.00415407816419841,0.34710845956750314,9.721715e-05,0.2591380472751338,0.26732673267326734,4.48795348533865e-05,0.42399241803848103,0.3285774056743032,0.33485603257611773
AC128687.2,-0.004155246466100685,0.3470647051697871,9.721715e-05,0.2447021619651797,0.49504950495049505,4.300361270587285e-05,0.42399241803848103,0.3171086332162156,0.4970376555727862
AC108002.3,-0.004177858678986414,0.3462182511577635,9.721715e-05,0.2836255183200988,0.33663366336633666,5.6587228283893246e-05,0.42359492392874815,0.34560379974016914,0.3897726708216943
CNGB1,-0.004190871508079347,0.3457314832575821,9.721715e-05,0.24022175361594506,0.04950495049504951,4.4918507222089246e-05,0.4231798142463353,0.31278874168742843,0.09105754229622841
HPGDS,-0.0041918000396915,0.3456967596238595,9.721715e-05,0.29631725588489743,0.40594059405940597,0.00010722446244250492,0.4231798142463353,0.355126111969235,0.439805627366637
TENT5A,-0.004194010104238955,0.3456141166401485,9.721715e-05,0.2508979808299222,0.21782178217821782,6.061933678679002e-05,0.4231798142463353,0.3218016000383782,0.28888830527615095
AL928654.1,-0.004209803101847071,0.3450237688459059,9.721715e-05,0.22529570794477277,0.4752475247524752,4.9741453585792905e-05,0.4231798142463353,0.2991399798223108,0.4837945620147356
HRC,-0.0042206921252630125,0.34461695281285826,9.721715e-05,0.21468319019203275,0.48514851485148514,3.4544414180591266e-05,0.4231798142463353,0.2906345003499963,0.49004900490049
LINC01152,-0.004222719088488099,0.3445412448903694,9.721715e-05,0.2676525005480009,0.43564356435643564,6.37034657879256e-05,0.4231798142463353,0.33428705314071716,0.45937809949712016
AC090502.1,-0.004240766120994011,0.3438674555324623,9.721715e-05,0.29845531849302376,0.33663366336633666,5.754159540155732e-05,0.4226146524364551,0.3562936551846682,0.3897726708216943
FBLN5,-0.0042452216635481725,0.34370118320667253,9.721715e-05,0.23701261672494844,0.24752475247524752,5.5195674972532926e-05,0.42258342197541704,0.3092813615375578,0.31625820162936225
PRRG3,-0.004255977731137088,0.34329991197263027,9.721715e-05,0.2978553179563311,0.36633663366336633,5.3607636249673956e-05,0.4222631143574788,0.35586059492990574,0.40931467448420816
AL356599.1,-0.004259996128985725,0.343150044899636,9.721715e-05,0.2588683950427922,0.3069306930693069,4.5508915004809204e-05,0.42225190102498283,0.328374285466544,0.36772846613734855
AC099518.5,-0.004278837941694197,0.3424476644801515,9.721715e-05,0.3139128845923601,0.4752475247524752,5.4087202221948556e-05,0.4215605225442981,0.3671495726226434,0.4837945620147356
TOGARAM2,-0.0042962135534199385,0.34180042323654025,9.721715e-05,0.28147563489046856,0.49504950495049505,5.523994562524945e-05,0.4211093510101112,0.3445234209185662,0.4970376555727862
AL441992.1,-0.0042970920357467395,0.34176771211152523,9.721715e-05,0.25707827297411123,0.37623762376237624,5.6969018977087374e-05,0.4211093510101112,0.3269329457067968,0.4178870312058974
PLK4,-0.00430978013268027,0.3412953913572643,9.721715e-05,0.29019049562891425,0.0891089108910891,4.611048664945419e-05,0.42083278835667604,0.35018965683296166,0.1467215876362609
KIAA0391,-0.00432281438589346,0.3408104435128993,9.721715e-05,0.26290312217851564,0.43564356435643564,3.000046982999793e-05,0.4204076194649251,0.3306957511679442,0.45937809949712016
CALCRL,-0.004326891452570599,0.340658807554652,9.721715e-05,0.27506599033527557,0.3069306930693069,7.170264002204834e-05,0.4203934276692538,0.3400074046171515,0.36772846613734855
AC005618.1,-0.004329123056945445,0.3405758196992748,9.721715e-05,0.2274762452328254,0.009900990099009901,4.166640508333357e-05,0.4203934276692538,0.30129304004347734,0.022282798422377872
AP003068.2,-0.004333122642237121,0.34042710431258105,9.721715e-05,0.22397916871934942,0.24752475247524752,5.806807179030281e-05,0.4203934276692538,0.298267434903199,0.31625820162936225
AC006480.2,-0.004337975006843131,0.34024671359725733,9.721715e-05,0.2871754315116697,0.07920792079207921,6.38299868904145e-05,0.4203934276692538,0.34767001393664615,0.1337971635001338
HCRT,-0.00435018566466949,0.3397929339824759,9.721715e-05,0.23550653902885998,0.27722772277227725,5.630415781460116e-05,0.4203623925556403,0.3078516850050457,0.343954991032602
TMEM220-AS1,-0.004358392599126369,0.3394880734383908,9.721715e-05,0.2825619565240198,0.46534653465346537,2.6186476317574416e-05,0.4203623925556403,0.34509986122077424,0.47809575478095756
AC079148.1,-0.004364211088158976,0.33927199936297403,9.721715e-05,0.24628129239776397,0.04950495049504951,5.636260245832061e-05,0.4203623925556403,0.31819288423483716,0.09105754229622841
AL160272.1,-0.0043783038763643865,0.33874887191310465,9.721715e-05,0.2519909563811073,0.12871287128712872,5.959935672189331e-05,0.42011021733745924,0.3228446288427925,0.19492105697192638
PTH1R,-0.004380631538371175,0.33866249846772833,9.721715e-05,0.1995684520391625,0.21782178217821782,4.2429939224935744e-05,0.42011021733745924,0.27692199635406456,0.28888830527615095
LINC02447,-0.0043989753635396076,0.33798210434480097,9.721715e-05,0.2627663204393673,0.1188118811881188,3.342918419758417e-05,0.41967976532880913,0.3306957511679442,0.18391932072464212
ZNF81,-0.004424892063066274,0.3370217252946914,9.721715e-05,0.2755659170539973,0.46534653465346537,3.28108886483321e-05,0.41900753248407546,0.3401808883374498,0.47809575478095756
SLC24A1,-0.004424977429089433,0.3370185636893851,9.721715e-05,0.25203404024994003,0.32673267326732675,6.562874381819046e-05,0.41900753248407546,0.3228446288427925,0.3825909523036613
ELF2,-0.004425565949579593,0.33699676763177167,9.721715e-05,0.29458580866923084,0.297029702970297,4.910337694593131e-05,0.41900753248407546,0.3541347544127151,0.35974530032736823
AC015802.6,-0.004433356714438318,0.33670828559081967,9.721715e-05,0.2713108479114213,0.49504950495049505,4.086252106439236e-05,0.41900753248407546,0.33717172482778124,0.4970376555727862
SERPINE1,-0.004435547591348466,0.33662717752340243,9.721715e-05,0.232519969553581,0.48514851485148514,5.211599633422217e-05,0.41900753248407546,0.3055892783057438,0.49004900490049
FUT10,-0.004447343736870724,0.33619060519528926,9.721715e-05,0.2603388037415546,0.32673267326732675,3.0645866918627226e-05,0.41900753248407546,0.3291419802686712,0.3825909523036613
CASP4,-0.004454396745855088,0.3359296805891653,9.721715e-05,0.22660919276668567,0.26732673267326734,5.154475113254926e-05,0.4188649383904804,0.3002771988957849,0.33485603257611773
SUSD2,-0.004466787973167384,0.3354714612085606,9.721715e-05,0.24867926321328787,0.4158415841584158,4.820130772784297e-05,0.41861733812603014,0.3197761635833106,0.44794425582594166
SLC7A3,-0.004478112285001502,0.3350529095486946,9.721715e-05,0.2843561191121803,0.43564356435643564,3.2423812631351856e-05,0.4182932703479333,0.3459773283265418,0.45937809949712016
WISP2,-0.00448973336963114,0.3346236018920602,9.721715e-05,0.2651753287264715,0.36633663366336633,4.960533344739953e-05,0.4179312263431227,0.3318840159279993,0.40931467448420816
PHF11,-0.004498713455684772,0.3342920063430399,9.721715e-05,0.2700000835376455,0.2871287128712871,4.456751171249396e-05,0.4177651346667418,0.336378841616668,0.3523051691672235
LINC00685,-0.004523249129941962,0.3333866702517002,9.721715e-05,0.2628007017597115,0.2376237623762376,7.2593933784067e-05,0.417080905235655,0.3306957511679442,0.3068752850317317
ABCC3,-0.004524435514761363,0.33334291865302484,9.721715e-05,0.21286402560631412,0.48514851485148514,4.572717659306811e-05,0.417080905235655,0.288563975065044,0.49004900490049
PAX7,-0.004524925164598089,0.3333248619663288,9.721715e-05,0.2115865094270874,0.21782178217821782,5.0487198793295044e-05,0.417080905235655,0.28752209029903686,0.28888830527615095
ZNF485,-0.004525194138314122,0.33331494325855915,9.721715e-05,0.27449842319474926,0.44554455445544555,5.1296856796487835e-05,0.417080905235655,0.33970739844889425,0.4658883455442093
MIR124-2HG,-0.004540442489275124,0.33275283398417443,9.721715e-05,0.1956913292489731,0.21782178217821782,4.6824111397036924e-05,0.4169835012333013,0.27360276024257174,0.28888830527615095
STRC,-0.004576307955684141,0.3314321864004325,9.721715e-05,0.25398895083620854,0.25742574257425743,5.196727217072844e-05,0.41567581906408757,0.32437924755582187,0.32489576260949615
ZNF607,-0.004585016586923168,0.33111183011642253,9.721715e-05,0.23040822397271626,0.25742574257425743,4.922904266283768e-05,0.41544771658271334,0.3041023633603822,0.32489576260949615
SMPDL3B,-0.004592608098136177,0.3308326690960942,9.721715e-05,0.23183021533912967,0.019801980198019802,3.661461313220552e-05,0.41544771658271334,0.30541454124342193,0.041397868009797494
FGD1,-0.004592625253085461,0.33083203836725616,9.721715e-05,0.28508955308011485,0.31683168316831684,5.368048907503012e-05,0.41544771658271334,0.3465432168721007,0.3756897428873322
AC009061.2,-0.004596352642335241,0.3306950063979532,9.721715e-05,0.2841864428961374,0.0891089108910891,3.501051696420524e-05,0.41544771658271334,0.3459773283265418,0.1467215876362609
CFAP97,-0.0046083054452011945,0.33025573233249916,9.721715e-05,0.2955013844841451,0.33663366336633666,4.829790000315827e-05,0.41544771658271334,0.35448651533772324,0.3897726708216943
ZNF773,-0.004612538808331164,0.3301002092510167,9.721715e-05,0.21089447371481457,0.18811881188118812,5.759044493890325e-05,0.41544771658271334,0.28693125675484976,0.26007209015832455
PEX13,-0.004623079361253409,0.32971310351033545,9.721715e-05,0.2828804235478435,0.25742574257425743,5.3322336130650774e-05,0.41544771658271334,0.3451208444189558,0.32489576260949615
AC007938.3,-0.004626440399709257,0.3295897064411312,9.721715e-05,0.2553358664045525,0.10891089108910891,5.016181684867574e-05,0.41544771658271334,0.3252686196236338,0.17097471128588526
KDM4D,-0.0046547544048870385,0.3285509243793431,9.721715e-05,0.23400815371697642,0.2376237623762376,4.962886189014012e-05,0.4148370257314938,0.30656090006590797,0.3068752850317317
B3GNT5,-0.004669906683710347,0.3279955618906727,9.721715e-05,0.22649970677913583,0.4752475247524752,4.599799224924381e-05,0.4144565620251074,0.30026474606160297,0.4837945620147356
MTBP,-0.004671188876251049,0.32794858429693763,9.721715e-05,0.24625715694720007,0.32673267326732675,5.223407347974449e-05,0.4144565620251074,0.31819288423483716,0.3825909523036613
ACSM5,-0.004672219971627229,0.32791080849778975,9.721715e-05,0.2732031881944481,0.43564356435643564,7.571244204904518e-05,0.4144565620251074,0.33854174497453293,0.45937809949712016
TMEM199,-0.004679148493525092,0.327657016891849,9.721715e-05,0.25372555346635667,0.2079207920792079,5.040478605008095e-05,0.4144565620251074,0.3243098406200164,0.2795886939657659
SYTL3,-0.004680911961331283,0.3275924338084053,9.721715e-05,0.26282245286722994,0.07920792079207921,4.2288906932904426e-05,0.4144565620251074,0.3306957511679442,0.1337971635001338
DCLRE1B,-0.004702500569987531,0.3268022176613419,9.721715e-05,0.26384153215631667,0.297029702970297,6.156024134952042e-05,0.4138483127834638,0.331043327674174,0.35974530032736823
AGPAT5,-0.0047122703389414,0.3264448659385719,9.721715e-05,0.2567612447114458,0.3069306930693069,3.7684489919963465e-05,0.4135703538073124,0.32666825026901497,0.36772846613734855
SMC4,-0.004715847411943625,0.3263140660879057,9.721715e-05,0.269024920044577,0.3069306930693069,5.832627277366115e-05,0.4135703538073124,0.3355820208456262,0.36772846613734855
FUBP1,-0.004717295957130323,0.32626110441672584,9.721715e-05,0.26159995615289544,0.2871287128712871,4.5132715372727934e-05,0.4135703538073124,0.330164017020903,0.3523051691672235
SHBG,-0.0047194299361805825,0.3261830883128497,9.721715e-05,0.2582321731796313,0.33663366336633666,4.041129520569459e-05,0.4135703538073124,0.32784448562797036,0.3897726708216943
ANOS1,-0.004729923120003689,0.3257995788904685,9.721715e-05,0.23179029039395083,0.24752475247524752,5.264578391949575e-05,0.4135703538073124,0.30541454124342193,0.31625820162936225
SH3D21,-0.004730586066327835,0.3257753554257905,9.721715e-05,0.26321804993691067,0.1188118811881188,3.8884230467154844e-05,0.4135703538073124,0.33081447415615084,0.18391932072464212
ZNF75D,-0.004735050604937617,0.3256122443450929,9.721715e-05,0.24046274648607802,0.22772277227722773,4.308101108173176e-05,0.4135703538073124,0.3128916747360415,0.29819655907100967
NAA15,-0.004745319935887074,0.32523718302081006,9.721715e-05,0.28553572778244246,0.2871287128712871,4.374372276777641e-05,0.4134370970603518,0.3467385869450795,0.3523051691672235
ZBTB41,-0.004752122999714864,0.32498881575441607,9.721715e-05,0.28566006593700577,0.27722772277227725,4.7244441746292015e-05,0.41329650159527265,0.3467385869450795,0.343954991032602
MAPK15,-0.0047666365979537285,0.32445921114894116,9.721715e-05,0.2826367863398141,0.42574257425742573,5.065311075507029e-05,0.41320755233244183,0.34509986122077424,0.4532390783436044
MSI1,-0.004768358303927319,0.3243964092166111,9.721715e-05,0.23973615505904639,0.2376237623762376,5.072328780245295e-05,0.41320755233244183,0.31229199530053803,0.3068752850317317
WDFY1,-0.004778225009561638,0.3240366019831833,9.721715e-05,0.25435536801250336,0.2376237623762376,4.102740870573442e-05,0.41320755233244183,0.32457086517971506,0.3068752850317317
TPX2,-0.004808697236416369,0.32292641578398346,9.721715e-05,0.2339121781770725,0.25742574257425743,7.130739561095578e-05,0.41207113881410057,0.30656090006590797,0.32489576260949615
PCDHB11,-0.0048105399861541245,0.32285932982973664,9.721715e-05,0.21656792718814016,0.27722772277227725,4.5774155388631276e-05,0.41207113881410057,0.29200169957951483,0.343954991032602
HOOK3,-0.004818449242183086,0.322571456055502,9.721715e-05,0.2456685574111646,0.25742574257425743,5.091276524374709e-05,0.41207113881410057,0.3179489526460284,0.32489576260949615
AC004023.1,-0.004833404013265907,0.3220274368494036,9.721715e-05,0.19838939084809193,0.1485148514851485,4.547044113686316e-05,0.41179979136752376,0.2761422905347261,0.21808348235704625
AC239800.3,-0.004839440356948612,0.3218079568469143,9.721715e-05,0.21454071679698172,0.2376237623762376,6.605577035723851e-05,0.41169461430308874,0.29057433426227774,0.3068752850317317
ZNF385C,-0.004861304090792211,0.3210135175054396,9.721715e-05,0.21016489268188682,0.3465346534653465,3.762104685392471e-05,0.4108534780359722,0.28658849002075476,0.396039603960396
WDR70,-0.0048637213205169295,0.3209257353817448,9.721715e-05,0.3227099084573825,0.32673267326732675,5.595463583505615e-05,0.4108534780359722,0.3715387755553038,0.3825909523036613
LMX1B,-0.004866831215760571,0.32081281371008363,9.721715e-05,0.21064892665706414,0.45544554455445546,3.86497056445033e-05,0.4108534780359722,0.2868573672134328,0.47278084209805066
PAXIP1-AS2,-0.004877251778461629,0.32043455934420595,9.721715e-05,0.21804101909285373,0.45544554455445546,4.875888002302747e-05,0.4108534780359722,0.2935920364805032,0.47278084209805066
GDF9,-0.004887105581810396,0.32007704918454005,9.721715e-05,0.26192153597590007,0.21782178217821782,7.283631454011436e-05,0.4108534780359722,0.33043086960794793,0.28888830527615095
ZCWPW2,-0.004902443129064669,0.3195209132532334,9.721715e-05,0.24550225622561223,0.42574257425742573,5.169324318589177e-05,0.41051937462942195,0.31787085398223425,0.4532390783436044
CLEC14A,-0.004919784476777844,0.3188926086007914,9.721715e-05,0.25940501211603706,0.27722772277227725,6.0496069696908846e-05,0.4100633629671557,0.3287769481825565,0.343954991032602
AC092683.1,-0.00493642324622716,0.3182902483211012,9.721715e-05,0.2600282477544123,0.26732673267326734,5.980063688903795e-05,0.40946429886934116,0.3291419802686712,0.33485603257611773
SLC16A10,-0.004950542253215451,0.31777948550373347,9.721715e-05,0.21593904894596722,0.48514851485148514,2.7350636861063303e-05,0.4089826068259118,0.29154687076413216,0.49004900490049
GTPBP3,-0.004978941487302764,0.31675317789413016,9.721715e-05,0.3061737347506366,0.37623762376237624,4.0887938075680506e-05,0.4078367097349316,0.3617649485040999,0.4178870312058974
CHEK1,-0.00498082311795969,0.3166852281388967,9.721715e-05,0.22535211813280742,0.32673267326732675,3.343553026176788e-05,0.4078367097349316,0.2991399798223108,0.3825909523036613
NTN1,-0.004984680854690707,0.316545936257862,9.721715e-05,0.24724031605025792,0.2871287128712871,4.207100854347538e-05,0.4078367097349316,0.3190197626454941,0.3523051691672235
PLAC8L1,-0.004988267413376495,0.3164164591784645,9.721715e-05,0.20954775764155797,0.43564356435643564,4.8080256849471935e-05,0.4078367097349316,0.28600694855535663,0.45937809949712016
AL359924.1,-0.0049913963675691335,0.31630352029155434,9.721715e-05,0.22426267532873384,0.21782178217821782,5.410469473179085e-05,0.4078367097349316,0.298267434903199,0.28888830527615095
HDAC2-AS2,-0.0050022877925510025,0.3159105304605693,9.721715e-05,0.2554709119150458,0.0594059405940594,4.241771676865759e-05,0.40762649091686365,0.325302519416442,0.10608203677510607
AC055822.1,-0.005005931946766409,0.31577908668102483,9.721715e-05,0.2332001250201089,0.1485148514851485,3.292176682380197e-05,0.40762649091686365,0.3060369094752085,0.21808348235704625
FPR1,-0.005007695659602858,0.3157154783410623,9.721715e-05,0.2427104250184256,0.039603960396039604,7.549674794707223e-05,0.40762649091686365,0.3149356726017633,0.07577288341079007
MCTP2,-0.0050179892428801045,0.31534434898159625,9.721715e-05,0.23211597091769082,0.32673267326732675,4.905569440931174e-05,0.40759717662420886,0.3054341291536663,0.3825909523036613
ERI1,-0.0050221822140509645,0.315193227123027,9.721715e-05,0.21716602939017887,0.22772277227722773,4.588853769212202e-05,0.40759717662420886,0.2926765894746346,0.29819655907100967
TDRKH,-0.005024428157455297,0.3151122921936693,9.721715e-05,0.17138629941421496,0.21782178217821782,3.403485891354227e-05,0.40759717662420886,0.24953770662935104,0.28888830527615095
PM20D2,-0.005028279171983306,0.3149735374970126,9.721715e-05,0.25424843419202253,0.25742574257425743,5.425361968953049e-05,0.40759717662420886,0.32457086517971506,0.32489576260949615
SCGN,-0.0050397982045536725,0.3145586547553312,9.721715e-05,0.21964241425057268,0.04950495049504951,5.086891323517446e-05,0.40759717662420886,0.2939325708342756,0.09105754229622841
MEIG1,-0.005045550860734857,0.31435154805982246,9.721715e-05,0.24380376889315347,0.2376237623762376,4.675796244026527e-05,0.4075430614431579,0.3162175990832081,0.3068752850317317
SLCO4C1,-0.0050692330591430015,0.3134995592287021,9.721715e-05,0.25467258142980553,0.009900990099009901,5.3827150520543354e-05,0.4069661089078781,0.32483747631352744,0.022282798422377872
AC005393.1,-0.005077221735476437,0.3132123832513258,9.721715e-05,0.2506746386931298,0.18811881188118812,5.819790292164014e-05,0.4067693288978257,0.3216526587165908,0.26007209015832455
ABCC6,-0.0050961204739829674,0.31253346473346344,9.721715e-05,0.26029574612426154,0.3069306930693069,3.9946920272110456e-05,0.4062393389083147,0.3291419802686712,0.36772846613734855
GMDS-DT,-0.00510786207481623,0.3121119793285372,9.721715e-05,0.22436970432104997,0.504950495049505,7.4747238660749e-05,0.40599413696099873,0.298267434903199,0.504950495049505
VTN,-0.005116283897836817,0.31180981454264034,9.721715e-05,0.20284516070562375,0.1485148514851485,3.469584125579525e-05,0.40582622283206987,0.2800439402286568,0.21808348235704625
NUP98,-0.0051201118360026535,0.3116725146162268,9.721715e-05,0.2372669258742484,0.24752475247524752,4.259407022994943e-05,0.4058235867398786,0.30947859896641094,0.31625820162936225
LINC01088,-0.005130453654081123,0.3113017067316703,9.721715e-05,0.2347422652834732,0.21782178217821782,7.151121325774706e-05,0.4055167695158536,0.3071202773006627,0.28888830527615095
AD000671.3,-0.0051326230541854125,0.31122394674379383,9.721715e-05,0.23255344079067103,0.1188118811881188,4.234455029250947e-05,0.4055167695158536,0.3055892783057438,0.18391932072464212
SLC49A3,-0.005160681739644336,0.3102189711621479,9.721715e-05,0.23001020806311923,0.2376237623762376,3.747517459725604e-05,0.40445758952040145,0.30371066205517505,0.3068752850317317
SH3TC1,-0.005168919577442168,0.30992418570343844,9.721715e-05,0.2579602761920423,0.4158415841584158,6.103239154614148e-05,0.4042489378740501,0.3277767168895074,0.44794425582594166
SRPX2,-0.005169177589877688,0.3099149548748025,9.721715e-05,0.25851519758396635,0.49504950495049505,4.575273680036227e-05,0.4042489378740501,0.32806497155325676,0.4970376555727862
SLC5A3,-0.005173023794935394,0.3097773646330568,9.721715e-05,0.2603513063925189,0.2871287128712871,5.452784001822504e-05,0.4042489378740501,0.3291419802686712,0.3523051691672235
APOBR,-0.005182847335503222,0.30942606821821805,9.721715e-05,0.1968046439535368,0.13861386138613863,6.702607733028243e-05,0.40412634072906145,0.2744834643703442,0.2057603088364255
IRAK3,-0.005207194004479901,0.30855616586352896,9.721715e-05,0.216296179691377,0.0891089108910891,7.417555652044063e-05,0.4036931956347959,0.29176642943980713,0.1467215876362609
RCE1,-0.005210591546014722,0.3084348575239366,9.721715e-05,0.20421857301585933,0.19801980198019803,5.415702103228778e-05,0.4036931956347959,0.2810347335080633,0.2696592854927799
KCNK7,-0.005240332862421622,0.30737384542774915,9.721715e-05,0.22252619911995508,0.0297029702970297,5.796313315953325e-05,0.4028490765763423,0.29709772913211624,0.0594059405940594
MYLK4,-0.005253363217226354,0.3069094982774896,9.721715e-05,0.19517149596748845,0.36633663366336633,3.6168541937519156e-05,0.4027683704428997,0.27347710784795204,0.40931467448420816
IGHMBP2,-0.005254280626554777,0.3068768173176919,9.721715e-05,0.21087670824300625,0.18811881188118812,5.152094414709108e-05,0.4027683704428997,0.28693125675484976,0.26007209015832455
MS4A4A,-0.005259661700185224,0.3066851577279993,9.721715e-05,0.1992798940914816,0.10891089108910891,4.1084119522872416e-05,0.4027683704428997,0.27664955218623083,0.17097471128588526
SACM1L,-0.005280775114424203,0.30593366466662386,9.721715e-05,0.21933377790247438,0.26732673267326734,4.255365378101339e-05,0.40254429561397875,0.2938514394741526,0.33485603257611773
SMYD1,-0.005302767490834732,0.3051517543565706,9.721715e-05,0.23882897161614824,0.19801980198019803,5.3279517860035184e-05,0.40186798203235813,0.3112454017586641,0.2696592854927799
POLA2,-0.005317182522618876,0.3046397284439301,9.721715e-05,0.20176038581319855,0.19801980198019803,4.173583026597988e-05,0.4013698661975364,0.27918872575627107,0.2696592854927799
RPA1,-0.005321121340097817,0.30449988705387965,9.721715e-05,0.21526947026092952,0.26732673267326734,4.430746024232001e-05,0.4013618897898238,0.29116700215635194,0.33485603257611773
AFF3,-0.0053256605477282,0.30433876521268377,9.721715e-05,0.24967585397585046,0.25742574257425743,4.845654652080008e-05,0.4013258442365061,0.320782681767688,0.32489576260949615
GALNTL5,-0.0053258525691980375,0.30433195013475167,9.721715e-05,0.2472043694821891,0.21782178217821782,3.4489920171490803e-05,0.4013258442365061,0.3190197626454941,0.28888830527615095
CPLANE1,-0.005330658337163396,0.30416140966060196,9.721715e-05,0.16110790265951058,0.1782178217821782,4.255585783074974e-05,0.4013258442365061,0.23974390276712884,0.2498380679189414
AL035563.1,-0.005335078756817045,0.3040045815023109,9.721715e-05,0.24839591318313342,0.46534653465346537,2.9605802560780137e-05,0.4013258442365061,0.3197761635833106,0.47809575478095756
GALR3,-0.0053427197766465805,0.303733577569652,9.721715e-05,0.18813770318268264,0.38613861386138615,3.921883127413605e-05,0.4013258442365061,0.2664839988423267,0.4258881770529995
AC233280.1,-0.005368249410708464,0.3028289013448763,9.721715e-05,0.19580837541360052,0.1782178217821782,4.608006709225814e-05,0.40092087556691475,0.27360276024257174,0.2498380679189414
AL645728.1,-0.005369527854664577,0.3027836297369781,9.721715e-05,0.19008851669050592,0.16831683168316833,4.652574548180605e-05,0.40092087556691475,0.2681303894486287,0.23919966605850543
COPS7B,-0.005381314237931966,0.30236639918582114,9.721715e-05,0.20187390934793242,0.21782178217821782,5.434486452227396e-05,0.4006621897338619,0.27921702537749993,0.28888830527615095
FICD,-0.005383475420340038,0.30228992267503935,9.721715e-05,0.20939407287371165,0.26732673267326734,4.505126438544389e-05,0.4006621897338619,0.28600449635671116,0.33485603257611773
CDC42BPA,-0.005398570610117348,0.3017560001196397,9.721715e-05,0.20538539167440095,0.22772277227722773,4.0324523696137456e-05,0.40056106210571646,0.2821227907615398,0.29819655907100967
GK5,-0.005415943531413364,0.3011420386422956,9.721715e-05,0.16500239039771059,0.21782178217821782,3.5462799219183164e-05,0.40027741068980366,0.24360589133520263,0.28888830527615095
ATAD2,-0.005430013839465127,0.30064520490166524,9.721715e-05,0.16961466098571215,0.15841584158415842,4.325458757345104e-05,0.3999714477627475,0.2480955548303932,0.2284843869002285
ZNF674,-0.005448552396697927,0.29999115928754855,9.721715e-05,0.24867493353796422,0.27722772277227725,5.73431933565582e-05,0.39963298306511796,0.3197761635833106,0.343954991032602
TEX26,-0.005452857964715351,0.2998393497892504,9.721715e-05,0.24682741763880361,0.19801980198019803,6.029688143528749e-05,0.39963298306511796,0.3187611936790404,0.2696592854927799
MBTPS2,-0.005471204810799469,0.2991928508100131,9.721715e-05,0.16276828732629356,0.1782178217821782,3.806929587480888e-05,0.39910117938196504,0.24137660008842346,0.2498380679189414
NAIF1,-0.005472036169401938,0.29916357070818544,9.721715e-05,0.19544631283855496,0.19801980198019803,5.073785633301477e-05,0.39910117938196504,0.2734789825166347,0.2696592854927799
CLEC9A,-0.005486074432140131,0.29866934549222107,9.721715e-05,0.18170266205830377,0.1188118811881188,4.93465955746743e-05,0.39909943327399827,0.2592049387422308,0.18391932072464212
ZNF19,-0.005497703470597425,0.29826021977015227,9.721715e-05,0.2005415929709476,0.19801980198019803,4.1240589518627644e-05,0.39892138177015457,0.2779032791349057,0.2696592854927799
ANKEF1,-0.005499245658647649,0.29820598262331377,9.721715e-05,0.21477889575864728,0.42574257425742573,3.114691522448795e-05,0.39892138177015457,0.2906345003499963,0.4532390783436044
ZNF497,-0.005520955729794556,0.2974429392297865,9.721715e-05,0.25809565606282603,0.32673267326732675,4.769226016169824e-05,0.39853899852137536,0.32780989339054956,0.3825909523036613
AC004982.1,-0.005533930909200039,0.29698732701288144,9.721715e-05,0.2405094006471039,0.46534653465346537,5.508306069492425e-05,0.39810633647839333,0.3128916747360415,0.47809575478095756
ABCC1,-0.00553608751707207,0.2969116305411935,9.721715e-05,0.27096628840393044,0.26732673267326734,5.9364193494582854e-05,0.39810633647839333,0.3368830771702409,0.33485603257611773
EZH2,-0.005557386668532573,0.29616450952784507,9.721715e-05,0.24201497897727847,0.4752475247524752,4.942524260442346e-05,0.3978312772085051,0.3144412892732072,0.4837945620147356
DIRAS3,-0.005560240851711857,0.2960644574834892,9.721715e-05,0.21871005735611843,0.2376237623762376,3.749968249791811e-05,0.3978312772085051,0.29361787991511096,0.3068752850317317
GPSM3,-0.005568029102469132,0.2957915229785991,9.721715e-05,0.18611976656714047,0.22772277227722773,4.384963472149102e-05,0.3978312772085051,0.2643746684192336,0.29819655907100967
AP000688.2,-0.0055719728930223745,0.2956533593407431,9.721715e-05,0.1966121116707928,0.3465346534653465,5.2513608008101294e-05,0.3978312772085051,0.27447014193223745,0.396039603960396
GALK2,-0.005591077237111986,0.2949844931302297,9.721715e-05,0.2485783349594532,0.24752475247524752,6.093692810283223e-05,0.39737471009909703,0.3197761635833106,0.31625820162936225
ITGBL1,-0.005606762399899669,0.29443585832223046,9.721715e-05,0.23458848936809562,0.39603960396039606,6.17390681533081e-05,0.3968138252321165,0.307052996555099,0.43267254620582235
HIST1H3E,-0.005609470846655307,0.2943411701233262,9.721715e-05,0.19142687576529366,0.019801980198019802,4.9884447696071654e-05,0.3968138252321165,0.2694887974171192,0.041397868009797494
AC008105.3,-0.0056267794516301475,0.29373638787615786,9.721715e-05,0.1775976102327455,0.18811881188118812,4.6816959526505716e-05,0.3968138252321165,0.255046831353871,0.26007209015832455
AC078795.2,-0.005627108359015846,0.29372490104935767,9.721715e-05,0.20326337520248317,0.07920792079207921,6.185829392358419e-05,0.3968138252321165,0.2802344327240117,0.1337971635001338
APAF1,-0.005628022581742603,0.29369297364546343,9.721715e-05,0.16367795691496279,0.16831683168316833,3.978036864316469e-05,0.3968138252321165,0.24212715519964909,0.23919966605850543
BIN2,-0.005654101517962594,0.29278289606472363,9.721715e-05,0.3152329732176509,0.39603960396039606,9.80897187108515e-05,0.3961879513731037,0.3674090848698668,0.43267254620582235
CMC4,-0.005654232308849905,0.29277833515208856,9.721715e-05,0.1498235510903969,0.2871287128712871,3.529984685993133e-05,0.3961879513731037,0.22746490550161477,0.3523051691672235
AC005498.3,-0.005656822274806935,0.2926880251931794,9.721715e-05,0.21590023059968488,0.2871287128712871,4.013807990428828e-05,0.3961879513731037,0.29154687076413216,0.3523051691672235
SLC10A5,-0.005662528430812751,0.29248910194781086,9.721715e-05,0.19576671155944086,0.40594059405940597,3.1786611936988675e-05,0.3961879513731037,0.27360276024257174,0.439805627366637
STARD4-AS1,-0.005675196490079434,0.29204770340344544,9.721715e-05,0.17787076382807154,0.0891089108910891,5.670792312645519e-05,0.3961879513731037,0.25527534010490827,0.1467215876362609
BICC1,-0.005684331158065371,0.29172961284410226,9.721715e-05,0.20315341689721778,0.24752475247524752,5.0616994217467934e-05,0.3961879513731037,0.28021160951340385,0.31625820162936225
SCUBE3,-0.005688052618428335,0.2916000691716296,9.721715e-05,0.20559480110101103,0.297029702970297,5.185475048221822e-05,0.3961879513731037,0.28226590673069124,0.35974530032736823
DEPDC7,-0.005709052241750134,0.2908695774905904,9.721715e-05,0.20243914263933482,0.25742574257425743,6.113857813949501e-05,0.3957409217559053,0.2797408696075562,0.32489576260949615
AC092140.2,-0.0057291898394289005,0.29016987664349336,9.721715e-05,0.205677757371097,0.25742574257425743,4.9418046310976694e-05,0.39512266762328707,0.28226590673069124,0.32489576260949615
AC090772.3,-0.00573533269832187,0.28995659399282536,9.721715e-05,0.17859434868326868,0.0891089108910891,4.195396236016176e-05,0.39512266762328707,0.2559880774246565,0.1467215876362609
PARD6G-AS1,-0.0057572912702457705,0.2891947847876826,9.721715e-05,0.2291005096730377,0.1188118811881188,5.231748709621538e-05,0.3946173617719645,0.30308457266050226,0.18391932072464212
MSLN,-0.005792589109007291,0.2879721719795186,9.721715e-05,0.22897427549261629,0.3069306930693069,6.576120299277219e-05,0.39322554207490024,0.30308457266050226,0.36772846613734855
LINC01990,-0.00580103630509229,0.2876799483337179,9.721715e-05,0.1901256116677325,0.21782178217821782,4.4107079757925575e-05,0.39322393579259546,0.2681303894486287,0.28888830527615095
AC012507.2,-0.00580271418225912,0.2876219202701682,9.721715e-05,0.21394675764895443,0.19801980198019803,4.52784320046587e-05,0.39322393579259546,0.2899007556218895,0.2696592854927799
AP000439.3,-0.005803930267847045,0.2875798663638389,9.721715e-05,0.18706862650031303,0.009900990099009901,4.400261137833194e-05,0.39322393579259546,0.2654710877487886,0.022282798422377872
AC040169.1,-0.005806880494762329,0.28747785555504596,9.721715e-05,0.18138804248350554,0.16831683168316833,5.2233325931211605e-05,0.39322393579259546,0.2588792233351649,0.23919966605850543
AC117503.1,-0.005819200889044826,0.2870520349363084,9.721715e-05,0.19539604015562773,0.3465346534653465,6.604640065038763e-05,0.39322393579259546,0.2734789825166347,0.396039603960396
LRAT,-0.005826840375180213,0.2867881471815839,9.721715e-05,0.18863510538631173,0.31683168316831684,5.2108139267369226e-05,0.39322393579259546,0.26706244273663765,0.3756897428873322
KL,-0.005833041830749268,0.2865740173434443,9.721715e-05,0.20740082525802228,0.16831683168316833,7.362049095863382e-05,0.39322393579259546,0.2841107195315374,0.23919966605850543
TPK1,-0.005835048802623747,0.2865047349298747,9.721715e-05,0.2191038267379925,0.21782178217821782,5.5063293906052136e-05,0.39322393579259546,0.2938514394741526,0.28888830527615095
TCAF2,-0.0058362263260810805,0.2864640894961049,9.721715e-05,0.2115569221191551,0.09900990099009901,4.968201456717492e-05,0.39322393579259546,0.28752209029903686,0.15943623347842031
IL17RB,-0.00583995344525045,0.2863354558523354,9.721715e-05,0.23191144165083838,0.297029702970297,4.521590415102914e-05,0.39322393579259546,0.30541454124342193,0.35974530032736823
AL021453.1,-0.005876011443548678,0.28509240830307775,9.721715e-05,0.19765367135469758,0.31683168316831684,8.680809449347931e-05,0.3926892676350933,0.27541152534328506,0.3756897428873322
CKAP4,-0.005888159868247407,0.2846741889830934,9.721715e-05,0.19249638433918664,0.21782178217821782,5.485161572149819e-05,0.39243885472239814,0.2708673325598311,0.28888830527615095
N4BP2,-0.005898358021500358,0.28432333561281753,9.721715e-05,0.21842578703690602,0.19801980198019803,5.1852378611813414e-05,0.39217011808664487,0.29361787991511096,0.2696592854927799
XKR6,-0.005914353662670637,0.2837734443451925,9.721715e-05,0.218248965945459,0.38613861386138615,3.59429359788141e-05,0.39159168952878454,0.29361787991511096,0.4258881770529995
CDCA3,-0.0059176846433811455,0.2836589974191458,9.721715e-05,0.20055353310902363,0.36633663366336633,5.160904501503266e-05,0.39159168952878454,0.2779032791349057,0.40931467448420816
AC015967.1,-0.005919764097671898,0.28358756205878727,9.721715e-05,0.1726194588792473,0.32673267326732675,5.019049744899366e-05,0.39159168952878454,0.25038667079132965,0.3825909523036613
FASTKD2,-0.005933682543901565,0.283109644616922,9.721715e-05,0.24850746841725024,0.3069306930693069,4.991651072599925e-05,0.3914802626185664,0.3197761635833106,0.36772846613734855
ZNF503-AS2,-0.005946920770440102,0.28265544279686033,9.721715e-05,0.20782762334719262,0.1485148514851485,6.608781777253496e-05,0.3914802626185664,0.2845654358930068,0.21808348235704625
CCDC177,-0.005993425681730825,0.28106264732765995,9.721715e-05,0.19906517081961383,0.24752475247524752,5.245849918719461e-05,0.3896432264246672,0.27647940391613035,0.31625820162936225
SLC2A12,-0.005996549747332819,0.2809558035561087,9.721715e-05,0.17268334062242036,0.16831683168316833,5.6300507655596494e-05,0.3896432264246672,0.25038667079132965,0.23919966605850543
TNNI3,-0.006001243051479314,0.2807953283656368,9.721715e-05,0.20939504796007197,0.43564356435643564,4.397526275628116e-05,0.3896327405628633,0.28600449635671116,0.45937809949712016
AL592494.3,-0.006016599437574562,0.2802705671129392,9.721715e-05,0.17500550640067158,0.0891089108910891,4.532505647677064e-05,0.38926467654574887,0.2526547253137703,0.1467215876362609
ROR2,-0.006035560081782229,0.2796232965559579,9.721715e-05,0.18985438397141452,0.039603960396039604,4.275725530171526e-05,0.38872562079141504,0.2681303894486287,0.07577288341079007
NKAIN3,-0.006048514143340671,0.279181493817763,9.721715e-05,0.15760007461439146,0.06930693069306931,4.154974461352109e-05,0.38830054895539967,0.23610516743744742,0.11997737569486898
ACP7,-0.006049004720839377,0.2791647691735366,9.721715e-05,0.20206528299022564,0.297029702970297,3.894165448772305e-05,0.38830054895539967,0.27935292579293863,0.35974530032736823
ADCY7,-0.006073180535438225,0.2783411773752529,9.721715e-05,0.19854630689446806,0.22772277227722773,3.665856019870432e-05,0.38766180692932156,0.2761422905347261,0.29819655907100967
ZNF426-DT,-0.006075341639231699,0.2782676132642702,9.721715e-05,0.20945062616523147,0.2079207920792079,5.0653843090954896e-05,0.38766180692932156,0.28600449635671116,0.2795886939657659
IL1RL2,-0.006077517035738456,0.2781935722028489,9.721715e-05,0.1984228011321777,0.0297029702970297,5.4097087781630395e-05,0.38766180692932156,0.2761422905347261,0.0594059405940594
RGR,-0.006080893443082309,0.2780786729723531,9.721715e-05,0.1801777479290409,0.13861386138613863,4.19880502786057e-05,0.38766180692932156,0.2573981934091701,0.2057603088364255
ARL17B,-0.006105613605000382,0.27723815113911415,9.721715e-05,0.17043335080586325,0.2079207920792079,4.704179411871004e-05,0.387241157602752,0.24880781139542077,0.2795886939657659
HOMER2,-0.006117405148401289,0.2768376595669471,9.721715e-05,0.17964771733545493,0.16831683168316833,3.885174640873676e-05,0.38700511589041997,0.25730343232683656,0.23919966605850543
SLC52A3,-0.0061313452532747136,0.2763645594031453,9.721715e-05,0.179849784290823,0.09900990099009901,5.9451251048855434e-05,0.38652385930509836,0.25730343232683656,0.15943623347842031
TBC1D8,-0.006144284610292601,0.2759257778809335,9.721715e-05,0.16223030965596075,0.22772277227722773,4.8940894631287457e-05,0.38627033767746166,0.24093610344944666,0.29819655907100967
ZNF682,-0.006145082467106535,0.27589873327242775,9.721715e-05,0.18941780885072046,0.19801980198019803,3.656475547282521e-05,0.38627033767746166,0.2677914356984738,0.2696592854927799
ABI3,-0.006160559518942152,0.2753743720990829,9.721715e-05,0.21763256399512187,0.3564356435643564,6.98548360811176e-05,0.38585853166616,0.2931736380715607,0.4036643754975724
CLDN9,-0.006184792633092487,0.2745543425695522,9.721715e-05,0.15960453864017404,0.21782178217821782,3.912681637526613e-05,0.3848892652844189,0.23786071332365727,0.28888830527615095
RCVRN,-0.006194122177370327,0.27423895962452594,9.721715e-05,0.1903666411193437,0.019801980198019802,4.928209225624673e-05,0.3848067721578942,0.2682479677585867,0.041397868009797494
AC010531.6,-0.0062049963370717585,0.27387158727201844,9.721715e-05,0.1690871674180499,0.36633663366336633,3.661143995347104e-05,0.38447110988116767,0.24768628039753407,0.40931467448420816
PPP4R3A,-0.006235173932730014,0.2728533444245872,9.721715e-05,0.1516205068890309,0.21782178217821782,4.347422164532561e-05,0.38340048396897497,0.22949622637088432,0.28888830527615095
CCDC110,-0.006242188162764247,0.2726169417296982,9.721715e-05,0.14589423572738125,0.0891089108910891,3.0513703964441455e-05,0.38340048396897497,0.22358663620798716,0.1467215876362609
DVL2,-0.006256418803075153,0.27213763478002867,9.721715e-05,0.16923518527942266,0.15841584158415842,4.074895421058792e-05,0.3831125782919221,0.24778211607528938,0.2284843869002285
GXYLT2,-0.006260103344238792,0.2720136028264342,9.721715e-05,0.17084531483382653,0.0891089108910891,5.363771783635463e-05,0.3831125782919221,0.24913514978366888,0.1467215876362609
TAF1A,-0.006270294346419375,0.27167069168522207,9.721715e-05,0.21582309134036592,0.27722772277227725,5.188776621076321e-05,0.3829943961727755,0.29154687076413216,0.343954991032602
CCDC18,-0.006273123274771465,0.2715755408857904,9.721715e-05,0.22407874853023524,0.04950495049504951,6.210853129027747e-05,0.3829943961727755,0.298267434903199,0.09105754229622841
TTC25,-0.006275562437419117,0.27149351315294246,9.721715e-05,0.1489209507620728,0.039603960396039604,3.346642117663405e-05,0.3829943961727755,0.2268140940390434,0.07577288341079007
SOX3,-0.006277332398534941,0.2714339980367316,9.721715e-05,0.17985509919645876,0.32673267326732675,3.867540838711331e-05,0.3829943961727755,0.25730343232683656,0.3825909523036613
AC009902.3,-0.00627814998423612,0.2714065088320877,9.721715e-05,0.15184999554077105,0.2376237623762376,4.420577092923247e-05,0.3829943961727755,0.22961188841850463,0.3068752850317317
METRNL,-0.006282490776152976,0.27126058416653087,9.721715e-05,0.2059506345373785,0.2079207920792079,4.992197535641752e-05,0.3829943961727755,0.28251115848748765,0.2795886939657659
AC099778.1,-0.0062974171569449705,0.270759101760698,9.721715e-05,0.21990669888943976,0.42574257425742573,5.759880480783912e-05,0.38296902653564074,0.2939929129537965,0.4532390783436044
ALPK1,-0.006301014123718878,0.2706383235216714,9.721715e-05,0.16546244146010258,0.15841584158415842,4.807316772610086e-05,0.38296902653564074,0.24392497512545835,0.2284843869002285
CCDC69,-0.0063176194721083455,0.2700811014817427,9.721715e-05,0.13883644966658676,0.12871287128712872,4.269354547430005e-05,0.38273183960568163,0.21513912654946296,0.19492105697192638
LOX,-0.006327371437959714,0.2697541246305907,9.721715e-05,0.1764414551385421,0.12871287128712872,4.986824333633735e-05,0.38244913699989225,0.2539449823229436,0.19492105697192638
SLC38A8,-0.00632935997177432,0.269687474771881,9.721715e-05,0.14264818136174162,0.0297029702970297,4.0892917762496026e-05,0.38244913699989225,0.2199098376594167,0.0594059405940594
SEMA3D,-0.006331278746641725,0.2696231708503269,9.721715e-05,0.17155085403393622,0.009900990099009901,5.84737653837426e-05,0.38244913699989225,0.24953770662935104,0.022282798422377872
ZFAND1,-0.006343461853288915,0.2692150575858413,9.721715e-05,0.14429646747316638,0.16831683168316833,3.391153236366447e-05,0.38240775225261553,0.22154012406320325,0.23919966605850543
AC146944.4,-0.006344567689491538,0.26917802930728285,9.721715e-05,0.16986156693686266,0.22772277227722773,6.402663108760475e-05,0.38240775225261553,0.24833562417669977,0.29819655907100967
AIFM3,-0.006356067965133262,0.26879310081825847,9.721715e-05,0.2409959836662095,0.22772277227722773,5.385240130040003e-05,0.3821702855235902,0.3133887954046938,0.29819655907100967
VWA7,-0.00637386936825632,0.2681978114898349,9.721715e-05,0.16769103878513925,0.26732673267326734,5.026472113000877e-05,0.38156753232333346,0.24588128854125987,0.33485603257611773
ZBTB11-AS1,-0.006386663055627951,0.2677703931986095,9.721715e-05,0.19077492998999773,0.0594059405940594,4.1250758513809176e-05,0.38143930655072583,0.26869708449295454,0.10608203677510607
AC010884.1,-0.006386929773119654,0.2677614862126253,9.721715e-05,0.19019382291556064,0.06930693069306931,4.364156730034806e-05,0.38143930655072583,0.2681303894486287,0.11997737569486898
AC124319.3,-0.0063965209574108235,0.2674412894565201,9.721715e-05,0.1424982465795362,0.019801980198019802,4.12080779816261e-05,0.38143930655072583,0.2197916399684363,0.041397868009797494
PDGFRB,-0.006410405871460875,0.2669780911406432,9.721715e-05,0.22999675104791284,0.19801980198019803,5.7413436016090265e-05,0.38143930655072583,0.30371066205517505,0.2696592854927799
AC026367.3,-0.006421786483929384,0.2665987382779598,9.721715e-05,0.17192082589616975,0.039603960396039604,5.095578182562762e-05,0.38121840554522374,0.24988492136071186,0.07577288341079007
RBFADN,-0.006426146342459204,0.26645348224176374,9.721715e-05,0.16721152310417758,0.18811881188118812,3.838154615636853e-05,0.381192392334426,0.24541808674781446,0.26007209015832455
AL158196.1,-0.00643565735027868,0.2661367459769145,9.721715e-05,0.1712708123435691,0.06930693069306931,5.864893399945351e-05,0.38107386546510447,0.24953770662935104,0.11997737569486898
FAM83D,-0.006439708036164927,0.2660019076561301,9.721715e-05,0.15822315717644297,0.009900990099009901,5.216882723649586e-05,0.38107386546510447,0.23651608317223052,0.022282798422377872
FCER1G,-0.0064446138107576946,0.2658386516825947,9.721715e-05,0.15488438482483918,0.15841584158415842,3.7759787896992145e-05,0.38107386546510447,0.23302565419985835,0.2284843869002285
SPATA5,-0.006448538129835061,0.2657080934749432,9.721715e-05,0.15803312486912396,0.2079207920792079,4.3221402408395165e-05,0.38107386546510447,0.23645854095130767,0.2795886939657659
HCG17,-0.006474298328513651,0.264851885057524,9.721715e-05,0.16947650395246905,0.09900990099009901,3.590808072472909e-05,0.38035215661683675,0.2480143960280035,0.15943623347842031
ZC2HC1C,-0.006483273267138782,0.26455390897677966,9.721715e-05,0.15376365479541554,0.2871287128712871,4.0332062387712786e-05,0.3801061910585915,0.2319089260388932,0.3523051691672235
NPY5R,-0.0064912524470067305,0.2642891362882691,9.721715e-05,0.17395631812035361,0.039603960396039604,5.252744842222339e-05,0.37990771867024786,0.2517457570482686,0.07577288341079007
C4orf54,-0.0064951157652994446,0.2641609885056303,9.721715e-05,0.14611356863529856,0.10891089108910891,4.4044909238161515e-05,0.3799055443513379,0.22375737922710345,0.17097471128588526
RAPGEF4-AS1,-0.006497179440388397,0.264092548564897,9.721715e-05,0.19691167847850627,0.36633663366336633,4.648543073069536e-05,0.3799055443513379,0.2745051279904827,0.40931467448420816
GYPE,-0.006509546932708443,0.2636825811144069,9.721715e-05,0.15423985773409915,0.04950495049504951,4.349281765473808e-05,0.37976367899338487,0.23218422166644795,0.09105754229622841
AP001830.1,-0.006509555756413278,0.2636822887351685,9.721715e-05,0.15663675170423424,0.31683168316831684,5.7202947219835024e-05,0.37976367899338487,0.2350726638882955,0.3756897428873322
PTGDR2,-0.006517982294283612,0.26340314539433457,9.721715e-05,0.19672488900557938,0.12871287128712872,6.6720502257459e-05,0.37972582228880525,0.2744834643703442,0.19492105697192638
PELI2,-0.006519463175761345,0.26335410427777706,9.721715e-05,0.1594773455593121,0.13861386138613863,4.505443924181308e-05,0.37972582228880525,0.2377892826431095,0.2057603088364255
DLGAP1-AS3,-0.006523021354063384,0.263236290116541,9.721715e-05,0.13406082646727718,0.009900990099009901,3.583839966087683e-05,0.37972582228880525,0.2094700413551206,0.022282798422377872
ZRANB3,-0.006525197952171735,0.26316423446595794,9.721715e-05,0.15391022391447878,0.2079207920792079,5.575642245266219e-05,0.37972582228880525,0.2319089260388932,0.2795886939657659
INHBB,-0.006558395408094893,0.26206649256928427,9.721715e-05,0.15182167230187632,0.18811881188118812,3.9127956816886145e-05,0.37852646976786364,0.22961188841850463,0.26007209015832455
PTK6,-0.006559581462099825,0.2620273167320897,9.721715e-05,0.1653524009650627,0.09900990099009901,5.865644173453136e-05,0.37852646976786364,0.2438825972936028,0.15943623347842031
SOX11,-0.006561171876864914,0.2619747894097182,9.721715e-05,0.1286954429044922,0.09900990099009901,4.068604064661275e-05,0.37852646976786364,0.2029896575780634,0.15943623347842031
COL17A1,-0.006563975631185527,0.2618822017418867,9.721715e-05,0.20337886080463424,0.1782178217821782,4.822367790857304e-05,0.37852646976786364,0.2802648518208097,0.2498380679189414
VAX2,-0.006566862173060017,0.2617868977365423,9.721715e-05,0.17971595935144624,0.21782178217821782,5.527294897948438e-05,0.37852646976786364,0.25730343232683656,0.28888830527615095
AP003774.1,-0.00657979979312422,0.2613599592678776,9.721715e-05,0.14592754456507961,0.06930693069306931,4.457034414055024e-05,0.37852646976786364,0.22358663620798716,0.11997737569486898
LINC02018,-0.006581461467137895,0.26130515033737334,9.721715e-05,0.1394647472761366,0.2871287128712871,3.396385237216087e-05,0.37852646976786364,0.21588970166584615,0.3523051691672235
AC120049.1,-0.0065819581551589505,0.26128876864382916,9.721715e-05,0.16654485072068298,0.06930693069306931,5.3805067171792147e-05,0.37852646976786364,0.24479889865852472,0.11997737569486898
ALS2CL,-0.00660280891204664,0.2606015482364612,9.721715e-05,0.16098783768853603,0.18811881188118812,4.655377018701399e-05,0.3780486676544408,0.23968412559087252,0.26007209015832455
AC084809.2,-0.006633447360913644,0.2595934259102316,9.721715e-05,0.1424755671346123,0.2079207920792079,3.378131752636619e-05,0.3768330707356298,0.2197916399684363,0.2795886939657659
RNF126,-0.006650399981571141,0.2590364862774515,9.721715e-05,0.18885183239057513,0.2079207920792079,4.592260817379125e-05,0.3763241931391547,0.2672431590432667,0.2795886939657659
AC007292.1,-0.006650818088484333,0.25902275814174536,9.721715e-05,0.1757208968272631,0.297029702970297,5.145335407714181e-05,0.3763241931391547,0.2533218118605427,0.35974530032736823
TRIM67,-0.006651447087473512,0.2590021062777175,9.721715e-05,0.1509320378003462,0.297029702970297,3.845601386513694e-05,0.3763241931391547,0.2288004615467603,0.35974530032736823
KLLN,-0.006680190739731154,0.2580592781126906,9.721715e-05,0.15822925964222223,0.25742574257425743,3.897294494282843e-05,0.37581448268838435,0.23651608317223052,0.32489576260949615
YBX2,-0.006694022589497861,0.25760621111589205,9.721715e-05,0.14884959930760655,0.16831683168316833,4.3211890484760064e-05,0.3753368787506926,0.2268140940390434,0.23919966605850543
AC010864.1,-0.006723114068928511,0.2566546594376484,9.721715e-05,0.1430753414666846,0.009900990099009901,4.591059772145623e-05,0.3741321566146478,0.2203419016427381,0.022282798422377872
MLXIP,-0.0067357351991888395,0.25624240554749406,9.721715e-05,0.1708109292193863,0.1782178217821782,5.290999571826418e-05,0.37371279370076915,0.24913514978366888,0.2498380679189414
ACTR3C,-0.006763256284999674,0.255344661278347,9.721715e-05,0.18997668182127136,0.19801980198019803,5.4361092473233996e-05,0.37276592887349924,0.2681303894486287,0.2696592854927799
DUSP27,-0.00679538490605164,0.25429870173736047,9.721715e-05,0.17466233799517428,0.10891089108910891,2.857860304910795e-05,0.3719629962028676,0.25252386216169775,0.17097471128588526
LINC00526,-0.006801659986117172,0.2540946766128267,9.721715e-05,0.1715987629254504,0.18811881188118812,5.083846683836896e-05,0.3718458682138927,0.24953770662935104,0.26007209015832455
WNT16,-0.006824543848975647,0.25335136915017265,9.721715e-05,0.1572535870209918,0.009900990099009901,6.339662697523261e-05,0.3711201696535732,0.23576249928184675,0.022282798422377872
RND3,-0.006835853374673339,0.25298443866192266,9.721715e-05,0.17344979627419904,0.16831683168316833,5.4319880103074904e-05,0.37094492472422674,0.2511338749143809,0.23919966605850543
ZNF350-AS1,-0.006836292061573502,0.2529702113757887,9.721715e-05,0.15585717254280562,0.18811881188118812,3.62698258460738e-05,0.37094492472422674,0.23413696426059935,0.26007209015832455
CCNE1,-0.006848475168659651,0.2525752628809945,9.721715e-05,0.16572918503913353,0.18811881188118812,6.193023775774569e-05,0.37094492472422674,0.24419820978261328,0.26007209015832455
RBKS,-0.006861720100649008,0.2521462612717557,9.721715e-05,0.17669324760805055,0.16831683168316833,4.19603022989429e-05,0.37062164812115,0.25411301190036034,0.23919966605850543
GOLT1A,-0.006863744771143119,0.25208071634241225,9.721715e-05,0.1605026289559136,0.22772277227722773,4.739432380928669e-05,0.37062164812115,0.23908038076849097,0.29819655907100967
PROSER2,-0.006870790021379015,0.25185270958692574,9.721715e-05,0.17407731884779032,0.019801980198019802,5.0049623421916034e-05,0.37055327550798295,0.2517994004548558,0.041397868009797494
BMP8A,-0.006872561054948899,0.2517954104231619,9.721715e-05,0.14093376818529735,0.06930693069306931,4.429286274643995e-05,0.37055327550798295,0.21771436897831722,0.11997737569486898
FAM114A2,-0.006897709314360192,0.2509825191212245,9.721715e-05,0.16879039168261634,0.19801980198019803,4.9807934591572514e-05,0.3698886768443058,0.24737233759054666,0.2696592854927799
SYNPO2,-0.006950812982592848,0.2492705711848759,9.721715e-05,0.16299946974105084,0.15841584158415842,4.773413453437867e-05,0.3680175755682223,0.24160000455689354,0.2284843869002285
ANKRD34C,-0.006956174147729782,0.24909808447675857,9.721715e-05,0.1749669942295891,0.22772277227722773,5.207282184787917e-05,0.36794399479580286,0.2526547253137703,0.29819655907100967
MPO,-0.0069752149877166355,0.24848599018977885,9.721715e-05,0.14912694686676142,0.019801980198019802,4.084720635930488e-05,0.3674693055601079,0.22689300873756613,0.041397868009797494
ZNF283,-0.006995327735088246,0.2478403093908505,9.721715e-05,0.15862576963164676,0.18811881188118812,3.884727729862545e-05,0.3668085486791078,0.2366932513175601,0.26007209015832455
SYNDIG1L,-0.0069986191109934455,0.2477347314834243,9.721715e-05,0.13623645395673045,0.26732673267326734,4.8337385156362575e-05,0.3668085486791078,0.2117665087410318,0.33485603257611773
PVT1,-0.006999908720752734,0.2476933710470341,9.721715e-05,0.15076987353217647,0.2079207920792079,3.904007434776716e-05,0.3668085486791078,0.22868001125053447,0.2795886939657659
ARHGAP24,-0.007011209783994152,0.24733108052069575,9.721715e-05,0.19312063060897944,0.2376237623762376,4.53249093224995e-05,0.36659745136466765,0.2714910458420517,0.3068752850317317
CLP1,-0.007022355158622018,0.24697405870758804,9.721715e-05,0.1477407499378951,0.15841584158415842,5.054611114444056e-05,0.36624922200828675,0.22555839685174822,0.2284843869002285
AC106047.1,-0.00705291598240892,0.24599651472784012,9.721715e-05,0.16405295055810187,0.06930693069306931,4.674367521635203e-05,0.36534135850669325,0.2425622728803872,0.11997737569486898
CDC42EP5,-0.007056291564588654,0.24588866799936143,9.721715e-05,0.14423837751135082,0.13861386138613863,3.889083926546383e-05,0.36534135850669325,0.22154012406320325,0.2057603088364255
AC005899.6,-0.007066784009550026,0.24555360617161565,9.721715e-05,0.15288845379108168,0.3069306930693069,5.2200985283617635e-05,0.36512655668630656,0.23094932596840131,0.36772846613734855
ANGPT1,-0.007086115932042387,0.24493691055000366,9.721715e-05,0.14461221987866985,0.13861386138613863,5.3513313527072964e-05,0.3648514059831236,0.22191133485217882,0.2057603088364255
TFAP4,-0.0070909141633416035,0.24478397435729737,9.721715e-05,0.15159053989757687,0.15841584158415842,3.51271929440624e-05,0.3648047307858381,0.22949622637088432,0.2284843869002285
LCOR,-0.007097403603019465,0.2445772153176909,9.721715e-05,0.14932506310237353,0.15841584158415842,4.718092081603578e-05,0.3646777564379089,0.22693778586986857,0.2284843869002285
EPHA2,-0.007112925075773935,0.2440830698445266,9.721715e-05,0.1674074887894243,0.04950495049504951,5.65086442826314e-05,0.36412193412907995,0.24558555812629482,0.09105754229622841
MDFIC,-0.0071312024093535395,0.24350187914142968,9.721715e-05,0.11758382111615306,0.12871287128712872,4.113178783519778e-05,0.36379762819934713,0.18853632461168315,0.19492105697192638
AC093627.4,-0.0071531694373897165,0.24280435223281122,9.721715e-05,0.18229029996344087,0.1782178217821782,4.1276404632518934e-05,0.36311717681876055,0.2597961519668991,0.2498380679189414
AC073195.1,-0.007159816350330416,0.24259350373443106,9.721715e-05,0.14030555085802415,0.18811881188118812,4.522871192863803e-05,0.36298279860513377,0.21696734668766623,0.26007209015832455
CA8,-0.007181870885455113,0.2418946167637419,9.721715e-05,0.15585017377008858,0.2079207920792079,5.098025652078925e-05,0.36266059484818874,0.23413696426059935,0.2795886939657659
EFCAB5,-0.007201581835263062,0.2412709213097637,9.721715e-05,0.15316404427386576,0.25742574257425743,3.559653728971677e-05,0.36263164525515584,0.23115974737999215,0.32489576260949615
CYP2E1,-0.00721794967261639,0.2407536737627981,9.721715e-05,0.12738314880940743,0.16831683168316833,4.164644520801762e-05,0.3620355996433054,0.20134322783362607,0.23919966605850543
CASP10,-0.0072689595358441,0.2391455654287073,9.721715e-05,0.12886891952711554,0.0297029702970297,4.9273829990507564e-05,0.36006715475426376,0.20306529294186704,0.0594059405940594
SLC22A3,-0.007348488734223372,0.23665012692280923,9.721715e-05,0.13437790289301055,0.019801980198019802,5.5183483659993996e-05,0.35720598350874916,0.20963791402965765,0.041397868009797494
SLC6A13,-0.0073587745373460784,0.2363284321264818,9.721715e-05,0.17649176271444578,0.15841584158415842,5.962011561699681e-05,0.3569915893149272,0.2539449823229436,0.2284843869002285
TDO2,-0.007361287327051423,0.23624987969901468,9.721715e-05,0.16585116159680857,0.18811881188118812,3.998203352972033e-05,0.3569915893149272,0.24425796995111718,0.26007209015832455
RNF139-AS1,-0.00736312972091741,0.23619229368220446,9.721715e-05,0.11488846717566814,0.19801980198019803,3.36429738273786e-05,0.3569915893149272,0.18510494174382622,0.2696592854927799
GJB2,-0.007408076182285157,0.23478984080980375,9.721715e-05,0.13457120628494268,0.07920792079207921,4.7090680954435144e-05,0.3552039951736819,0.2098303632301601,0.1337971635001338
PGGHG,-0.007412201544707277,0.2346613492395298,9.721715e-05,0.17536273788748052,0.1782178217821782,5.679568911195381e-05,0.3552039951736819,0.25304868382031825,0.2498380679189414
C1QL1,-0.007412690148943164,0.23464613338876095,9.721715e-05,0.17235165705783978,0.16831683168316833,5.266642762133376e-05,0.3552039951736819,0.25038667079132965,0.23919966605850543
ZCCHC18,-0.007420767534400033,0.2343946708681922,9.721715e-05,0.16632025551558222,0.16831683168316833,6.284446679341158e-05,0.3552039951736819,0.24470856623185222,0.23919966605850543
INHA,-0.0075678052951890454,0.2298432960133444,9.721715e-05,0.1434427549188928,0.13861386138613863,3.7521072643048276e-05,0.34976106687581265,0.22056804959337695,0.2057603088364255
SLC35D1,-0.007615508861021627,0.2283773903211866,9.721715e-05,0.0920923685757713,0.0891089108910891,4.848230381405195e-05,0.34849042266712094,0.15553455290937154,0.1467215876362609
NXN,-0.0076236748833503265,0.22812698043049362,9.721715e-05,0.12160509845925149,0.10891089108910891,4.4078114808890585e-05,0.34828546630609714,0.1937415270195191,0.17097471128588526
DRAIC,-0.007645770117183237,0.22745020790429865,9.721715e-05,0.12396660607358556,0.0297029702970297,4.529525627713761e-05,0.3474290344770346,0.19698083592201096,0.0594059405940594
PIBF1,-0.007664052108659271,0.22689109023664267,9.721715e-05,0.20469600226627394,0.18811881188118812,5.7384630180665495e-05,0.34710518649154926,0.28130462977499854,0.26007209015832455
LAMA1,-0.007664632500485125,0.226873352834225,9.721715e-05,0.18590683410791053,0.12871287128712872,5.8362253772280555e-05,0.34710518649154926,0.2641973009586602,0.19492105697192638
FOLR2,-0.007678540041927163,0.22644855731478392,9.721715e-05,0.1265451760921275,0.1188118811881188,4.2127631850194086e-05,0.3469589744353176,0.2003353711221016,0.18391932072464212
AC019131.2,-0.007715360071243538,0.22532608821029448,9.721715e-05,0.1497055647181627,0.12871287128712872,5.374575879543033e-05,0.3461230233645076,0.2274008577997408,0.19492105697192638
TGFB2,-0.007729877485642824,0.22488438819675627,9.721715e-05,0.1473585895357879,0.1782178217821782,5.383006799649505e-05,0.3459129468570089,0.225318944244324,0.2498380679189414
INTS3,-0.007742385800342691,0.22450421007318616,9.721715e-05,0.12323781488248975,0.15841584158415842,4.080067857738166e-05,0.3455683069366642,0.1959265737400473,0.2284843869002285
AL050341.2,-0.007751878025333319,0.22421594662947425,9.721715e-05,0.09373703030277114,0.10891089108910891,4.373096874157472e-05,0.3454052141182765,0.1577179421807703,0.17097471128588526
TOPBP1,-0.007774672806087378,0.22352456524627334,9.721715e-05,0.17254503091051854,0.15841584158415842,7.426982932688832e-05,0.3451228490678436,0.25038667079132965,0.2284843869002285
KATNA1,-0.0078098786680229895,0.22245913371005316,9.721715e-05,0.09401322008590768,0.04950495049504951,4.5977864008815364e-05,0.34400754009486856,0.15800541190908854,0.09105754229622841
AC073641.1,-0.007814502754487493,0.22231941093871954,9.721715e-05,0.13517442368431543,0.15841584158415842,4.0702565439043146e-05,0.34400754009486856,0.21055206181357541,0.2284843869002285
NUP205,-0.00783839105901577,0.2215983927218072,9.721715e-05,0.10678611337654398,0.0891089108910891,4.900088059117814e-05,0.3432086619336198,0.17420246880349752,0.1467215876362609
CXorf36,-0.007850756075026317,0.22122570625131205,9.721715e-05,0.1046757153815332,0.10891089108910891,4.193929014681568e-05,0.3429855910873055,0.17150581438809373,0.17097471128588526
LRIF1,-0.007856999894916006,0.22103765137025605,9.721715e-05,0.14367230727296754,0.15841584158415842,4.174046243592282e-05,0.34287122756503,0.2208078492924706,0.2284843869002285
CREB1,-0.007859623008568012,0.22095867425590343,9.721715e-05,0.12762744205775145,0.12871287128712872,4.599101155895497e-05,0.34287122756503,0.20155085192452063,0.19492105697192638
TMEM52B,-0.007863506360775652,0.22084178334506255,9.721715e-05,0.10495227686081604,0.06930693069306931,4.798665755532114e-05,0.34287122756503,0.17177568320505848,0.11997737569486898
SLC25A33,-0.007910530107369827,0.2194291571918483,9.721715e-05,0.09774893174751931,0.0891089108910891,4.8312575671962886e-05,0.34090495679727856,0.16288749950706105,0.1467215876362609
FANCF,-0.007911762115299516,0.21939221673883041,9.721715e-05,0.1510086847052734,0.18811881188118812,5.404501355879631e-05,0.34090495679727856,0.2288010374322324,0.26007209015832455
SFRP1,-0.007927369939173529,0.21892454215122087,9.721715e-05,0.11880095868837892,0.10891089108910891,4.8277011563086364e-05,0.3405929835319474,0.19018296481597477,0.17097471128588526
L3MBTL4,-0.007945184155883408,0.2183914564425672,9.721715e-05,0.0850406522030453,0.0891089108910891,3.7692094943100905e-05,0.34047184468123465,0.14561755514220087,0.1467215876362609
SWSAP1,-0.007966236440919476,0.21776243733664252,9.721715e-05,0.08440636014119929,0.0297029702970297,4.465918023649677e-05,0.3397229911648089,0.14469661738491305,0.0594059405940594
PATZ1,-0.007967960961140157,0.21771095692458542,9.721715e-05,0.12520072882606398,0.13861386138613863,4.507050922527329e-05,0.3397229911648089,0.19862622235758431,0.2057603088364255
AL359715.3,-0.007976406767084882,0.21745893397919064,9.721715e-05,0.1485585219360251,0.1782178217821782,5.5887809175256804e-05,0.3397229911648089,0.22669153906819697,0.2498380679189414
VHL,-0.007986365874139152,0.21716197061228487,9.721715e-05,0.11611571680678273,0.1188118811881188,4.4772866499959306e-05,0.33949239803900705,0.18658122679183087,0.18391932072464212
ENOX2,-0.008023159605011349,0.2160668788362145,9.721715e-05,0.10204597191615083,0.09900990099009901,4.664375007653118e-05,0.3379565362401687,0.16839269293094197,0.15943623347842031
CCDC74B,-0.008037380114298552,0.21564449236126787,9.721715e-05,0.13717726989679047,0.0891089108910891,5.21320362607716e-05,0.3374718190317181,0.2130081830695504,0.1467215876362609
MYOZ3,-0.008044485483152106,0.21543362374191488,9.721715e-05,0.11571812279866311,0.0891089108910891,4.458401773986998e-05,0.3373177824769022,0.18604199806859023,0.1467215876362609
RUFY1,-0.00811256936733363,0.21341914637971443,9.721715e-05,0.11658005522803855,0.13861386138613863,5.63676473909047e-05,0.3348626773740289,0.18712689442702818,0.2057603088364255
LENG9,-0.008115289688464892,0.21333888584056226,9.721715e-05,0.14771581149693913,0.13861386138613863,6.42004674799975e-05,0.3348626773740289,0.22555839685174822,0.2057603088364255
CEPT1,-0.008137739527276354,0.21267719643352911,9.721715e-05,0.15237357822261843,0.09900990099009901,5.316685545102536e-05,0.3343981075998885,0.23028752376214373,0.15943623347842031
GPN3,-0.008195484716223524,0.21098072298138382,9.721715e-05,0.1272425076653888,0.1188118811881188,4.2770029513912316e-05,0.3324276097395753,0.20122694939175878,0.18391932072464212
ERN1,-0.008211923159157494,0.21049923893564976,9.721715e-05,0.09909969937749802,0.09900990099009901,5.667446348711692e-05,0.3321838431986046,0.16425364537706852,0.15943623347842031
AC018557.1,-0.008246407869105687,0.2094912755195394,9.721715e-05,0.10960137767441536,0.09900990099009901,4.357311508353841e-05,0.33112425003088414,0.17802064592487604,0.15943623347842031
AL136295.6,-0.008258311639925945,0.20914399714922965,9.721715e-05,0.10369944404632514,0.09900990099009901,4.1785436215449525e-05,0.3307496001305688,0.17030713550542972,0.15943623347842031
AL845472.1,-0.008278128074232515,0.20856662862669217,9.721715e-05,0.11161615009414927,0.07920792079207921,5.398076524074247e-05,0.3300670272264352,0.18097955349189557,0.1337971635001338
AL021368.3,-0.00828897627147656,0.2082509556805427,9.721715e-05,0.1550162364113195,0.1782178217821782,5.8910042786543585e-05,0.3298589583113137,0.23310712242303683,0.2498380679189414
ZNF223,-0.008345001288065867,0.20662517006955788,9.721715e-05,0.09593369765765025,0.07920792079207921,4.152280488109304e-05,0.327672896341367,0.16069296090058668,0.1337971635001338
ZNF611,-0.008486938157712778,0.20254010580363602,9.721715e-05,0.12887877258710495,0.18811881188118812,5.226356561113809e-05,0.32285882965510526,0.20306529294186704,0.26007209015832455
TVP23B,-0.008499258838371859,0.2021877980344744,9.721715e-05,0.1093978569483024,0.1188118811881188,4.616899375646695e-05,0.32246857740745516,0.17778633306874714,0.18391932072464212
C1QTNF2,-0.008525610982042414,0.20143549475143452,9.721715e-05,0.08648807726563895,0.10891089108910891,3.9500937519775196e-05,0.3216106887995229,0.14759057553863303,0.17097471128588526
ADAM12,-0.008528492680273244,0.2013533296557551,9.721715e-05,0.08807978089769536,0.0594059405940594,3.869976264221444e-05,0.3216106887995229,0.14988051202103578,0.10608203677510607
L3MBTL3,-0.008533039728041727,0.20122372175700382,9.721715e-05,0.12273041330731088,0.13861386138613863,5.561311386652428e-05,0.3216106887995229,0.1954305944383931,0.2057603088364255
IRF2,-0.008546815280958762,0.20083137231940307,9.721715e-05,0.09147221793516985,0.10891089108910891,4.7478192355496e-05,0.32150166326478613,0.1548626714478045,0.17097471128588526
LIN9,-0.008551466563195945,0.2006990002226569,9.721715e-05,0.14234409365502704,0.22772277227722773,5.666188887120651e-05,0.3214612924014793,0.21977986668300625,0.29819655907100967
TUT1,-0.008565394091270483,0.2003029462730299,9.721715e-05,0.09720547097388921,0.10891089108910891,4.75408240172734e-05,0.32099831133498385,0.162279584263588,0.17097471128588526
HSPBAP1,-0.008684920765860112,0.19692334008557105,9.721715e-05,0.08557063740014847,0.07920792079207921,4.7972799978798104e-05,0.31591979692872363,0.14644147872244462,0.1337971635001338
DAAM1,-0.00868675850954908,0.19687164897150988,9.721715e-05,0.13285148253710294,0.15841584158415842,6.191651324403052e-05,0.31591979692872363,0.2077968965648117,0.2284843869002285
SECISBP2,-0.008716800044618177,0.1960278213231046,9.721715e-05,0.10012969650028908,0.12871287128712872,4.038953225283545e-05,0.31481984152532855,0.16559486742054422,0.19492105697192638
PRPH2,-0.00876051490193471,0.19480385406262762,9.721715e-05,0.11064659749897854,0.0891089108910891,4.368519140114588e-05,0.3135255161952162,0.17962109983600413,0.1467215876362609
AL445483.1,-0.008774066607979547,0.19442536728589588,9.721715e-05,0.12465562071530967,0.09900990099009901,6.678709431403627e-05,0.31342079626957964,0.19797081108836898,0.15943623347842031
AC005076.1,-0.008824961043097936,0.19300793425693996,9.721715e-05,0.15318185926380812,0.15841584158415842,5.061553091887488e-05,0.3118060327252665,0.23115974737999215,0.2284843869002285
SMC3,-0.008835947969040145,0.1927027735939147,9.721715e-05,0.05404756853916598,0.07920792079207921,3.766419339194583e-05,0.31148077628326726,0.09850711155376546,0.1337971635001338
FBXL8,-0.00886628937644527,0.19186157687938,9.721715e-05,0.07936565395088557,0.06930693069306931,5.02438700038189e-05,0.3108993541109061,0.13740298986187727,0.11997737569486898
KCNJ16,-0.008881511568684384,0.1914403991567516,9.721715e-05,0.08033340945951734,0.0891089108910891,5.775708805743543e-05,0.3106117887886722,0.1385846823036705,0.1467215876362609
MAGEE2,-0.008900320555383633,0.19092076281202985,9.721715e-05,0.1314119099664538,0.12871287128712872,4.733534650254317e-05,0.31010410851981024,0.20597478051168308,0.19492105697192638
CARD16,-0.00891956215050035,0.19039007105268652,9.721715e-05,0.0988226765756261,0.0891089108910891,4.375763706095518e-05,0.3094096495980821,0.16407557916247692,0.1467215876362609
STAM2,-0.008959693220040204,0.1892861571138117,9.721715e-05,0.11979837655646758,0.12871287128712872,5.318376330385209e-05,0.30828364350783666,0.19137120855665748,0.19492105697192638
CD58,-0.009003033736939588,0.18809839432918957,9.721715e-05,0.07225696396112431,0.04950495049504951,3.8171262732141216e-05,0.30701587757756726,0.1268407793349169,0.09105754229622841
BYSL,-0.009013242512475636,0.1878192899032322,9.721715e-05,0.09704326060040258,0.10891089108910891,4.479639138322693e-05,0.3067272018016857,0.16218929348256697,0.17097471128588526
ANKRD30BL,-0.009056018638224934,0.1866525886780348,9.721715e-05,0.09492078327687997,0.09900990099009901,3.578412221302811e-05,0.3053204831156513,0.15935218233387796,0.15943623347842031
ZNF407,-0.009098236713197412,0.18550551806747917,9.721715e-05,0.09396120305631889,0.10891089108910891,5.117749163559431e-05,0.30394131851580425,0.15800541190908854,0.17097471128588526
SLC35F2,-0.009185654953886825,0.1831442991109019,9.721715e-05,0.07272161177519441,0.039603960396039604,4.075265527759981e-05,0.30105912182614014,0.12750720942465413,0.07577288341079007
AC026691.1,-0.009186901926005636,0.18311075383889575,9.721715e-05,0.12929091958641936,0.1188118811881188,7.454104248423464e-05,0.30105912182614014,0.20339421015168224,0.18391932072464212
PLCB2,-0.009198582335428624,0.18279672082324433,9.721715e-05,0.11901097340668182,0.1188118811881188,5.6425986498358245e-05,0.30105912182614014,0.19041755745069092,0.18391932072464212
AC005332.4,-0.009264899700453582,0.18102012833953113,9.721715e-05,0.08446973904529637,0.10891089108910891,4.6577060826061654e-05,0.2987130830685332,0.14472256832432273,0.17097471128588526
IL12RB1,-0.009274288172988114,0.18076949529291886,9.721715e-05,0.09277754861211013,0.009900990099009901,3.626986139595092e-05,0.29846366861791773,0.15636665496423055,0.022282798422377872
TGIF1,-0.009322706266702818,0.17948039076047606,9.721715e-05,0.11309132123541771,0.13861386138613863,5.292017044153507e-05,0.29698906358600563,0.18250347698023298,0.2057603088364255
FAM78A,-0.009341698790609664,0.17897630735598535,9.721715e-05,0.07937312714354444,0.06930693069306931,5.197176100539055e-05,0.29648201108114636,0.13740298986187727,0.11997737569486898
SMPD2,-0.009452671972557473,0.1760487895468233,9.721715e-05,0.0816505376051393,0.04950495049504951,4.76970958677214e-05,0.2927640624392848,0.1405344881327699,0.09105754229622841
PEX11A,-0.009456860525805822,0.17593889081052722,9.721715e-05,0.16329494703253128,0.15841584158415842,5.6544679810661126e-05,0.29274357871967926,0.24179903311825954,0.2284843869002285
HYAL2,-0.00952014524389404,0.17428372387051455,9.721715e-05,0.06674381688746688,0.07920792079207921,4.0711621478586696e-05,0.29063433663787863,0.1183534991578899,0.1337971635001338
GATA2,-0.00952810891196736,0.17407614289729179,9.721715e-05,0.07334505241427058,0.0594059405940594,5.314853700970305e-05,0.2906112569236925,0.12845017935949316,0.10608203677510607
RSPH14,-0.009535622899957828,0.17388042745324656,9.721715e-05,0.10439850936616762,0.0891089108910891,4.263784757367792e-05,0.2904461483072047,0.17119661395398936,0.1467215876362609
KLF5,-0.009550793606563723,0.17348570555419635,9.721715e-05,0.09550946301095403,0.0891089108910891,5.1572585876029454e-05,0.28994825440812755,0.16016120124810623,0.1467215876362609
ZHX1,-0.009562695805070224,0.17317642550526857,9.721715e-05,0.07482068373095484,0.10891089108910891,5.180608167230925e-05,0.28959268479141903,0.13042536385407583,0.17097471128588526
GCLM,-0.009565986292480061,0.17309098379300092,9.721715e-05,0.07599394960812833,0.04950495049504951,3.818653104676737e-05,0.28959268479141903,0.13201033516177474,0.09105754229622841
UBN2,-0.009577555243353504,0.17279079440528078,9.721715e-05,0.07155562346266492,0.0594059405940594,4.593812707079244e-05,0.28927030313384056,0.12583052191558897,0.10608203677510607
DNAJC3-DT,-0.009685286962791176,0.1700113359687112,9.721715e-05,0.10267167756290252,0.10891089108910891,6.007562749026586e-05,0.2865952373891788,0.16912958898673458,0.17097471128588526
SLC6A12,-0.00969147362378048,0.16985259616813447,9.721715e-05,0.09220924111072787,0.07920792079207921,4.571972344923109e-05,0.2865904322296982,0.15558364641855096,0.1337971635001338
SLC22A18AS,-0.009698970993695677,0.16966035309059224,9.721715e-05,0.06000249556828967,0.019801980198019802,4.164706177497778e-05,0.2864271577218777,0.10798289544383265,0.041397868009797494
WDR31,-0.009735079153195445,0.16873644494579598,9.721715e-05,0.09806728777357865,0.06930693069306931,5.46257118211891e-05,0.2850277786246554,0.16326407509474802,0.11997737569486898
AL445524.1,-0.009784430917305876,0.16747890956359007,9.721715e-05,0.07511390790178261,0.0297029702970297,4.340091456105185e-05,0.2833822496845856,0.13083363984968577,0.0594059405940594
SMCO4,-0.009788936309639182,0.16736440892519033,9.721715e-05,0.10258294176107496,0.0594059405940594,4.959876145426154e-05,0.28334832210811006,0.16909276114462907,0.10608203677510607
ETV6,-0.00979134355496568,0.1673032515555941,9.721715e-05,0.0714623935907507,0.0891089108910891,4.568396537274031e-05,0.28334832210811006,0.12574028197786047,0.1467215876362609
FBLIM1,-0.00980734890580134,0.16689699326468277,9.721715e-05,0.058795081872425554,0.039603960396039604,5.163708326756573e-05,0.2828762597706488,0.1062561720586004,0.07577288341079007
KCNK10,-0.00981290086843397,0.16675621848937805,9.721715e-05,0.09534598274463013,0.06930693069306931,5.033055984313009e-05,0.28279743101646926,0.15997648111515123,0.11997737569486898
HEPH,-0.00982700770923979,0.1663988721926551,9.721715e-05,0.09296944709237087,0.0891089108910891,5.5182781772318107e-05,0.28279743101646926,0.15656685752611704,0.1467215876362609
BEND7,-0.009868974170061162,0.16533872793930465,9.721715e-05,0.06635107271221853,0.10891089108910891,4.074434410473675e-05,0.2813478070436268,0.11778296931163053,0.17097471128588526
VLDLR-AS1,-0.009934906602494515,0.16368200946699146,9.721715e-05,0.10371403066495505,0.0594059405940594,5.0279326468850845e-05,0.27916204002329414,0.17030713550542972,0.10608203677510607
SFRP4,-0.00996447685200074,0.1629424952297785,9.721715e-05,0.05082978009952299,0.019801980198019802,4.2916701856947764e-05,0.2780588655798268,0.0935789611903131,0.041397868009797494
SLC19A2,-0.010023652491919107,0.16146912163529653,9.721715e-05,0.08125829889332703,0.07920792079207921,4.8898770036963276e-05,0.2764882219782475,0.13993966514350234,0.1337971635001338
IMPDH1,-0.010063402931484222,0.16048429576143175,9.721715e-05,0.05764403041367977,0.07920792079207921,4.541559931612815e-05,0.2751174381282799,0.10436456924625184,0.1337971635001338
APBB1IP,-0.010085191735255765,0.1599461419364263,9.721715e-05,0.05888377961528502,0.04950495049504951,3.723964181862408e-05,0.27482154971894557,0.1062884108579152,0.09105754229622841
ITPKC,-0.010088109809536987,0.1598741591894985,9.721715e-05,0.07540044259767964,0.06930693069306931,5.0926414422221746e-05,0.27482154971894557,0.13113120451770374,0.11997737569486898
SIRT1,-0.010089318393605225,0.15984435217246984,9.721715e-05,0.06920892487131548,0.04950495049504951,3.9045751334648525e-05,0.27482154971894557,0.12220528229190492,0.09105754229622841
HELQ,-0.010149728763888744,0.15835909825261862,9.721715e-05,0.07117381219151675,0.0594059405940594,4.390773136355984e-05,0.2728761026753911,0.1253795869492368,0.10608203677510607
NPY2R,-0.010166949893460352,0.15793736201303388,9.721715e-05,0.09636483698436826,0.0891089108910891,6.300121931742754e-05,0.2724623841512948,0.16132506191579507,0.1467215876362609
WNT6,-0.010179227655007438,0.1576371369332964,9.721715e-05,0.039711426226996874,0.019801980198019802,3.0248252092566303e-05,0.2721009268123643,0.07564081186094643,0.041397868009797494
TMEM184C,-0.010195903047597163,0.1572299784971583,9.721715e-05,0.07217392827017079,0.0891089108910891,4.9134007978522134e-05,0.27188279411940547,0.12676919485392996,0.1467215876362609
OLFML2A,-0.010222373835521752,0.15658506989730409,9.721715e-05,0.05885707125541544,0.019801980198019802,4.048936107424764e-05,0.27115106148340196,0.1062884108579152,0.041397868009797494
ORC2,-0.010311582925043757,0.15442450734161578,9.721715e-05,0.07001545863803356,0.04950495049504951,5.221772064774729e-05,0.2680981030236385,0.12341150171216256,0.09105754229622841
MIR222HG,-0.01033535337604125,0.15385215010751657,9.721715e-05,0.07468226005715194,0.06930693069306931,4.939939594107934e-05,0.2675357881265942,0.1302597559136371,0.11997737569486898
LST1,-0.010348330938617494,0.153540262898412,9.721715e-05,0.06485458775405689,0.0891089108910891,4.7230235856737054e-05,0.2671814319577935,0.11580092639028812,0.1467215876362609
KDR,-0.010417142232725475,0.1518935347822017,9.721715e-05,0.06508638805440484,0.039603960396039604,4.048210051402764e-05,0.26477664401313483,0.11606911430240639,0.07577288341079007
ZNF613,-0.010435886132797279,0.1514470140503077,9.721715e-05,0.035132370858606064,0.009900990099009901,3.9237528179337714e-05,0.26430543464277084,0.06777949361788951,0.022282798422377872
ADPRM,-0.01053770752797867,0.14903666637412416,9.721715e-05,0.06511477312365,0.0297029702970297,4.553081839151156e-05,0.26040186320464326,0.11606911430240639,0.0594059405940594
MAFG-DT,-0.010544509263913492,0.14887657175517327,9.721715e-05,0.0653872435812609,0.009900990099009901,4.128241168758822e-05,0.26040186320464326,0.11647293690227019,0.022282798422377872
GALNTL6,-0.010564514259950145,0.14840637404378165,9.721715e-05,0.06543261665120502,0.07920792079207921,5.0970051287151096e-05,0.26003976123661543,0.11647293690227019,0.1337971635001338
ASH1L-AS1,-0.010573067713951294,0.14820563698256622,9.721715e-05,0.05067517582479117,0.0594059405940594,4.219840180297524e-05,0.26000988944309866,0.09338177363290756,0.10608203677510607
PYM1,-0.010605000064259,0.14745783708044985,9.721715e-05,0.06585484772712813,0.06930693069306931,5.438115805769704e-05,0.2590008848017269,0.11710998410277676,0.11997737569486898
ZNF790,-0.010631766372624448,0.1468329678397594,9.721715e-05,0.06129514074777054,0.0891089108910891,4.1907536454814724e-05,0.2580544250259392,0.1100451359924067,0.1467215876362609
ARSG,-0.010762985798273441,0.14379532846270493,9.721715e-05,0.059216585521618015,0.04950495049504951,4.2792786841072664e-05,0.2545966565729541,0.10669655048940183,0.09105754229622841
NSUN4,-0.010775352552390307,0.1435112487854328,9.721715e-05,0.07727519076923992,0.07920792079207921,5.795134601270035e-05,0.2544525687684979,0.13400322098712125,0.1337971635001338
ERICH2,-0.010810345242343904,0.14270947707711756,9.721715e-05,0.0515703150360888,0.04950495049504951,4.095197758869675e-05,0.25390205102280644,0.09474032156048157,0.09105754229622841
TMEM229A,-0.010847656611291752,0.14185792055601265,9.721715e-05,0.051437695636202596,0.04950495049504951,3.692057660619115e-05,0.25286616854904215,0.09455458756654889,0.09105754229622841
SHLD3,-0.010881396213588143,0.1410908506690951,9.721715e-05,0.045490272857950535,0.019801980198019802,4.39512781823028e-05,0.25194794762338407,0.08513463416958927,0.041397868009797494
DUSP10,-0.010886406594186025,0.14097717997679954,9.721715e-05,0.049467739360847474,0.04950495049504951,4.4220756716807745e-05,0.2518949016857645,0.09149396922474873,0.09105754229622841
THAP5,-0.011001720948560369,0.13837819970504311,9.721715e-05,0.043567605485024564,0.04950495049504951,5.6339297091266577e-05,0.2475459744276263,0.08215136169394953,0.09105754229622841
DNAAF2,-0.011006172924441978,0.13827851911389127,9.721715e-05,0.04756212605207045,0.04950495049504951,4.85542130438192e-05,0.24752250234561018,0.08846024684204051,0.09105754229622841
ZNF567,-0.011055862943913062,0.1371692721006197,9.721715e-05,0.05310215001464668,0.04950495049504951,4.461123427444222e-05,0.24597000376680161,0.0971380792950854,0.09105754229622841
POU2F2,-0.011127207781982415,0.13558727211953026,9.721715e-05,0.05620062592122406,0.039603960396039604,5.607113156535138e-05,0.24389054110083203,0.10187424638288349,0.07577288341079007
LMO1,-0.011186180964482196,0.13428907316929034,9.721715e-05,0.031973811755818524,0.0297029702970297,4.052611157964764e-05,0.2421077040311725,0.062165544567372374,0.0594059405940594
OLFML3,-0.011190473391331678,0.13419491675862633,9.721715e-05,0.042753108468737616,0.039603960396039604,4.746380393379294e-05,0.24208343371971075,0.08076783715756476,0.07577288341079007
AC026585.1,-0.01121438892251922,0.13367114850662432,9.721715e-05,0.06448418605536393,0.04950495049504951,5.480962005118773e-05,0.2412836615643038,0.11521891492917916,0.09105754229622841
USP43,-0.011313182416738277,0.1315224019718832,9.721715e-05,0.03995290697477675,0.039603960396039604,4.6496629881049733e-05,0.23783436161280866,0.07605248789614863,0.07577288341079007
SPATA5L1,-0.011377065981348538,0.13014570269648984,9.721715e-05,0.05669614274327634,0.07920792079207921,5.956087266049665e-05,0.23580177159964935,0.10271040352042815,0.1337971635001338
SIPA1L3,-0.011394098026320547,0.12978034973232544,9.721715e-05,0.05336772373230593,0.07920792079207921,4.8753489068469e-05,0.23553602492255069,0.09748604544688337,0.1337971635001338
AL355816.2,-0.01144571290444166,0.12867750326363442,9.721715e-05,0.03649504762124184,0.039603960396039604,4.180440764069235e-05,0.23410097622250048,0.07013782374357817,0.07577288341079007
SMIM10,-0.01158812244594915,0.12566844604361355,9.721715e-05,0.08785704525114874,0.0297029702970297,6.860150479978756e-05,0.22974121763000646,0.14964827040773152,0.0594059405940594
ADGRD1,-0.01178725924632586,0.1215436269589435,9.721715e-05,0.049760294209169706,0.039603960396039604,5.8052292899511834e-05,0.2239747425533357,0.09197836267868706,0.07577288341079007
TSTD3,-0.011810177083602772,0.12107509650058401,9.721715e-05,0.03358245808512039,0.019801980198019802,4.522126862295689e-05,0.22324848770851385,0.06499830597120075,0.041397868009797494
CYP2C8,-0.011842732901227815,0.12041171464217965,9.721715e-05,0.05282438467488161,0.039603960396039604,5.1957345914073336e-05,0.22216183513317275,0.09680705804804206,0.07577288341079007
B3GNT9,-0.011898689103323609,0.11927749861947007,9.721715e-05,0.03695975690002852,0.039603960396039604,5.676990869729349e-05,0.2203402068093659,0.07089467436066851,0.07577288341079007
KCTD15,-0.01202998811209165,0.11664576673430377,9.721715e-05,0.04383162613014778,0.0594059405940594,4.5028700038587024e-05,0.21614410142242824,0.0824925751100485,0.10608203677510607
C2CD3,-0.012160632145817068,0.11406829490113485,9.721715e-05,0.047067948437337456,0.0297029702970297,4.55414635927939e-05,0.2122859086249408,0.08759543753846921,0.0594059405940594
AC009506.1,-0.012218732337281322,0.11293516728089492,9.721715e-05,0.06878493739072755,0.009900990099009901,4.4209293254004755e-05,0.21046623855911606,0.12174325201898682,0.022282798422377872
ZNF10,-0.01238262615370528,0.10978210966362384,9.721715e-05,0.05036003514441485,0.0594059405940594,5.1935687548226004e-05,0.2055844750255128,0.09285808569959715,0.10608203677510607
P4HA1,-0.01240237523544201,0.10940647701128237,9.721715e-05,0.043890492317663905,0.019801980198019802,4.8925175438066625e-05,0.20513714439615444,0.08250092540914268,0.041397868009797494
PGAM2,-0.012410178495573593,0.10925831171358041,9.721715e-05,0.040996804183320266,0.039603960396039604,4.909452471181058e-05,0.2049874516202259,0.07779279731180316,0.07577288341079007
AGO4,-0.0125041345142747,0.10748561934291828,9.721715e-05,0.027950688588109833,0.009900990099009901,4.2843680250015655e-05,0.20216730910893724,0.05527492799230685,0.022282798422377872
GPATCH1,-0.012573316597762766,0.10619365918624568,9.721715e-05,0.03141320688957731,0.019801980198019802,4.6048109088870014e-05,0.19998805873115946,0.06119455887579995,0.041397868009797494
PRKN,-0.01259943577453254,0.10570881798456755,9.721715e-05,0.028012106059084288,0.039603960396039604,4.1952584076512986e-05,0.19947954374937854,0.05535989339739978,0.07577288341079007
KIAA1024,-0.012601159616384942,0.10567687529601955,9.721715e-05,0.03570636562914471,0.009900990099009901,5.051672748900846e-05,0.19947954374937854,0.06873271105239283,0.022282798422377872
ADAMTS2,-0.012754778714169789,0.10285828025967558,9.721715e-05,0.014682068381626485,0.019801980198019802,3.61407662590084e-05,0.1948073489766583,0.030524050689452152,0.041397868009797494
PPP2R3C,-0.012806771090113687,0.10191681051783474,9.721715e-05,0.021470721428648358,0.039603960396039604,3.910661822019135e-05,0.19351293136297737,0.04340442337327836,0.07577288341079007
PDCL,-0.01286465589777468,0.10087603734722611,9.721715e-05,0.03516113129545126,0.039603960396039604,4.5983867591731506e-05,0.1920229137320294,0.06779138424572864,0.07577288341079007
TMEM19,-0.012882017242338017,0.1005653949730298,9.721715e-05,0.05513649172045098,0.06930693069306931,5.445494862358097e-05,0.19155313328196152,0.10039403218118235,0.11997737569486898
PGM2,-0.01304251778401988,0.09772659137656137,9.721715e-05,0.0440985636134861,0.0297029702970297,5.529354717217535e-05,0.18697689676638019,0.08278829214046203,0.0594059405940594
GABRB1,-0.013156298486881704,0.09575001815726836,9.721715e-05,0.05084456891340345,0.0594059405940594,6.359769688458732e-05,0.18366371769297,0.0935789611903131,0.10608203677510607
RIOK1,-0.013518365623188167,0.08965610875609958,9.721715e-05,0.030380107243210316,0.039603960396039604,5.22813029141634e-05,0.1740895315652419,0.059413508298325264,0.07577288341079007
TSPAN31,-0.013804685909771795,0.08504500290573375,9.721715e-05,0.013749969742402684,0.009900990099009901,4.084316677747838e-05,0.16642857711493883,0.028763133342903327,0.022282798422377872
LY6E-DT,-0.013818042786058365,0.08483431663046209,9.721715e-05,0.023210053571322983,0.009900990099009901,4.4275703326168104e-05,0.1661246409212704,0.04663774997586668,0.022282798422377872
AC092803.2,-0.013893495427184136,0.08365149930276233,9.721715e-05,0.019590632838602892,0.009900990099009901,4.1543325811477974e-05,0.16412982204596924,0.03981835942805466,0.022282798422377872
THOC6,-0.014115895556618234,0.08023718835886479,9.721715e-05,0.013834875636204275,0.019801980198019802,3.5777006129882226e-05,0.15836287176091732,0.02890294352967467,0.041397868009797494
SLC30A6,-0.014116536215870154,0.08022750736163803,9.721715e-05,0.024488261586408367,0.019801980198019802,4.9277877219326864e-05,0.15836287176091732,0.04904191238933585,0.041397868009797494
THSD1,-0.014195538392912977,0.07904046042050028,9.721715e-05,0.03190475862563121,0.0297029702970297,6.167550854823435e-05,0.1563094141473308,0.06211107401844962,0.0594059405940594
AC096667.1,-0.014212663208546467,0.07878491467139648,9.721715e-05,0.014179040650879191,0.019801980198019802,3.7441552395963637e-05,0.15590682322835717,0.029539668022664983,0.041397868009797494
C3orf33,-0.014831783038166223,0.06996066653870114,9.721715e-05,0.01822538063992646,0.019801980198019802,5.099754853617482e-05,0.14136468198660596,0.03732159858005418,0.041397868009797494
PRPF38A,-0.014885987974180911,0.0692258334257857,9.721715e-05,0.011231315018624862,0.019801980198019802,3.9122275388175726e-05,0.14022788675040992,0.023879479132441237,0.041397868009797494
TEDC2,-0.014917317852255682,0.06880382773840527,9.721715e-05,0.006662828059544191,0.009900990099009901,3.986667114230103e-05,0.1395615167107612,0.014750607883328189,0.022282798422377872
CATSPERZ,-0.015076924513317653,0.0666846906911757,9.721715e-05,0.004184323810394576,0.009900990099009901,2.9971176499683563e-05,0.1360912054921953,0.009527828688756953,0.022282798422377872
CAMKMT,-0.015094197119721825,0.0664584205126674,9.721715e-05,0.011831814666642066,0.009900990099009901,4.23959740093848e-05,0.1357217573437728,0.025032047954813962,0.022282798422377872
SUFU,-0.015169889069032058,0.0654738637111446,9.721715e-05,0.008598875787569222,0.009900990099009901,4.186692900789991e-05,0.13398471427928635,0.01870041378937474,0.022282798422377872
WDHD1,-0.015341083657274103,0.0632888134799577,9.721715e-05,0.02178152962926479,0.009900990099009901,5.3979342600432906e-05,0.1299564958520692,0.04394390644774336,0.022282798422377872
ATAD3B,-0.01549304890376083,0.06139714576266681,9.721715e-05,0.017963109095515184,0.019801980198019802,5.3622826886743975e-05,0.1270285774400003,0.03680964978589177,0.041397868009797494
EMX2OS,-0.015769060195042917,0.0580746286110539,9.721715e-05,0.028376673974640023,0.039603960396039604,6.925339570744488e-05,0.12141037340290013,0.05596977115313614,0.07577288341079007
GMEB1,-0.015770177022499318,0.05806147758404493,9.721715e-05,0.015573313144843812,0.009900990099009901,4.872661896304957e-05,0.12141037340290013,0.03226515154318469,0.022282798422377872
ARRB1,-0.015895766352795028,0.056597490255713576,9.721715e-05,0.010151170077238385,0.0297029702970297,4.440013984345176e-05,0.11881908381185495,0.02176805591973921,0.0594059405940594
UBE3D,-0.015941124269519838,0.056075961719901014,9.721715e-05,0.018271666658374378,0.009900990099009901,4.839182198483261e-05,0.11797186897594884,0.037390859464613325,0.022282798422377872
CRISPLD1,-0.016310355066765363,0.0519703048040963,9.721715e-05,0.0041270016189969855,0.009900990099009901,3.665957938419713e-05,0.11018439181080487,0.009410421814104892,0.022282798422377872
KANSL1-AS1,-0.01649063777198462,0.05005433712486209,9.721715e-05,0.009889352343967225,0.019801980198019802,5.2930974701278886e-05,0.10657417414803852,0.021236977116608213,0.041397868009797494
USP35,-0.016739503867728,0.047502503200822,9.721715e-05,0.008955433047190925,0.009900990099009901,5.0552916289771596e-05,0.10179107828747572,0.019398049921713196,0.022282798422377872
KDM4C,-0.016743473529111395,0.04746265965600916,9.721715e-05,0.00634967146023565,0.009900990099009901,4.6545943276717385e-05,0.10179107828747572,0.014141807261103898,0.022282798422377872
WDR77,-0.017185629138406384,0.04318968237976278,9.721715e-05,0.002305341830235079,0.009900990099009901,4.236843914864711e-05,0.09375473743797998,0.005441404792057621,0.022282798422377872
USP45,-0.017275465682504782,0.04236067748876313,9.721715e-05,0.01101021369406442,0.009900990099009901,5.6562223346451846e-05,0.09234576486769294,0.023459262132239533,0.022282798422377872
RBM45,-0.017521668266603792,0.04015455883390247,9.721715e-05,0.0016846778792680502,0.009900990099009901,3.7516061689639804e-05,0.08786555543523515,0.00403676808131322,0.022282798422377872
BAG2,-0.01845873656462235,0.03259638995546833,9.721715e-05,0.003147505735143067,0.009900990099009901,3.690138693967569e-05,0.07319548642694984,0.007308449849403407,0.022282798422377872
NHSL1,-0.01855347655695452,0.03190232033910538,9.721715e-05,0.0029392191118243873,0.009900990099009901,4.21312028804438e-05,0.07174434858869276,0.006846007248038169,0.022282798422377872
CNPY4,-0.019003401063873465,0.02877077723422412,9.721715e-05,0.0022453416350435448,0.009900990099009901,3.782525441130993e-05,0.06528920703681722,0.005316515315809498,0.022282798422377872
C1orf131,-0.019574110001366343,0.025170423439774842,9.721715e-05,0.0029161832041610966,0.009900990099009901,5.379406558480921e-05,0.05790741588905256,0.006797629846529363,0.022282798422377872
MTMR3,-0.020260978897153933,0.021345560717492246,9.721715e-05,0.00037357882357302164,0.009900990099009901,4.049911009787236e-05,0.04991167743762801,0.0009628320195180969,0.022282798422377872
WDR37,-0.023130395037748167,0.010231758800158874,9.721715e-05,0.0011657390205132806,0.009900990099009901,5.8170359067412095e-05,0.0254488731819995,0.0028351067546877173,0.022282798422377872
BRIX1,-0.029138227475013028,0.0017109133459169018,9.721715e-05,5.02881937458869e-06,0.009900990099009901,4.631330068054732e-05,0.00479695330630907,1.5300667468322586e-05,0.022282798422377872
